codvehiculo;fechasalida;bastidor;matricula
1;23/02/21;VF30U9HZH9S263321;AK204RL
2;21/10/20;ZFA24400007428162;8787DJG
3;04/02/20;KNEFC524135234550;
4;04/02/20;KNEJA5555Y5459099;MA6324DF
5;19/07/21;ZFA26300009006197;8643GXG
6;11/01/23;NKEJE55255K015522;1574DLF
7;13/07/21;W0L0ZCF3541043349;LEV343A
8;29/05/23;JMAXJCW8W7U000494;NV07TMV
9;25/06/21;WV2ZZZ7HZ5H044922;W3774YP
10;25/02/21;YS3EF55W673517822;2874FPY
11;30/06/21;JMZBL14Y201205332;4731GYJ
12;03/05/22;1C8FYN8U14T323368;6513FSX
13;26/01/22;JN1TANZ50U0007239;6371GHK
14;11/06/21;VF3AJFHZ0A8087209;NY60FBU
15;08/07/21;KMHNM81XP6U193942;4829DXV
16;17/06/20;1GBDM19W1TB117795;7235GNZ
17;29/11/19;W0L0ZCF6971016313;1360FSD
18;04/02/20;WAUZZZ4BZ1N011882;5821DFF
19;24/10/19;VF33ERHYB83875173;XA17GLO
20;04/02/20;VF3EBRHTB13039517;5669CLS
21;29/06/21;VS7VDVJ0001VJ7660;O5670AG
22;25/03/21;VF36DRHRH21031672;PARKING
23;05/07/21;JN10RGZ32U0010938;L373GYX
24;04/02/20;VSA63819413415376;4155DRY
26;04/06/21;VF7NC9HP0CY603122;
27;24/06/20;W0LF7BCB65V615572;
28;25/06/21;WBAFA51020LT44945;
29;05/10/20;KMHBT51GP3U012233;7199CKT
30;01/06/20;WF0TXXTTPT5J25314;
31;17/10/19;VF1C0630512946896;MA1614BT
32;13/09/21;WDB2110161A194185;9674FMK
34;29/11/19;VF33C9HYB84135734;1389DMP
35;21/10/20;KMHBT51GP4U122392;1179CPT
36;21/10/19;W0L0XCF06B4116853;0471HFK
37;29/06/21;YV1TS793231312918;0597CFR
38;29/06/21;JMZGY893731106987;9394CBG
39;11/06/21;WVWZZZ1KZ7M147332;9248FWS
40;04/10/19;VSSZZZ6LZ6R525751;2016DXP
41;24/06/20;WDB2100171A298425;9702BKV
42;30/09/20;WDB2100161B115884;0370DVB
44;02/06/22;VWAL3524XXA412636;B4474VU
45;17/07/19;VSA63807413162708;MA3696CN
47;21/10/20;VF3WC8HZC33429449;4903FFX
48;24/06/20;W0L0AHL4868024431;9437DXG
49;28/06/23;WVWZZZAUZJW018002;DV56PLU
50;18/04/24;WBAYC81080DD27892;KAF740
51;22/01/21;SALL0HM68WA147892;
52;02/07/21;JN1TANT30U0018615;CX213FV
54;30/04/21;JSAFTD62V00154803;6444BSV
55;04/10/19;W0L0SDL0876037562;
56;08/07/21;WBAVA71050KR40340;56RLSF
57;13/10/20;WBAAL91040FS20525;9951CHT
58;30/06/21;VF1BZ0B0642075015;HN59ODW
59;21/01/20;VSSZZZ1MZ2R008999;2129BMT
60;21/01/20;VSSZZZ1MZ4R004565;3190CKK
61;24/10/19;VSSZZZ6LZ5R121041;9216DFX
62;30/04/21;WBAFA52060LM55304;M444ROK
63;06/09/21;VF1JLDCA66Y165084;5357FGK
64;29/06/21;YS3FF46V361005031;WL55FUP
65;04/02/20;SAJAF52T656E61879;0205DKR
66;19/01/21;MAT4030766NL00816;4969DXH
67;08/07/21;WF05XXWPD56B23153;5553DNM
68;07/07/23;VS5B37300J0101962;MA3580AM
69;04/02/20;WVWZZZ1JZ3W337897;3935GYZ
70;24/06/20;VF1F9C1LH37143142;
71;22/02/19;;
71;21/10/20;SAJAF51TX46D81341;4019CRL
72;04/09/24;VSSZZZ6KZ2R092488;9785BNN
72;21/10/19;VF7GB9HWC94325536;0450FNH
74;21/10/20;VF1G40BM518566894;SE6243DC
75;30/06/21;1FMDU34E9XZB85759;G3443C
76;22/01/24;SAJAA01L31FM01410;3501BLF
77;13/10/20;SHHEP24402U014481;1836JWS
78;25/06/21;SAJJHALD4AK657679;M7341MY
79;18/06/21;JT164ATL000085173;7661DRP
80;22/03/21;SAJAC01M91GM33128;E051ERZ
81;31/03/21;SAJAD52M42XC45646;G5025E
82;08/07/21;ZFA35000000150447;DE-236-AA
83;29/03/19;VF33C9HYB84024107;3183DLZ
84;24/10/19;VSSZZZ6LZ3R234238;8860CHT
85;24/09/19;4JGAB54E82A302145;FB5LATK
86;25/02/21;VF7UARHJH45186272;9201GCV
87;25/02/21;VF1JK04DC41240640;AA397AR
88;21/10/20;;
89;23/03/21;VF33BNFUC84632548;6660FCH
90;13/02/20;SJNBCAP12U0047737;
91;17/02/20;WDB2093162F086333;GV53PBU
92;17/07/19;SARRFMNBM3D722522;0942CLP
93;13/10/20;ZAR96700003296270;6084DSV
94;30/04/21;TSMMZC1150020058;1891GMM
95;27/06/19;ZLA84000001283283;AX321BY
96;16/10/20;WBAAP91050JH85441;0277DTS
97;04/02/20;KNEJC521845296436;4953CXZ
98;17/07/19;WF0PXXWPDP8K78245;4299GGK
99;31/01/20;JMMCL75403C213885;9506CKS
100;04/02/20;;0477DKH
101;08/07/21;WBAWA72030PG79430;CK07OEV
102;03/04/20;VF1EA080524212394;
103;08/07/21;WAUZZZ8E02A195657;0887BST
104;24/06/20;VF622GVA000111321;
105;18/02/20;KMHJG31FPWU074266;MA1926CG
106;31/03/21;VF7DCXFXF76030957;4406BGL
107;05/02/20;SHHEP43503U100679;1386CJX
108;11/07/19;SHHEP23801U005830;RF5IDXV
109;11/07/19;VF3GJWJYB95220656;3557FCY
110;27/06/19;ZAR93700003118850;
111;03/02/20;WBAAT71000KR03673;9159BXP
112;03/01/20;KLAJA19W1TB426876;
113;01/07/19;ZFA18200004199057;M1459TP
114;11/12/19;U5YPC814AEL460505;
115;25/07/19;VF1CB0A0F20602028;MA8272CU
116;11/09/19;JHMEJ854XVS003298;6100BMX
117;04/02/20;SALLPAMJ4TA336837;M0868TK
118;23/08/19;VF7N1DHYF36548303;J3995
119;11/07/19;KL1SF48TJ7B689857;3007FCX
120;19/01/21;WDB2110761A223267;0187FRH
121;23/08/19;VF31CKFXT52104385;MA5380CH
122;11/07/19;WF0UXXGAJU3S86042;7537CLR
124;30/09/20;ZLA84300003188185;6303GCY
125;11/07/19;W0L0SDL0876108777;4528FPT
126;21/10/19;VSSZZZ6KZXR234718;MA3327CS
127;27/06/19;WVWZZZ7MZ6U013177;2566JVB
128;01/07/19;WF0BXXWPRB4B84104;7769CSC
129;27/06/19;WVWZZZ1JZXW731321;MA2005CU
130;19/01/21;JSAFHV51500106630;8164BYG
131;27/06/19;VF33CRHYB82151526;5543BMY
132;02/10/19;VF33HNFUB83510706;4121CVV
134;23/08/19;WF05XXGBB52U38299;2912BXW
135;23/08/19;TMBNS46Y513186980;4228BKN
136;27/06/19;WF0AXXWPDA1A88575;2878BNW
137;23/08/19;WBABP720X0EM27051;HT5IZCV
138;03/04/20;WDB1704471F015470;1901CMY
139;04/02/20;WDB1680331J358153;
140;19/01/21;WBABM31070JH65099;9614DHD
141;24/06/20;WAUZZZ4F65H050707;DW192YH
142;24/06/20;KNEDE244266081076;6922FCB
143;04/02/20;WAUZZZ8E46A194923;RK06WKO
144;19/01/21;WDB2112061A734717;6127FXY
145;30/04/21;WBANA52030B564580;RF53NHX
146;23/08/19;WBAVG92000VG68029;
147;04/10/19;WDC2030462R242376;
148;09/04/19;VSSZZZ6LZ4R146650;
149;24/06/20;VF1BG0D0B29155303;
150;04/02/20;ZFA19200000486867;8193DHJ
151;04/02/20;VF1BR2HAH47464137;CJ166MF
152;01/07/19;VF7CH6FZC38988953;2577BJB
153;24/09/19;JHLR01750WC206027;MA7900CH
154;27/06/19;WDB1241301A762330;GR4268AX
155;14/02/20;WDB2020181A075142;
156;17/10/19;VF1KMSEC638390766;8177FVM
157;01/07/19;KLATF48C12B716497;3121BTJ
158;21/10/20;WF0HXXGAJH5M02982;0828DJP
159;27/06/19;VSSZZZ6KZ1R250087;3209BHC
160;30/06/21;ZAR91600007000031;3261HFB
161;08/07/21;SAJJHALD3BJ768843;
162;17/12/19;WF0AXXGBBAVM53659;O3629BY
163;19/01/21;KL1NF356J7K588965;9892GDZ
164;04/02/20;JHMBB32400C002332;K3I2VFX
165;22/01/20;KL1SF48TJ6B587805;2452DXY
166;03/02/20;SALLNAAB8YA557634;4296DGC
167;27/01/20;KL1NF486J6K360042;7176FFD
168;04/02/20;JHMGH3750YS200801;MA0273DC
169;04/05/21;WAUZZZ8ZZ1N005868;
170;30/06/21;SAJAC02N55JN49815;LG55LFU
171;10/02/20;VF1JMRG0631707120;3803DBH
172;22/01/21;VF3AA8HSC94884124;8895GNZ
173;10/12/19;W0L0AHL3562112743;
174;15/10/19;VF1CB0FBF24497103;5601
175;07/01/22;UU1KSD0KJ37466829;8827FRR
176;04/09/19;VF1C0635P13657492;MA4179BV
177;30/09/20;ZFA19800004300784;0167GZL
178;04/10/19;WVWZZZ1JZYB100698;
179;19/01/21;JMZCA12A201215609;SS8706AY
180;10/12/19;VS6AXXWPAASD42617;MA4836BT
181;05/03/21;ZFA19200000146384;0379BVW
182;09/04/21;VF7LC9HYB74284729;4518DPS
183;18/02/20;KMHJG31RPWU099172;A9919DL
184;20/06/19;VF32AWJZT40090483;MA4707CN
185;29/11/19;VF7N1RHZB73841711;5627CSN
186;19/04/24;VF38D4HLACL028660;9083HJX
187;20/06/19;VTTCN111100107445;4661GWN
188;20/06/19;VGALW2AAADS008459;9959HTG
189;21/10/20;VF77N9HTCBJ728154;7099HFW
190;21/10/20;VF7RCRHRH76791747;1206FMR
191;08/07/21;W0L0XCR975E040401;P2109BCX
192;21/10/20;VSA63817413010034;5003FSL
193;18/02/22;KMHSC81VP2U159864;7264BRJ
194;28/06/21;KMXKPE1CP1U416350;8352BKC
195;19/01/21;WVWZZZ1YZ4M326845;6388CRD
196;19/01/21;WDB2201752A245500;RD51DCD
197;23/08/19;ZFA22300005351018;WN550BE
198;26/10/20;W0L0ZCF3571085700;
199;17/07/19;ZFA175000P0018379;
200;27/06/19;WF0MXXGCDM5U48470;0349DMH
201;04/02/20;PL1CF1SNR1F036054;YR02NBO
202;04/02/20;WF0MXXGCDM4G10379;8379CYX
203;30/06/21;ZFA18300000010105;3605DPB
204;22/01/20;YV1VW1223WF155717;G86877
205;25/06/21;MMBJNK7403D031660;7144CFS
206;17/07/19;1C8GYB2BX1U127963;
207;24/06/20;VF1BB05CF26250359;
208;18/03/20;JMBLYV78W1J010117;1BYC866
209;29/06/21;JMA0NV460VJ001552;P952KWL
210;04/02/20;JSAERD31S00100828;0729CCK
211;20/11/19;W0L0TGF75Y2269306;3846BDS
212;04/02/20;W0L0AHL4858006465;9172DDG
213;25/07/19;TMADC51CAAJ113328;1552GYH
214;04/02/20;KPTN0B1FS6P030700;9387DYM
215;11/07/19;WVGZZZ1TZ5W187576;1761GNN
216;04/02/20;KNEJC524585796225;2000FYB
217;04/02/20;JT164DEB000006729;1231BGK
218;03/05/21;NMTBW28E70R019563;9451DJH
219;10/02/21;WME01MC01YH066284;MA0580DF
220;10/12/19;WME01MC01YH102562;0453BFL
221;30/06/21;SJNFAAE11U2114131;7377HCN
222;08/07/21;1C4GYN2M9VU129312;6388CJH
223;29/11/19;1C4GYB2R0WU541565;5077DKN
224;23/05/25;1GNDT13S222186750;3343BNW
225;10/06/22;JF1GC8LD3TG049526;MA1897CF
226;21/10/20;WBACH31010LE63902;VD219740
227;08/07/21;JT153JSG000150039;KF5IZPJ
228;04/02/20;SARRJZTLZ20224252;1726BSR
229;24/02/20;SARRFLNMR2D663059;0773BXL
230;20/11/19;SARRFXNNN5D795548;9628DDJ
231;04/01/22;WMWRC32090TG71484;RA55OTG
232;27/12/19;VF7X1RHYF72348334;7433BTK
233;11/07/19;KNEUP752256622798;0800CZN
234;11/07/19;KNEDC241246200789;9670CSW
235;24/06/19;KMHHN61DP5U155518;5462DNP
236;11/07/19;KMHSC81DP3U427150;3997DKV
237;08/07/21;KL1KF484J8C410439;9607FYP
238;11/07/19;KNEGC2222V5607333;
239;19/01/21;XMCLNDA2AVF014950;414V
240;29/06/20;KMHCGS1FP1U089226;
241;08/07/21;KNEBA24326T212545;
242;24/06/20;W0L0TGF75X2217854;
243;21/10/20;W0L0AHL0865085452;
244;29/06/20;KLAJF48612K786130;
245;08/07/21;4MBMND32AVE001342;2406HDS
246;08/07/21;;W812UDW
247;19/09/19;ZFA19900000303823;1153FTG
248;09/04/21;VF7LC9HXC74618951;2336FLL
249;15/10/19;YV1LS5J06N2027117;M3807NP
250;04/02/20;VF7LC9HYB74361181;7974DXS
251;05/02/20;WAUZZZ8DZTA087932;MA8848BV
252;04/02/20;VF7JMNFSC97228875;2211DLL
253;04/02/20;W0L0TGF35X2044744;NA9447W
254;01/07/19;1C3ESN7A1WD609258;MA9649CJ
255;12/03/20;W0L0VBF69X1043093;MA7571DB
256;10/12/19;ZFA18800004792035;6725CTD
257;19/09/19;VF1CRA60A460B7705;HG6IAGU
258;21/01/20;ZAR93700003192371;3404CRT
259;21/01/20;ZAR93700005039159;0474BRY
260;03/07/19;VF1LM0C0H31843576;1195CYC
261;24/06/19;VF1EM0C0H34343218;0164DNF
262;24/06/19;VF1EMRG0633078930;GK05VWV
263;18/09/19;ZFA18200004741402;MA7482CM
264;23/06/20;ZAR93200000023711;M4179VT
265;30/01/20;ZAR93600000097091;
266;19/01/21;VF1BGRG0632139860;9230CZM
267;11/07/19;VF1CR1G0H39027228;CN401XP
268;19/01/21;WDB2084651T035478;G6687C
269;17/11/20;WDB2083471F063737;3195BNB
270;24/06/20;SJNFDAP11U0461135;MA8350CZ
271;04/02/20;SAJJPALG4BJ767924;N896BAL
272;19/05/21;JT171SC1000218150;A5513EG
273;17/10/19;SARRHWLCPAM119157;M7773OZ
274;27/06/19;SARRJSLHP30258312;8046CCG
275;25/07/19;SARRTSWBN5D649568;8290DFH
276;24/06/19;SARRTZWWRXD373719;CR2289X
277;11/07/19;SARRFMWXNYD462621;GR2695AW
278;25/07/19;VSKDEVC23U0901038;MA1800BT
279;04/02/20;VSKDEVC23U0102366;MA3147CV
280;11/07/19;SJNFBAK12U3224491;
281;19/01/21;XMCLNDG3A3F038157;6207CSF
282;23/03/21;SJNFEAP12U0053807;OW02FTZ
283;19/01/21;SJNFAAP12U0231464;4725DGH
284;25/10/24;WAUZZZ8BZKA012652;MA6071AY
285;24/10/19;1C3ESA7C7XD124196;4177CBD
286;01/07/19;WVWZZZ1HZPW296912;9119GLM
287;23/06/20;TMBEEF613X0114435;MA8682CP
288;04/02/20;VSSZZZ6HZ1R011233;4424BFY
289;04/02/20;VF0HT61L9X5212976;M3753XT
290;11/07/19;VF7MFWJZF65657358;2435BNB
291;25/06/21;W0L0ZCF6828101161;4397CNG
292;19/01/21;ZFA175000P0058989;MA9006CT
293;11/07/19;SJNFAAP11U0158081;MA1971CP
294;05/11/19;W0L0XCF6824219289;8309BWM
295;11/09/19;VSX000093N4262388;MA6829BF
296;22/10/19;KLASF48T14B108854;7380CRW
297;17/10/19;W0L0ZCF6828103067;3733BZF
298;04/02/20;W0L000054R2730393;9353FJV
299;09/11/20;TW2KXXCPVKSM34418;A4348CW
300;20/11/19;W0L000087R1003064;MA0727BL
301;11/07/19;W0L0AHL4858158711;4851DNM
302;01/07/19;W0L0JBF6817093543;FP51JJL
303;08/07/21;W0L0SDL68B4177432;9952HBS
304;02/04/20;W0L00005655319250;0606CFD
305;11/07/19;KNEDC243226059003;3825BSJ
306;04/10/19;W0L0JBF19X1153045;MA8766CV
307;04/10/19;W0LFXB3258M104136;6647GFL
308;04/10/19;W0L0XCE7544041674;3615CML
309;20/06/19;W0L0AHM756G128597;8839FBL
310;16/02/21;W0L0AHM756G123978;8155DZR
311;20/12/19;W0L0SBF08Y4205625;MA7131DB
312;24/06/20;KLY4A11BDXC032747;MA6003CM
313;24/06/19;W0L0SBF08Y4212257;MA5047DF
314;24/06/19;W0L0JBF6817001411;2116BBG
315;03/07/19;W0L0TGF0815106167;4459BFD
316;24/06/20;W0L0SBF08Y4288878;MA1719DC
317;08/04/22;WVWZZZ6RZDY206806;6459HRL
318;24/06/19;W0L0ZCF6931016154;4159CDK
319;01/07/19;KNEFB2222Y5617579;MA8746DC
320;04/10/19;W0L0SBF68Y4267717;MA5135DC
321;20/09/19;W0L00005152684285;MA0652BT
322;04/10/19;W0L00007354211250;MA7522BU
323;10/09/19;W0L000056S5215547;MA6459BT
324;10/02/20;VF1CB0J0E23829179;7351BGL
325;10/12/19;WDB2011221A318563;MA5055DF
326;07/01/21;SJNFDAK11U4097710;7628BKC
327;30/12/19;WBACA61060FJ90456;MA1552BT
328;04/10/19;VSS021A0009019572;S/M
329;24/06/20;WF0FXXGAGFLS72217;MA7639AW
330;08/07/21;WF0GXXTTPG5R32371;3488DVL
331;08/07/21;VF36ERHRH21534235;9909FGX
332;11/07/19;W0L0TGF7542126271;3646CTK
333;04/02/20;KNEBA24324T029629;4210CZB
334;11/12/19;KLANF48715K052933;8647DBT
335;20/06/19;W0L000078T4365823;MA9969BX
336;05/06/19;WMWMF71070TU87457;
337;22/10/19;WF0FXXGBBFWG5565G;MA1427CT
338;01/07/21;JTNML11090J059552;3264HCC
339;11/02/20;WF0AXXWPDA3K01924;5712CGD
340;20/09/19;WF04XXGBB4YY40033;8595BDY
341;24/10/19;WF0DXXGAJD6G71708;7712FLF
342;11/07/19;WF0DXXGAJD7P48340;8537GBC
343;11/07/19;WF0NXXWPDN3J27609;4364CMG
344;11/07/19;WF0AXXWPDAYA69187;MA9544DB
345;08/08/19;WF03XXGCD34S34013;3795DGP
346;13/10/20;ZFA14600008420091;MA8710BT
347;11/07/19;WF03XXGCD35A59451;8947DPL
348;11/07/19;WF05XXBAJ5TT48826;MA9583CG
349;24/06/19;WF0AXXGBBAVK36047;MA2250CH
350;15/01/21;KNEFC523115077353;7627BKP
351;29/06/20;WF05XXGBB55C58820;4552DTM
352;11/07/19;WF0AXXGAJAWT64225;CA2581BJ
353;24/10/19;WF05XXWPD56B09103;5900HFC
354;08/07/21;WF0DXXGAJD5D69297;4826DWG
355;20/06/19;WF0AXXWPDAYS09623;4432BCT
356;05/02/20;JF1BC7DL0EG063551;MA6138BY
357;24/06/20;VF1C0660E15773796;MA6885CB
358;23/08/19;WF04XXGBB41U20463;8635BGZ
359;15/01/20;WF0BXXWPRB7C87986;1554FMK
360;01/07/19;WF0AXXWPDA2G18758;4991CGC
361;11/07/19;WF0BXXGAJB1D46904;7562BST
362;10/12/19;VF32HNFUF41587030;3113BHN
363;01/07/19;VF7N1DHYF36976055;2879BBN
364;11/07/19;VF7N1DHYF36828550;6318BDG
365;01/07/19;VF7N1DHYF36335748;MA8285CL
366;27/06/19;VF7CHRHYB39659380;2930CRP
367;05/11/19;VF3221DH212514930;7035HPN
368;17/07/19;VF33CRHYB82041624;Y174WGK
369;02/01/20;VF7CHRHYB38983993;3377DFJ
370;15/10/19;VF7FCKFVB27158289;2466DCB
371;20/09/19;VF7S0VJZF56437221;MA5926CG
372;20/06/19;VF37CWJZT32612431;MA7961CN
373;14/05/19;VF32CKFWF41249608;2364BCV
374;20/06/19;VF7CHRHYB39023447;9637BLK
375;09/10/20;VF7DERHZB76313280;0286BYH
376;04/02/20;VF7MFWJZF65277943;2871BPV
378;05/07/21;JF1SF5KJ4YG040793;X84IMSP
379;20/06/19;VF31AHDZE51883714;MA5134CF
380;13/10/20;WF0GXXTTPG5M58340;3324DMB
381;19/01/21;VF1C4010508074827;MA7797BF
382;01/07/19;VF1BB2DEF31354032;2085CTP
383;20/12/19;VF1JA0N0518810828;MA6139CM
384;03/07/19;ZFA18800000775583;9930DPH
385;18/09/19;ZFA22300005033353;3514BTJ
386;07/07/21;ZFA22500000008254;6659GCL
387;24/06/20;ZFA19200000154951;4964BYC
388;24/10/19;VF1JM02053130B213;0694CVB
389;03/10/19;VF7GJWJYB93367238;0366FGV
390;29/07/19;YS3DF55D1Y2001675;MA1642CW
391;19/01/21;VF7231A3215762378;V557HBR
392;04/02/20;WVWZZZ5ZZ60005485;8270DWX
393;30/09/20;VF3232B9201512175;6659CWP
394;04/02/20;WDB1680321J537383;6538JGF
395;24/06/20;WVWZZZ1HZPW053629;M2538NY
396;14/02/20;WDB2020181F320674;
397;08/07/21;2C8GM68404R642516;20RZTN
398;04/07/19;WVWZZZ1HZPP705378;M0999OU
399;24/06/20;WF0AXXWPDA4R30039;0884CTX
401;15/10/19;WVWZZZ6NZYY613594;MA1697DC
402;29/06/21;YV1TS7202Y1146791;CA4419BS
403;29/11/19;WVWZZZ6NZVY033980;GR8257AL
404;21/10/20;W0L000033M2735833;MA2496BB
405;21/12/19;VF1FC0NAF24083733;7813BGY
406;02/10/19;VF1JA0F0517605388;6751GZK
407;24/06/20;WF0AXXWPDA2Y78886;9617BYP
408;31/03/21;KMHJF31ZPXU740766;O8317BZ
409;11/09/19;VF7VDPG0016PG1967;6351BBL
410;19/01/21;VN1U9CCK520456660;MA8763CY
411;01/01/1;WBACJ51040AS08251;CA9649AY
412;29/06/20;WF0WXXGBBW1D04483;JSW481
413;04/02/20;VF1BMRF0531048471;5784CVV
414;29/07/19;ZFA18700000221763;MA4930CN
415;11/09/19;VF1F40R0516771646;SE8820CW
416;10/10/20;WF05XXWPD56B23150;0556FHM
417;29/06/20;VSSZZZ9KZ1R009315;8184BCS
418;04/02/20;WVWZZZ1HZRW087661;6459CDG
419;24/06/19;VSSZZZ6KZVR208980;M5363VB
420;16/01/20;WF0FXXWPDF3Y47860;5086CKY
421;22/01/20;ZFA22300005322651;2987DKK
422;24/06/19;WF0AXXWPAAWU40346;MA7153CN
423;10/12/19;WF0FXXWPDF1D80347;2309BVL
424;29/06/21;1C8GYB2595Y507126;3137CYK
425;29/11/19;YV1LW5502W2416616;MA1114CN
426;10/12/19;TW2KXXCPVKTS41749;CA7423BB
427;11/07/19;VSC20AK2223491516;MA8554AU
428;19/01/21;WBACG110X0KD00632;6985CVW
429;19/01/21;WDB2037061A453065;9425CWV
430;26/12/19;VF7N1RHYB73007313;3422BCG
431;22/01/20;VSSZZZ6KZ1R048811;MA8296DD
432;11/04/23;VSSZZZ6KZXR197310;MA7183CS
433;17/02/20;VF7N1NFUB73184382;1460BHY
434;18/09/19;VSSZZZ6KZ1R039558;0984BNN
435;19/01/21;SARRFYWES1D587488;4528BJY
436;24/06/19;W0L0TGF4845016629;8209CMC
437;24/10/19;VF7MFWJZF65245542;MA1845CN
438;11/09/19;VF7S1KFWB57554014;1028BMW
439;07/10/20;KNEUP751246545521;KLE22W
440;09/05/19;W0L000056VS176044;GR2190AM
441;29/11/19;W0L0TGF75Y2091570;MA7674CX
442;04/02/20;YV1965956N0007550;KALT187
443;29/06/21;WAUZZZ8K9DA064154;5204JGT
444;09/05/19;WF0BXXWPRBVD29491;MA7156CH
445;27/06/19;ZCFC358100D249494;2683DBD
446;30/09/20;VF1BMRG0633243268;8560DJB
447;08/04/20;VS6AXXWPFALR66562;MA0384AZ
448;13/02/20;VF38BRHZF81671144;9978CYW
449;21/10/20;VNVF3CUH6UB007824;8815FDV
450;21/01/20;ZFA18600002001146;3668BXJ
451;19/06/23;VS7VDPG0052PG9140;MA9183AV
452;30/09/19;VF32CKFWF41624942;6462BLN
453;29/04/21;WDC1631131A277880;
454;15/04/21;W0L0AHL4888088410;4311GDB
455;10/05/19;VF31AHFXF52565679;W466RLC
456;27/06/19;NMTEW28E60R023830;1203DYZ
457;19/01/21;ZFA27000064032126;0561FNN
458;26/12/19;VF7N0NFUB73656828;2901BZY
459;20/06/19;VF7N2RHYF36709504;B9909VX
460;30/12/19;VF7LC9HXC74556466;2618FHH
461;20/09/19;VF32CHFZE40608145;B2400WF
462;08/07/21;VF34C5FWC55085321;BF474RF
463;20/06/19;VF33HRFNC82450608;2072BXH
464;24/10/19;VF7CHRHYA38837541;MA9412DD
465;04/02/20;VF7DC6FZB76413077;2347CGP
466;10/12/19;VF7X1RHZB72408006;0683BDY
467;02/01/20;VF7VDWT0000WT2648;5512BHV
468;18/11/19;VF7VDPP0017PP2529;MA2029CK
469;20/09/19;VSC3AG1A210166338;M8745KY
470;15/12/22;W0L0XEP68G4165973;3235JMH
471;12/11/23;VF7N1NFUB73630307;4583BYL
472;20/06/19;VF37ERHYE33176886;7886BFB
473;05/11/19;VF36DRHRH21462740;8159DYH
474;20/06/19;VF7DCRHZB76460514;4539CNK
475;20/06/19;VF38BDHXE80537381;MA1974CK
476;20/06/19;VF7N1NFUB73747804;1485CHS
477;17/07/19;WF0GXXPSSG1E02532;1319BVJ
478;04/10/19;ZFA19200000334291;3232CRB
479;10/01/20;WF0NXXGCANVE37141;FCP750
480;24/06/19;WF0FXXWPDF1A83072;4423BLZ
481;11/07/19;WF0BXXGCDBXE89925;MA4231CX
482;05/12/19;WF0AXXBAJAVU68679;MA5035CC
483;29/06/20;WF0AXXWPDAXT49786;M9679YS
484;22/01/20;WF05XXGBB52S44327;DS141PZ
485;11/07/19;WF0DXXGAJD5P21515;7175DSF
486;29/06/20;WF0CXXGAECXJ06309;MA7198CW
487;02/10/19;WF0BXXGCDBXD51889;7604HGJ
488;11/07/19;VF7S0HDZF57126955;MA7767CY
489;10/12/19;VF32HRHYF43328245;9725CKH
490;20/09/19;VF32AKFWF42339571;2981BTV
491;11/07/19;VF32DRFNF42533798;6411BYF
492;10/12/19;VF32DNFUA44559510;5030DKM
493;13/01/20;ZAA15600006206352;MA9292BM
494;17/05/19;VF35CWJYF60334688;0801BDN
495;07/01/20;WF0AXXGAJAYR06752;MA4909CZ
496;29/03/21;W0L0SDL6884495060;9673GHF
497;30/04/21;VSK0KY260U0572889;KIFF420
498;24/06/19;VS7N2C30007C33894;M1411SU
499;24/06/19;W0L0TGF48Y5242050;MA5477DD
500;08/07/21;VF37N9HXCAJ682640;XD96698
501;15/05/20;WV1ZZZ9KZWR518195;ZKA13510
502;20/04/21;VF8JE0HL517450500;CP041ZW
503;04/02/20;ZFA17600002557988;MA3670CH
504;24/06/19;ZFA17600004499774;M9028UY
505;29/06/20;VF1DA050526237393;2767BSY
506;15/01/20;VSSZZZ7MZWV504991;MA6242CF
507;15/10/19;VSSZZZ6KZWR112906;MA0648CJ
508;29/06/20;VF7N1WJZF36525530;MA9977CV
509;16/01/20;WF0FXXWPDF1K42987;1330BPF
510;24/06/19;VSSZZZ6KZYR172188;7060BPL
511;05/02/21;WVWZZZ3BZYE187020;V708DFH
512;24/06/20;WDB1241251A808961;
513;24/06/21;JMZEC13C200223337;M7589WH
514;04/02/20;SJNFAAK1100316598;MA4513BS
515;29/06/20;YV1964956T1092696;SA5747P
516;30/12/19;VF32AKFXE40028689;MA8391CM
517;18/03/20;VF7MCWJZF65465305;MA7485DB
518;10/11/20;YV1RS799242356319;1178CTX
519;24/06/19;W0L000056R5168256;MA2103BM
520;04/02/20;W0L0TGF0815045430;9390BCK
521;22/10/21;WF0LXXGBFL2B47772;BG52NDE
522;31/03/21;WF0CXXGBFC2A21936;3057CHP
523;13/04/20;WVWZZZ3BZYP036993;T9033AZ
524;21/10/20;WVWZZZ3BZWE252716;47448
525;04/02/20;TMBNF46Y623392296;4248BPT
526;04/02/20;WF0FXXGAGFLG84754;1124GSL
527;24/02/20;VF1CB07CF29602602;BL943QH
528;31/03/21;WF0AXXGBFAYR20427;1409BHY
529;05/02/20;TMBCG41U932797035;6637CLD
530;23/06/20;VF1B56G0521202516;MA4635DC
531;25/02/21;YV1NC48K21J022242;01D120226
532;03/07/19;VSSZZZ6LZ5R201413;0225DLM
533;27/06/19;WVWZZZ7MZTV013106;1926DDT
534;24/06/19;VSS028A0000154237;MA7197AP
535;25/07/19;WVWZZZ1HZVW313040;MA3436CB
536;03/07/19;VSSZZZ6LZ4R032935;2297CLN
537;19/01/21;YS3EF45L830041130;1993BND
538;02/06/23;5LMFU28586LJ08151;7718JKJ
539;27/06/19;VSS021A0009485411;MA1245AZ
540;24/06/19;VSSZZZ6KZZR010597;0646BJS
541;11/07/19;WAUZZZ8DZWA087550;R963AVU
542;11/07/19;VSSZZZ6KZ1R150689;2126BCV
543;21/01/20;VSSZZZ6KZXR461258;ML9007E
544;27/06/19;VSSZZZ6LZ4R165762;7362CTK
545;11/07/19;TMBHP21U642940292;5574DCK
547;04/02/20;ZFA24400007172478;4457CKH
548;04/02/20;WAUZZZ8D44A006075;7747CJB
549;16/01/20;WAUZZZ8LZVA026755;B4975SU
550;27/06/19;VSSZZZ6KZXR057857;Z8526BH
551;11/07/19;WVWZZZ9NZ3Y254482;4199CHZ
552;03/02/20;JHMEK33600S124625;6147BWH
553;17/07/19;WVWZZZ9NZ24075100;9960BVC
554;11/07/19;WAUZZZ8E33A170687;0825FHN
555;29/06/21;;MA1170K
556;24/06/19;VSSZZZ6KZYR080656;MA7891CY
557;24/06/19;VSSZZZ6KZ1R276613;1107BJD
558;20/06/19;VSSZZZ1PZ8R068300;4236GBJ
559;21/01/20;WWWZZZ9CZXM926953;OBUX475
560;20/06/19;VSSZZZ1LZVR018065;MA1221CC
561;25/07/19;VSS127A0;MA1537T
562;24/06/19;VSSZZZ6KZ1R018486;IB1929DS
563;22/03/21;VSSZZZ6KZ1R241331;2074BHD
564;15/01/20;WDB1400321A002662;MA4426BX
565;18/09/19;WDB2020331F769986;9432HNJ
566;20/06/19;VSA63819413442626;HNBA472
567;09/11/20;WDB2083481F165456;9649BPD
568;19/01/21;YS3DD78J1X7062917;V234DGJ
569;19/01/21;YS3FF79S486009131;0322GKJ
570;19/01/21;VSKHDVC23U0153026;MA9859BH
571;27/04/21;SHHEU87401U027742;8073BTV
572;11/07/19;JN1BFAN15U0604185;MA1092CX
573;24/06/19;WAUZZZ8LZXA087509;CA3396BL
574;19/02/20;VSSZZZ6KZYR117809;MA9301DB
575;20/06/19;WVWZZZ3BZ1E238393;0889HTD
576;12/03/20;WVWZZZ1JZXW189332;0966BTF
577;20/06/19;WAUZZZ8DZTA053751;MA9862BU
578;15/10/19;WAUZZZ8LZUA105200;MA6558CD
579;05/07/21;WVGZZZ7L24D033174;7133DYS
580;20/06/19;WVWZZZ3PZ3P398428;6698CJC
581;23/06/20;WAUZZZ4BZ1N132169;1316BJL
582;20/06/19;WDB12413313743662;MA6774CD
583;08/03/21;WAUZZZ4BZWN026921;2629BYX
584;21/10/20;WDB2037061A198439;9789FXT
585;29/06/21;WDB2093611F010069;7308BZB
586;30/06/21;YV1SW595961561087;XGE016
587;29/11/19;W0L0TGF3532309379;EX53UWP
588;19/01/21;VF1BG0G0624111358;2855YL02
589;19/01/21;WVWZZZ70ZSH055970;DXJ137
590;05/03/21;ZCFC3571005406650;CA9821MM
591;30/06/21;1J4FYA9S2SP237266;P1908BCV
592;30/03/22;WDC1648281A261910;B101WPS
593;23/06/20;WAUZZZ8DZVA288822;
594;26/01/21;VSSZZZ7MZ3V503943;8589BXT
595;25/09/19;W0L0SBF08Y4208538;M3117YW
596;01/07/19;VF1C066M518629758;MA8153CP
597;15/10/19;VF1BB05CF25177491;4614BML
598;29/06/20;VF1DA040521225278;MA3096CX
599;28/05/21;VF1EMS40636098806;5636FKT
600;04/09/19;VF1557K0F16708944;MA9311CF
601;11/07/19;ZFA18800002080918;MA8374DB
602;04/02/20;ZLA35000001005961;CF293PK
603;31/03/21;ZFA16900000346138;5403DHV
604;12/11/20;WAUZZZ4BZYN105077;V7165HB
605;04/02/20;VSSZZZ9KZ2R014659;3218BTC
606;13/10/20;WVWZZZ1JZYB113223;3985FCS
607;23/06/23;WAUZZZ8E32A163334;2078DBM
608;01/07/19;WVWZZZ6NZVY025737;MA8850BX
609;03/07/19;WAUZZZ8DZVA106191;CA268VL
610;16/10/19;VSSZZZ6KZWR141743;
611;13/10/20;VSSZZZ6LZ3R113569;4351CCP
612;15/10/19;VSSZZZ6KZXR248435;V9691GP
613;09/10/20;VF3GJRHYK95030569;7322CLY
614;19/01/21;SARRJSLHP2D236937;9895TX76
615;20/11/19;WDB2021331A655698;2724FPN
616;13/08/20;KMHJF31RPXU782755;M3650XW
617;10/12/19;WF0AXXWPDA2U35254;3865BYZ
618;19/01/21;KNEFE246265332758;7565FFD
619;11/07/19;WF0NXXGBBNTL56671;AL2618Z
620;01/07/19;WF0FXXGBBFWP02639;MU1324BX
621;10/12/19;VF7CH6FZC38979282;6286WM02
622;09/10/20;VSS028A0000362211;MA1958BC
623;04/02/20;VF7S6NFZF56255069;H3388V
624;04/02/20;VS7ZADA0070DA4674;MA2513BV
625;20/09/19;VF7MBWJZF65528765;5026BCF
626;04/02/20;VF315BD6270114294;MA5107AZ
627;04/02/20;VF7CHRHYB39002524;1827BMD
628;01/06/23;KPTS0A1KS7P069973;3076FYV
629;05/10/20;KNEUP751216023384;2056BCV
630;10/12/19;VF8JE0A0519363222;7814JSD
631;10/12/19;W0L0XCF25B4057550;WN60KWT
632;10/12/19;W0L0XCF6834196099;0649CFF
633;17/08/20;VSA63807413088444;2724FPN
634;28/06/21;WDD2452071J696553;47341
635;19/01/21;VF1C0600537451757;7404FNG
636;12/07/23;WDB9066351S621157;636
637;29/06/21;WDB2093161F087186;680BGT
638;08/07/21;WF0JXXTTPJ3C64061;7526CGT
639;23/08/19;W0L0JBF19W1292944;MA5186CM
640;24/02/20;VF8JE0E0520959632;2183BTT
641;19/02/20;ZFA18700000216214;MA0549CX
642;01/07/19;VSKDEVC23U0914568;MA6772BU
643;30/06/21;JHLRD1750YC222810;W842YBD
644;24/06/19;WBADF71030BS52057;9300CJD
645;04/02/20;WBACB61090AP29145;0526CYR
646;10/02/20;WF0NXXWGUNVE56197;S127RCV
647;29/06/19;WV2ZZZ70ZNH066870;6167FNJ
648;04/02/20;ZCFC405010D003385;GR4854AF
650;08/07/21;ZCFC3570105198674;44-VF-RX
651;11/07/19;VLGE64VBA00000634;C8110BNT
652;08/07/21;ZFA25000001170486;
653;30/04/21;ZFA22300005601286;4392CGN
654;29/06/19;VF1FDCMH636322310;9782FLM
655;29/06/19;VF3BBRHZB86163517;0236DGR
656;29/06/19;VF3BWRHXB12945839;5644BYV
657;07/05/20;1GNDM19W7WB169679;R718TKV
658;04/02/20;VJRJS16FDX0011297;C8489BNX
659;22/02/21;1C8GYN2785Y508044;4954CXC
660;26/06/19;W0L000073V4435399;CR5121V
661;22/06/21;KMHBT51GP4U129029;9877CYM
662;26/06/19;VSSZZZ6KZTR178033;MA9895BW
663;15/05/24;VF1BR1F0H37193119;7054FLF
664;20/08/20;JN1BAAN15U0605414;MA4240CT
665;27/06/19;VF1B5720508447621;CG153CA
666;17/10/19;WAUZZZ4AZNN034715;CO4873AN
667;04/09/19;VSSZZZ9KZXR018660;B9827VF
668;28/06/21;ZFA32300003074256;5046GLS
669;23/06/20;VS5F4020538112209;MA2670AL
670;21/10/20;WVWZZZ1KZ4W019486;6436FFP
671;01/07/21;W0L0SAF07W4332855;DB282XE
672;23/06/20;VSSZZZ6LZ5R149852;8748DHM
673;21/04/20;W0L0TGF48Y5243920;MA9592DD
674;26/01/21;VSSZZZ1MZ1B053371;5320BGG
675;17/06/20;VSSZZZ6KZYR141527;3361FNK
676;13/10/20;VS6FXXWPAFGB45127;MA0585AD
677;31/03/21;WBAAL71030CA68679;4870BFN
678;04/02/20;VF1LA0R0521284059;CA9740BM
679;19/05/21;KLA4M11CD3C872288;8375CGS
680;21/10/20;VF33H9HZC84850655;1800FNB
681;29/06/21;VF1KW28G552968587;8234JFF
682;21/10/20;VF31AHDZ250367289;MA7827BH
683;16/07/21;KL1SF48DJAB056754;3957HBB
684;28/06/19;WF0AXXGAJATT77689;MA4344CB
685;10/12/19;VF1BB0A0F22672841;2236BJB
686;12/12/19;ZFA18800004638785;BP432JK
687;30/12/19;VSSZZZ6HZWW019254;MA4323CG
688;05/10/20;ZFA18800004687899;7405CRX
689;29/06/21;JMBMNV68W1J004762;4145DJP
690;25/06/21;WF0EXXGBBE7L89699;4609FXV
691;18/02/20;VF33CNFUE83007592;7229CMB
692;05/02/20;WDB1241851F012689;3071BNB
693;08/07/21;WBAVU31000KZ14244;6222FFX
694;11/11/20;YS3FB46W081014213;8106FYP
695;25/06/21;W0L0AHM7562057190;4539DTB
696;22/01/20;KLA4M11CD3C857045;5329CDV
697;23/06/21;JMZBJ14R201303127;1628BJB
698;13/10/20;WVWZZZ3CZ8E057514;0842FWZ
699;23/06/20;VF1B5660E16051411;MA7683CD
700;18/03/20;KLATF08YEXB285126;MA7352CL
701;16/10/19;W0L0XCF0834016399;5957CFC
702;18/03/20;VF7VDWT0002WT9272;1060CCN
703;29/11/19;ZLA84000001285841;MA4728CK
704;11/07/19;VS6BXXWPFBMU31011;MA5358BF
705;31/03/21;KMHPN81UP5U199984;8166DKJ
706;11/08/20;VF32HNFUF44210550;5613CYL
707;04/10/19;VSSZZZ1MZ3R037590;0138BYT
708;18/02/21;VSSZZZ6LZ3R117614;4151CTC
709;15/10/19;WBACB11000FC63114;MA9593BH
710;13/10/20;WVWZZZ11Z1W086964;AL8178AJ
711;10/12/19;W0L06BG761V502879;DY51DTO
712;30/09/20;WAUZZZ8LZWA113856;M5181WJ
713;04/04/22;WBAFB72060LX15744;KB050VH
714;20/05/20;VF7BDRHZA12722888;5123BBN
715;19/01/21;VF1BRCF0H37741649;7953FPM
716;10/02/20;VSSZZZ6HZXR013294;MA1257CY
717;17/08/20;VF37BNFTR33237980;1045BGB
718;06/08/19;VF37BD9B231090774;MA1312BY
719;11/05/21;WVWZZZ3CZ6E062531;7454DSX
720;24/06/21;WDB2110201A840849;0764DRK
721;29/06/21;WDB2200751A307691;2907BZT
722;30/06/21;SALLPAMW4WA405821;M7525WG
723;30/04/21;WDB1704471F004137;CE9682F
724;05/07/21;WVWZZZ1KZ5W170037;5155HXD
725;13/10/20;KMHAC51GPXU168331;MA3506CT
726;01/07/21;VSEETV01CNA212389;W63OPN
727;23/06/20;VF1LA0R0520767959;SE4135DL
728;13/10/20;W0L0SAF07W4072557;XPD230
729;04/02/20;WF0CXXGAEC1R40238;2097BNV
730;10/08/19;W0L0SBF08W4221286;GR4702AP
731;08/07/21;1FMZU34E4WUB54534;BA5287Z
732;08/07/21;W0L0XCE7544226852;8844GWN
733;05/07/21;WF0GXXPSSG5J00505;EF05LNJ
734;05/07/21;1J0HCE83X6Y159259;G1197E
735;23/10/19;VF37AWJZT32700213;MA7563DF
736;24/10/19;VF1JA0JP521977229;MA3443DF
737;22/01/20;WF0DXXGAJD3K31895;4342CGP
738;05/10/20;WVWZZZ9NZ3Y212927;5248CGD
739;29/11/19;VSX000093N4143410;MA9797BD
740;01/07/21;UU1BSDBNH42101222;5444GRR
741;19/01/21;KLAJF486EYK323011;BI2054CU
742;22/10/19;WF0FXXGBBFRA72182;MA0068BT
743;14/07/21;JN1BCAN15U0537982;4921CSR
744;10/12/19;WDB2021211A300574;MA3603CP
745;23/11/19;VSSZZZ6KZYR080640;MA7668CY
746;29/11/19;KMHJG31RPWU080458;MA3608CY
747;04/02/20;WBACF51090EV40177;9047BMY
748;31/03/21;KMHVA31NPWU270908;CO5843AN
749;10/12/19;KMHAC51GPWU134001;M2768WV
750;23/06/20;VF1KC0EAF23176151;4148BDP
751;23/06/20;WF0AXXBAJAYC74919;MA2650DF
752;29/11/19;WF0FXXGBBFXY25243;CO-1472AW
753;23/10/19;VF1C576B514646781;CO-6543-AL
754;18/09/19;VF7CHRHYB39857949;3362DFL
755;04/02/20;KMHJF31RPYU027523;3547BCC
756;29/11/19;VF750VJZE56040249;M-8006-TU
757;19/09/19;ZAR93700003024010;1469BPF
758;18/09/19;ZAR93700003283986;8830DNR
759;20/04/20;ZAR93200000088219;BF-791-DL
760;23/10/19;ZFA17000000999505;R-354-VOT
761;22/01/20;ZFA16900001011897;0372FWP
762;22/01/20;ZFA19900001219077;5800FLY
763;07/10/19;ZFA18200004976040;MA5037CZ
764;10/12/19;WF0AXXWPDA4C80832;DU54DMZ
765;21/01/20;WF0AXXWPDA4G15751;9716DDD
766;14/01/22;WDD1760081J668080;0327KDP
767;07/01/22;WVGZZZ7LZ8D028151;9387FXR
768;09/11/20;VF7FC8HXB26132464;9756CFD
769;09/11/20;VF1CMRF0531349773;5232CVF
770;29/04/20;VF1B5600C14531020;4585CCW
771;04/02/20;VF1JA050524646075;6111BKJ
772;12/02/20;W0L0XCF6824237999;3275BWK
773;02/06/21;KMHHN61BP3U079981;0642CKR
774;29/01/21;VF1C0630510524798;AL1857V
775;18/06/20;VF1B56J0519434217;IB7500DB
776;23/06/20;VF1CB0A0F20292785;IB0038DG
777;03/07/21;VF1BJ0J0B27531159;4585BZX
778;13/12/19;VF1BB0A0F17990532;
779;31/03/21;VF1BG0A0527546788;1850BZP
780;10/01/20;VS6FXXWPAFSJ78943;MA8570BV
781;04/02/20;ZFA18700000822737;6743BTP
782;10/01/20;ZFA18800000212922;2259BDJ
783;29/11/19;VF32AKFWF41732691;5446BKZ
784;04/06/20;ZFA18700001131995;0986DFZ
785;14/10/19;VF1C0630511355266;MA7314BL
786;10/12/19;VSC20CH1123324547;MA1060AT
787;29/06/20;W0L000036T5225959;J2200X
788;22/08/22;JHMGH2350XS205634;MA7389CP
789;29/11/19;VF32A8HXF43772178;2563CSP
790;04/02/20;KLA4M11BDYC412145;GR7847AX
791;08/07/21;W0L0AHL4888012040;5453FXP
792;25/06/21;WBAUB310X0VH50956;5334GFH
793;10/10/19;WF0AXXWPDAYC25879;MA2581DD
794;22/06/20;WF0BXXWPRB2J68961;8042BWN
795;10/12/19;WAUZZZ8AZMA091040;MA1042BD
796;04/02/20;1C4GYN2B5XU107809;1033DTC
797;11/10/19;VF1BM0G0628231302;2616CGK
798;30/06/21;WF0XXXTTFX7J72294;7736FYD
799;10/12/19;VF7N1NFUB73635004;8811BYZ
800;05/02/20;SJNFDAP11U0333524;MA6652CP
801;13/10/20;VSSZZZ6LZ4R234120;4642CWV
802;04/04/22;WDB2110261A434978;1349FZC
803;30/06/21;WVWZZZ1EZXK008036;1920CKD
804;10/10/19;VF37AKFXE32277005;MA1044CH
805;31/03/21;VF1KGRG0629823707;5154CNT
806;30/06/21;JTDKC123600010514;EZ0563
807;24/09/19;VSSZZZ1LZZD133865;M5977NJ
808;31/03/21;WF0KXXGBVKSD31683;B7313PX
809;04/02/20;W0L0TGF4826105690;2546BXV
810;04/02/20;KMHJG31FPVU041592;MA2010CC
811;24/06/20;ZFA18700000374878;5862BNG
812;29/06/21;VSSZZZ6JZ9R043519;6331GHP
813;24/09/19;W0L0TGF35X8137673;MA8571CU
814;30/04/21;1C3ESM6CZYD746399;1754BDJ
815;10/10/19;W0L000073V4124784;PO9375BC
816;04/02/20;VF33CRHYB82187172;0793BSW
817;18/02/20;KMHAC51GPXU199828;IB0866DK
818;18/02/20;VF7N0NFUB73733211;4439CJH
819;05/02/20;VF1BB080F28193565;9777CGF
820;19/06/20;VF1KC0EAF19984608;MA2998CY
821;26/04/21;WV2ZZZ70ZPH101946;HG02007
822;19/01/21;;B1652PL
823;14/10/20;VF32AKFXE40230759;CE5684G
824;24/09/19;VSX000073R4155924;MA4552BL
825;10/11/20;VSSZZZ6LZ2R032728;1100BWV
826;30/06/21;WDB1241201A868932;B9938PA
827;17/07/21;VSSZZZ5PZ5R079644;2697DJB
828;29/11/19;ZFA22000012888546;6519BTK
829;25/10/23;VF1FDCUL528786467;0092CNT
830;29/11/19;VF38BLFY280021000;MA8635BZ
831;04/02/20;W0L0XCE7564188911;2926DXH
832;19/01/21;VF32HNFUF42571456;6077BXX
833;04/10/19;WF0AXXWPAAVC78211;MA5955CG
834;04/10/19;W0L000058NA023977;MA1364BH
835;08/07/21;VSS021A000D245394;M1545NX
836;09/10/20;WF0BXXWPRBXS24727;SE9953DS
837;09/10/20;WF0BXXWPRB1U23074;2261BGH
838;04/02/20;VF32AWJYF41146850;0511BBD
839;10/12/19;W0L00005835237855;MA1760BT
840;30/09/20;KLATF19Y1TB038958;MA3392BY
841;10/12/19;WF0AXXBAJATG74807;A1971CY
842;08/07/21;VF320DB6223793358;CA8257AT
843;31/03/23;WV2ZZZ29ZMH024796;
844;11/02/21;WF0WXXGBBW1P30634;47760
845;19/01/21;VF1BB0J0E23986694;3243BJW
846;29/11/19;VF1C5770512847714;MA9514BS
847;29/11/19;VF1LA0W0521956983;MA1116CZ
848;22/01/20;VF1JA0WN522279138;1658BCM
849;29/11/19;VF1DA0D0525455221;2947BNB
850;26/10/20;VF1BGRG0632238492;0122CZL
851;26/10/20;VSSZZZ6LZ3R225139;8731CGY
852;04/02/20;VF7FC8HXB26734010;4209CKH
853;08/07/21;YS3FF46W851060789;0894DND
854;31/03/21;WDB2021341F846418;27-15-NN
855;26/10/20;VSSZZZ1MZ1R055217;4119BKN
856;10/12/19;VSSZZZ6KZ1R222132;4750BHV
857;13/10/20;KMHAB51GPYU235977;8153JCN
858;03/03/21;WVWZZZ1KZ7B006174;WJ69056
859;31/03/21;KMHJG31RPWU105405;MA9325CJ
860;19/06/20;ZFA19200000021970;9647BZT
861;04/02/20;VS6AXXWPFARU81973;M1732PN
862;09/10/20;VSSZZZ6LZ2R009230;5432BVS
863;08/07/21;JMZBK14Y281611732;9343FPW
864;03/03/21;VF1LMRG0629890892;0523CPL
865;20/11/19;WVWZZZ1HZVB065443;MA9531BZ
866;18/02/21;VF1BB05CF29917968;9431CPV
867;18/02/21;VF1CBCT0532013293;9992CXZ
868;04/02/20;VF7S1VJZF57196293;MA5947DC
869;29/11/19;W0L000036T5211036;7158CVX
870;08/07/21;VSKBEC220X0900482;MA3730Y
871;04/02/20;W0L0XCF6824175820;4805BTJ
872;22/10/21;KL1MF4819AC221481;BW46599
873;19/04/22;WF0PXXWPDP8R84542;3454GCD
874;24/06/24;VF7231A3216059533;1545BHH
875;05/10/20;WF05XXBAJ5WA76223;3880CFS
876;31/03/21;WAUZZZ4BZWN074079;8889BBZ
877;01/02/21;WF04XXGBB41M60989;0392BLY
878;29/06/21;VF1EMK40638151388;5746FVG
879;08/07/21;W0L0XCF0653054277;2175DRF
880;09/10/20;VF3BDDHXA12552020;MA2625CW
881;04/02/20;VF35FWJZE60339586;3205BNW
882;05/03/21;WVWZZZ9NZ3Y267291;3096CKC
883;11/03/21;ZFA24400007629879;6331DLF
884;05/02/20;VF32HRHYF42111241;0879BSD
885;13/10/20;W0L0AHL4878089188;9561FSC
886;19/01/21;VS5F40205L0109381;MA3789AY
887;19/01/21;KMHCH51VP2U148285;0490BTV
888;04/02/20;WVWZZZ7MZYV015533;V118LKK
889;10/03/21;KMHAC51GRYU221967;V261JDW
890;27/01/20;VSSZZZ6KZXR157745;
891;19/01/21;1C4GCB4L1VU120377;36925
892;09/11/20;VF1BG0G0628776222;1731CLT
893;29/11/19;WF0BXXWPRBXK61420;MA-0753-CV
894;29/11/19;VF1BB05CF27789173;6743CCJ
895;13/10/20;VF7DCRHZB76487675;3611CRZ
896;28/06/21;W0L000085N1089607;MA9596BF
897;25/02/20;VF32CRHYF41411140;7014BHD
898;30/09/20;W0L0AHL4878026165;6270FKM
899;24/02/21;ZFA22300005530358;FG57EWA
900;10/12/19;WF0AXXWPDAYA68849;MA9381DB
901;04/11/19;W0L0SBF08X4154385;MA3441CP
902;31/03/21;VF1BB07CF27819042;1399CCN
903;08/06/23;ZFA19800004008244;4596JKR
904;04/02/20;WBADF71030BS20385;4124DHS
905;04/02/20;W0L000026T1147729;MA0365BZ
906;13/10/20;WVWZZZ6NZ1Y202271;8601BGV
907;19/01/21;VSSZZZ6LZ8R115436;6097GBC
908;27/04/20;VF7N1KFWB73312806;0438SU
909;19/01/21;ZCFC35A200D276157;7828DLF
910;22/10/21;KL1MF4819AC221481;BW-46599
911;21/11/19;VF1LA0FLG19227595; MA5520CP
912;23/03/21;VF33H9HYB83762023;BE-791-VV
913;04/02/20;ZFA18800000172000;MA9972DD
914;30/03/22;WDF63960313057348;4988DGZ
915;20/11/19;WF0NXXWPDN1B26289;9015BLK
916;20/11/19;ZFA18600002203587;1302CSS
917;22/01/20;VSSZZZ6KZ1R261057;5550BHL
918;05/10/20;VF3GJ9HWC95264835;9985FNR
919;21/04/20;W0L0TGF48Y5312398;MA8594DF
920;04/02/20;W0L0TGF7522041179;9733BSP
921;29/11/19;VF1JA0L0518906221;GR9718AT
922;29/06/21;WVWZZZ3BZXP265291;1564FDL
923;24/06/21;WDB2100201A013023;4066BSX
924;21/11/19;VS6FXXWPAFLG38767;MA6868AZ
925;29/11/19;W0L0SBF08X4291471;GR1593AV
926;20/11/19;VF31AVJXF52745230;8035BWZ
927;05/10/20;WAUZZZ8L92A015459;6814DCC
928;04/02/20;VF7N1NFUB73195309;6695BMP
929;25/06/21;JNZTANT30U0002444;
930;25/11/22;504A143060923;
931;23/12/19;TMBFHH654Y0283573;MA4159CX
932;19/01/21;WF0CXXGAECXJ89364;MA4854CW
933;11/03/21;KLA4M11CD1C585801;8500BDT
934;21/01/20;WF0AXXWPAAWT62216;M4794VV
935;10/02/20;VF7LAKFUC74598441;7800FLD
936;04/02/20;VSSZZZ6KZ1R271405;4857BJD
937;30/09/20;KMHJG31RPYU194712;9119BGJ
938;26/10/20;ZFA19200000115935;1446BWZ
939;03/03/21;WVWZZZ1JZWB034939;7237DCB
940;04/02/20;ZAA15600000621968;MA5881BN
941;25/06/21;WBAFA71090LW21781;4874FKM
942;29/11/19;VF31CHDZE52392088;MA7933CS
943;29/11/19;VF1JA0FL519344395;CO6289AT
944;29/06/21;JMZCP19R231341187;6271CGK
945;04/02/20;W0L0TGF08X5025847;8090CFD
946;15/01/21;SJNEDAN16U0366344;3601HCS
947;19/01/21;WF0GXXPSSG3E14300;03D66126
948;03/03/21;VF1EMS40636145120;2107FFH
949;10/12/19;VF32A8HXF43264417;1550CPD
950;05/07/21;VF3PMCFAC88096630;5593FGX
951;22/01/20;W0L0JBF1911157651;0337BLS
952;10/12/19;WF0WXXGBBW1M58403;0272BYF
953;31/03/21;VF1BG4VB635681596;1976DYM
954;21/11/19;SJNFAAP11U0082595;SE3156CZ
955;19/01/21;WF0MXXGCDM5D87796;6197DWN
956;12/06/23;YV1RS743942315190;9541
957;29/11/19;VSX000098N4249791;M16W0433
958;08/11/19;WAUZZZ8CZRA189372;M5980PP
959;13/01/20;W0L0TGF35X2020964;MA9815CN
960;01/07/21;ZFA16900000336540;2402DKG
961;03/03/21;VF1CM0C0H33816600;6612DTL
962;04/02/20;KMHVA31LPXU397708;MA5713CS
963;04/02/20;VF32AWJYF42406585;8406BWX
964;04/02/20;VF32CRHYE40543708;MA4998CX
965;01/07/21;KL1SF697J8B120261;0299FZJ
966;04/02/20;VSX000096F4236594;M6754GL
967;04/04/22;KNAHU815AG7158865;8551JSC
968;19/01/21;KLAVA69ZEYB223569;M0051YL
969;29/11/19;WF0AXXWPDAXY15074;M8629XZ
970;18/02/20;W0L0TGF4828028893;6975BPY
971;29/11/19;ZFA18700000421587;MA5773CZ
972;22/02/21;WDB1241301B696184;IB9975CS
973;08/07/21;SB164ZBN10E029632;2896HDJ
974;24/03/21;W0L0SBF68Y4299064;8279BKC
975;22/01/20;WF0AXXGAJAYK74673;MA7262DD
976;29/06/20;W0L0TGF6925146154;7868-BTC
977;22/01/20;VF1BB0V0F23977147;5827BHF
978;04/02/20;VF1557K0F16004741;MA1696CC
979;30/09/20;VF33CRHSB83636943;0771CXB
980;10/12/19;VF1LA050527810170;4133CDK
981;21/01/21;ZFA18600002160493;7406BYC
982;21/05/22;VF3YCBMFC11219793;0757FTH
983;19/01/21;VF7BZRHXB86246307;7711FBH
984;13/03/20;VF1T1XF0515318277;GR8613AL
985;28/06/21;YV1RS49K942414714;YZB226
986;19/04/22;WVWZZZ1KZCW035646;7049HJJ
987;29/11/19;WF0AXXBAJATK29196;MA5707CD
988;19/01/21;ZFA22000012889891;7657BTF
989;25/06/21;VF8JE0GL225621093;L051BYY
990;14/11/19;VF1LA000524664759;0772CFT
991;24/05/21;WVWZZZ1KZ6B122954;5571FJR
992;04/02/20;VSSZZZ6KZVR079990;M8347UG
993;15/01/20;WAUZZZ4AZPN037972;5576CZT
994;05/02/20;WAUZZZ8DZYA016871;MA2634CW
995;10/11/20;VSSZZZ7MZTV502422;SE8411CP
996;30/12/19;VSSZZZ1LZZD115761;MA4995CV
997;17/03/21;WF0NXXGCDNYT21893;48115
998;19/01/21;VSSZZZ6KZXR295453;MA 7596 CT
999;13/10/20;VSA63827413147998;CO6620AT
1000;31/03/21;WVWZZZ6NZ1Y406861;3508BNW
1001;21/11/19;WF0BXXGAJBWL68399;M1641VY
1002;04/02/20;VF1B569LE20247046;MA9636CW
1003;10/12/19;VSSZZZ9KZXR010252;MA8246CN
1004;09/11/20;VF3BBRHZA12862755;4029BMZ
1005;31/03/21;VF31CHDZE51540935;MA5555BZ
1006;05/01/23;JTJHF31U800028131;6594CZC
1007;10/12/19;VF7N1WJZF36958541;1797BBL
1008;19/04/22;VF1BR2V0H49361531;3737HSL
1009;01/01/1;1B3ACC6A68N172966;7228GMS
1010;22/01/20;VF1JA1F0522422673;MA2913DC
1011;30/06/21;ZFA19900000161729;6238FGP
1012;19/06/20;VF1LA0D0524664759;8970BKB
1013;14/02/20;VF1CB07CF26002722;4128BWH
1014;19/06/20;VF7N1WJZF36627283;MA5026CW
1015;04/02/20;VF32AKFWF41497426;6901BHJ
1016;12/05/21;W0L0TGF75Y2195285;MA9513CZ
1017;25/02/21;VF7CHRHYB38993633;4142BKN
1018;28/06/21;JTDKZ28EX00041682;7073CPC
1019;13/10/20;WF04XXGBB4YY58097;1094BGC
1020;19/01/21;ZAR93000002005751;J8702V
1021;04/02/20;VF1CB0P0G28578716;2855CGG
1022;10/12/19;VF1JA0NL520631248;O9182CD
1023;30/06/21;KMHDN41VP1U249646;8544BXG
1024;10/12/19;W0L0TGF75Y2147443;MA6009DF
1025;16/03/21;WDB2020201F286027;4343HGD
1026;04/02/20;WF05XXGBB55J37017;2195DGR
1027;17/08/20;ZFA18600002176864;3822GPL
1028;19/01/21;WF0AXXWPDAXJ62961;MA6004CW
1029;10/02/21;VF1JA0FL520133161;M4985YD
1030;05/02/20;YV1744853M2505909;ZA7406J
1031;20/07/21;W0LGM6EY1B1112337;2013HBY
1032;03/03/21;VF1BMR20533554119;2359DHW
1033;08/07/21;W0L0SDL6874452227;8730FVL
1034;26/01/21;VSSZZZ1MZXB000425;B0737VU
1035;31/03/21;VF1JMK40638112408;3920FRW
1036;19/01/21;VF1JMRG0631412977;3390CZS
1037;30/09/20;VF7U6UB0012085997;AL6696Z
1038;09/11/20;WF0VXXGBVVHS47281;MA5724AH
1039;27/11/19;VSSZZZ6KZWR075849;MA5903CH
1040;27/11/19;WAUZZZ44ZEN108096;MA5976AY
1041;05/10/21;VF1FDCNH528842066;
1042;10/11/20;VSSZZZ1MZ2R007342;3163BKK
1043;08/07/21;VSSZZZ6LZ8R166140;5322GGR
1044;27/11/19;VF7VDWT0002WT1310;
1045;10/03/21;SHHCC75100U144701;GR7698AJ
1046;05/07/21;TW2KXXCPVKRT20187;AL8837V
1047;31/03/21;WF0KXXGBVKWR01621;MA0182CS
1048;19/06/20;WF0AXXWPDAXL68684;M4164XZ
1049;31/03/21;WF0AXXBAJAVU88934;MA3083CC
1050;01/02/23;3VWBF61C2WM034608;MA1074DF
1051;30/09/20;WVWZZZ9NZ4Y208373;3546CVR
1052;08/07/21;WDB2100611A748655;3778GHL
1053;12/02/21;VF7X1RHYF72347135;M2435ZJ
1054;24/01/20;VF1BB05CF28915006;4236CJN
1055;27/01/20;VF1FC1EAF38242955;
1056;24/01/20;SJNFDAP11U0333347;B0964VT
1057;21/05/21;VF1KG0G0627746891;6597CBZ
1058;13/01/20;KMFFD27FPXU426790;GC6576CF
1059;08/06/23;119450833;ML10307
1060;19/01/21;ZAR93200001280898;
1061;19/01/21;VF1EA030521690645;MA1842CZ
1062;04/02/20;VF7N1WJYB73644344;7803CDM
1063;30/09/20;WF0AXXWPDA4B76018;4939CRX
1064;27/03/20;KMJWWH7FPXU141982;MA4317CZ
1065;30/06/21;KNEJC521865612043;1041FBZ
1066;19/01/21;WME01MC012H004655;7386DMP
1067;23/01/24;JHMFD3620AS200751;6953HNB
1068;04/02/20;W0L0TGF7512266662;Y833ECY
1069;15/03/23;ZFA22000086168080;EHW047
1070;09/12/20;VSKEAVC23U0151932;M3133PS
1071;24/06/21;WF0UXXTTPU7D21129;4495FPV
1072;09/10/20;WF0AXXWPDAWG78321;9925BWP
1073;13/10/20;W0L0JBF1911212927;9484BRT
1075;13/10/20;VSSZZZ1MZ1R085527;1074BJM
1076;31/03/21;W0L0TGF69X5093521;MA0230CP
1077;15/02/21;ZFA18800002405094;2683CBB
1078;30/09/20;WVWZZZ1HZRB145524;MA8141BP
1079;24/02/20;ZFA18200004869191;MA3700CU
1080;30/09/20;VF1BB0L0F22431072;MA3020DF
1081;19/01/21;VF1BA0NM520449679;MA0997CV
1082;30/09/20;VF7CH9HXC9J088825;6343GMF
1083;30/09/20;KL1SF48T15B388532;0290DHN
1084;17/06/21;WF0UXXGAJU4L75529;8496DFJ
1085;05/09/20;WF0AXXGAJA1P69526;8863BJY
1086;03/03/21;VF1BA050524873303;0304BKT
1087;10/11/20;VF1KC0VEF26508942;1006BXX
1088;23/03/21;VF7VDPG0013PG8203;MA9217CP
1089;30/09/20;W0L0JBF68W7135186;1161CDX
1090;30/09/20;WVWZZZ1HZRW370409;3638BZY
1091;24/08/20;VF7CHRHYB39441246;
1092;23/09/21;UU1LSDJKH40300999;9842GNC
1093;30/09/20;WVWZZZ1JZYP382268;CO1549AW
1094;30/09/20;WVWZZZ3BZWD260244;MA5570CH
1095;07/01/21;VF1JABF0E23105001;4700BDR
1096;25/03/20;WF0AXXGAJAWG60103;CO8401AT
1097;10/03/21;KMHAH51GP1U112060;5118BDL
1098;24/06/21;VF1EM0C0H34162273;1073DMN
1099;30/04/21;WVWZZZ1JZ2W505270;0003CJC
1100;31/03/21;VF31AHFXF52811999;0993CHT
1101;10/11/20;VSSZZZ6KZXR031275;MA0981CL
1102;13/10/20;ZFA18800005167972;8672BVB
1103;29/03/21;WF0BXXGCDB4B86384;7276CVT
1104;30/04/21;WBAEZ51020KS68203;7259DHK
1106;09/11/20;WVWZZZ1JZ3W134037;0832BYN
1107;25/02/21;VF7CHRHYB39268444;3608BWP
1108;10/11/20;VF1DA050527127138;7249BZZ
1109;31/03/21;KMHJF31RPWU660232;GR0856AS
1110;19/01/21;WF03XXGCD35G82605;7417DSB
1111;31/03/21;VF7S1VJXB57590249;3607BNW
1112;05/07/21;KLANF48714K025805;2508CZN
1113;09/11/20;VF7GJWJYB93144247;7521CTT
1114;31/03/21;VF38BDHXE80349567;6306BLW
1115;31/03/21;WAUZZZ8LZ1A065478;5400BHD
1116;05/07/21;WBABH31050EH13321;8177DLV
1117;05/07/21;WBACC11020FF60124;1747BCB
1118;29/07/21;VSSZZZ6JZ9R033874;3433GGX
1119;18/02/21;VSSZZZ6LZ6R023865;8283DMN
1120;27/03/21;VF1FCAVAK33778456;7157DKN
1121;16/02/21;W0L0TGF7522094096;6760BVH
1122;03/03/21;VF1LMR2C533449768;0964DKL
1123;21/10/20;WDB2100251A592759;5593BVW
1124;09/03/21;SHHMB3740WU013449;MA0356CH
1125;29/06/21;SAJAH53106BE69766;BP05KJU
1126;29/12/22;WF0LM2E106W615768;AK56ZSE
1127;19/01/21;W0L000036V1172730;
1128;08/07/21;WAUZZZ8EZ1A072457;2423BJT
1129;19/01/21;1C4GYN2M3XU124416;EFF135
1130;23/08/21;JHMRN37501C207735;5682BZH
1131;03/03/21;WDB2011261F988128;MA1479CN
1132;08/07/21;W0L0TGF7522260381;2964BXY
1133;25/02/21;VF7CHRHYB39697286;5097CTG
1134;06/02/20;WF0FXXWPDF1C24447;0696BSW
1135;30/04/21;VF1BG0G0625944432;0994BSW
1136;28/06/21;WF0WXXGCDW5U50213;7254DLH
1137;14/10/20;VSKF4BHD6UY614095;9311GHF
1138;30/04/21;VSA63809413202592;MA9384CS
1139;21/10/20;YV1VS10K32F836221;1026BSD
1140;25/02/21;VF7CHRHYB39819523;5134DBS
1141;13/10/20;WVWZZZ1JZXW697240;MA4834CU
1142;24/03/21;ZAR93200000202944;BS1763Z
1143;19/01/21;JTDKC123105089092;6331DLD
1144;19/01/21;VSX000093M4112401;MA3488AZ
1145;25/03/20;VF32AWJZT40945443;7307FFK
1146;30/09/20;VF32AKFXE41000647;MA1657DF
1147;13/10/20;VSSZZZ6LZ4R194997;2590CWV
1148;13/10/20;WF0AXXWPDAYA69198;MA9607DB
1149;09/11/20;WF0HXXWPJH2G14752;5868CGS
1150;18/03/20;W0L0SBF25X3011737;MA3588CN
1151;23/03/21;VF33CRHYB82649736;0531CCB
1152;08/07/21;VF1FC074F36726468;1104FKJ
1153;08/07/21;TMBWU26Y543956540;BM377BF
1154;31/03/21;VSSZZZ6KZ2R182346;0914BTH
1155;31/03/21;WAUZZZ8L02A019724;1528BNS
1156;05/07/21;KNEDE241276208676;1276FNT
1157;19/01/21;VF1BMS40634809610;5438DTL
1158;18/03/20;WF0AXXGBBAXE44259;T655OAM
1159;23/03/21;VF7VDVV0007VV3936;5086CXK
1160;31/03/21;VF7N1NFZF36955184;CO6600AX
1161;19/01/21;ZFA19200000352711;8240CMR
1162;30/04/21;ZFA18800004687994;SJ72KIS
1163;09/10/20;VF1JA0NN521271066;MA0637CY
1164;09/10/20;VF7MFRHYF65461544;MA3699DB
1165;30/04/21;WAUZZZ8P55A011643;3352CYY
1166;31/03/21;VF32HRHYF43571546;3140CNV
1167;29/03/21;VF7CHRHYB39340764;0523BZS
1168;10/12/20;WF0MXXGCDM4D26082;5968DCL
1169;26/01/21;W0L0XCF0653010187;5338DCW
1170;14/02/20;VF31CKDX851001239;GR6545AH
1171;05/02/21;VSSZZZ9KZWR006267;0344GXB
1172;30/04/21;1C4GYB1R4YU514647;CO1560AW
1173;05/07/21;VSA63809413392228;3871BLV
1174;21/04/21;KNEBA24324T012607;6808CWR
1175;05/10/20;VF31CKFXE52491607;MA1557CY
1176;30/09/20;VF7S1VJXB57739067;5970BTL
1177;10/11/20;SJNFDAP11U0513000;6674BDJ
1178;25/03/20;VSSZZZ6KZVR170035;MA2397CG
1179;30/09/20;WAUZZZ8AZMA178403;GR8686X
1180;30/09/20;VF1B5690E17693105;L9582AD
1181;31/03/21;ZFA22300005047125;9393BSN
1182;30/04/21;JMZGF14R201469011;EN059ZT
1183;23/05/24;W0LGT6EY8B1190374;1864HGC
1184;30/09/20;W0L0XCF6844384280;6658CXN
1185;10/03/21;VF32HRHYF43432906;8466CLL
1186;30/09/20;VF7FCHFXC28995299;0547FXT
1187;21/10/20;VF7N1NFZF36434412;MA6886CN
1188;24/03/20;W0L0SBF08W4275662;MA6241CJ
1189;17/12/20;KLA4M11BDYC485852;MA3121DB
1190;28/06/21;VF7FCKFVB26715599;2868CKC
1191;17/05/21;VF7GJWJYB93362872;5929FCX
1192;31/03/21;W0L0TGF08Y5071265;CO8772AX
1193;12/04/22;KMHEU41VP8A429201;1551FZM
1194;29/03/21;WF05XXWPD55B22808;4756DMB
1195;17/03/21;VS6AXXWPAASS65180;MA7394BU
1196;14/06/21;VF39DXFXB92037097;2736BKP
1197;06/02/20;WDB9044131P824862;
1198;06/02/20;ZFA18800002303392;4457BPS
1199;06/02/20;W0L0SBF68X4073019;MA1798CN
1200;04/06/20;VF1BGCGB633518677;
1201;06/02/20;ZFA14600008489106;6988BZC
1202;06/02/20;VS6AXXWPAATC86359;CS7754AT
1203;06/02/20;VSSZZZ6KZVR141627;MA0425CH
1204;06/02/20;ZFA18800004058179;6001DLP
1205;06/02/20;WF0AXXWPDAXC34260;9765GYK
1206;06/02/20;ZFA17600001102320;B9458UL
1207;06/02/20;VSSZZZ6KZXR258755;1388BMV
1208;06/02/20;W0L000052N2605144;MA6480CG
1209;25/03/20;W0L0SBF68X4097347;MA2842CN
1210;25/03/20;ZFA22000012608976;MA8308CX
1211;25/03/20;VF32SWJYU42606404;0998BYP
1212;31/03/21;VSSZZZ1PZBR003956;8380GYK
1213;25/06/21;VF7LAKFUC74363992;4566DSX
1214;22/03/22;VSKKVNR20U0263458;MA4049BV
1215;22/03/21;VF7X1RHZF72402787;0792BGT
1216;08/01/23;WDD1690071J008776;1333DBN
1217;25/03/20;VSSZZZ1LZWR060445;MA9422CM
1218;09/10/20;VF38BRHY581087695;
1219;22/06/23;WAUZZZ8H73K005925;
1220;24/05/24;WDB2037351A255582;P3295BCV
1221;18/03/20;VF7N1DJYF36082987;CA9878BF
1222;12/03/21;WF0NXXWPDN4G29955;6646CWF
1223;18/02/21;VSSZZZ6LZ4R020089;5820CLJ
1224;25/03/20;WF0AXXWPAAW037458;
1225;15/04/21;WDC2030422R092901;P7357BCV
1226;25/03/20;VF7X1RHZF72313952;M7073YY
1227;30/09/20;VSSZZZ6KZ2R170088;3382BTC
1228;09/03/21;VF7N0RHB73718871;5875CGB
1229;30/09/20;;MA0185DF
1230;16/07/21;;MU6578CB
1231;11/01/21;VNLJG963X0A028220;SL56JVJ
1232;25/03/20;VSA63113413047412;H5281H
1233;19/01/21;VF7CHRHYB39951601;FN55KVX
1234;19/01/21;;2237CZG
1235;19/01/21;;9982BGZ
1236;25/03/20;;MA5981CS
1237;25/03/20;;M4071XZ
1238;11/02/20;;B0911TS
1239;09/10/20;;MA5546BU
1240;21/10/20;VF1CMG06291617389;6942CLT
1241;25/06/21;;6954GDX
1242;06/11/20;;MA9758BT
1243;03/03/21;ZFA22000012122380;0609BLX
1244;20/05/21;;MA7120AD
1245;21/10/21;VF1T1XF0516399321;CO2478AN
1246;16/11/20;VF37ADHYE32444545;3082DLZ
1247;24/03/20;VF32AWJYF41375283;
1248;11/08/21;WDB2037421A822027;
1249;31/03/21;W0L00007113020557;
1250;28/01/21;KMHJF31R9YU882867;MA2673CY
1251;24/08/20;WF0AXXWPAAWS55771;MA1019CK
1252;27/07/21;SALLNAAE81A328200;9910BLL
1253;18/02/21;VSSZZZ6KZXR246217;CA6730BK
1254;17/12/20;VF37AWJZT32798862;M2455XW
1255;13/10/20;WF0BXXGCDB2563357;5793BWR
1256;08/07/21;KMHHN61BP3U076027;4637CGV
1257;12/05/21;WDB2030081F526408;2542CRK
1258;28/01/21;VF320CA9225695197;AL4318AC
1259;23/10/20;WAUZZZ8592A248632;
1260;30/04/21;WF0HXXWPJH6U14556;MT06SCZ
1261;13/10/20;WDB2020181A592003;M5728VL
1262;31/03/21;WVWZZZ1JZ1W496644;X468RGG
1263;19/01/21;WDB1241251C191382;642DTJ95
1264;29/04/21;JACUBS73G37102415;
1265;08/07/21;KNAHT815AF7082508;8731HYS
1266;13/10/20;W0L0TGF48Y6089657;MA0685DF
1267;31/03/21;VJRJS20FD00018146;
1268;19/01/21;WVWZZZ1HZPW293772;EZJ793
1269;23/06/23;VF1KCLEAF19487901;CA0929BK
1270;29/06/21;VF32DNFUF42457358;9282BWW
1271;08/11/23;VF1JA04B521413656;
1272;18/02/21;VSSZZZ6LZ4R055400;8146CPC
1273;31/03/21;VF1BG0E0525787846;3739BRT
1274;13/10/20;ZFA22300005474926;8077FPS
1275;08/07/21;VF9XLD503YX237782;C6575BRZ
1276;31/03/21;VH840BBL000021523;C2048BNH
1277;19/01/21;VSSZZZ6LZ3R017876;6100BXM
1278;29/06/21;VF3AA8H5C94884124;8895GNZ
1279;06/07/21;WF05XXGCD55U61062;8111DHK
1280;13/10/20;VF1BM0C4310214020;5624CVK
1281;30/06/21;VF3XC9HUCG4163078;7216GCZ
1282;30/04/21;WVWZZZ1JXB1560008;GR8942AU
1283;19/01/21;KMHAC51GPWU080473;MA2016CL
1284;14/01/21;VF37BNFTF33146138;7697BDN
1285;30/09/20;WAUZZZ8DZTA043370;NA4523AY
1286;13/03/20;WVWZZZ1HZRW712253;NA8595AL
1287;09/10/20;VF1JA0B0224257430;
1288;25/02/21;VF7CHNFUC25894520;KW56JKJ
1289;31/03/21;VF105710507844085;
1290;12/11/20;SAJAF55TX56E48984;0244DGP
1291;05/07/21;WVWZZZ5ZZ74017716;PK56UGW
1292;03/05/21;WVWZZZ1JZ2W162089;G3801E
1293;08/07/21;SARRDWBGM1D524942;9305BMK
1294;31/03/21;VF37ENFTF33286243;AM79741
1295;07/05/21;WAUZZZ4B53N076766;9823HKN
1296;09/06/22;1C3EL65RX4N161671;
1297;08/07/21;VF1JMGED635697350;3388DZT
1298;20/02/20;;
1299;10/12/20;WF05XXWPD56J64534;3640FBB
1300;31/03/21;VF3231A3216170506;CK51SWY
1301;13/10/20;VF32CHFXF42032954;
1302;19/01/21;WF1BM0G0629417554;0269CMD
1303;03/04/20;VF32AWJYF43417855;6874CLR
1304;31/03/21;W0L0XCF6834354446;1354CJT
1305;21/10/20;VF7DCRHZ876459118;4686CPF
1306;30/09/20;VF7VDW70000WT8870;1244BPZ
1307;27/04/21;KL1SF69737B088391;7155FHK
1308;18/06/21;VF7RC6FYC76813094;6221FPB
1309;04/06/21;WF05XXGCD55U64754;
1310;31/03/21;WF0AXXGCDA2209556;
1311;30/09/20;VF7X1RHYF72337136;MA5017DB
1312;21/12/20;KMHAC51GPWU122875;MA4303CP
1313;30/09/20;VF32AKFWF41864048;7522BRV
1314;13/03/20;VF1JMSE0637690703;3290FPS
1315;11/06/21;ZFA17900013183003;0245DHR
1316;30/09/20;WF0AXXGBBAXE72732;M3151XV
1317;16/06/23;HMCN15205C205068;1998DNP
1318;05/10/20;VF1BA050527161832;5994BXK
1319;10/11/20;ZFA18200004751735;MA2375CP
1320;31/03/21;W0L0TGF7532234480;1646CJR
1321;31/03/21;VSSZZZ1MZ1R005937;
1322;09/11/20;ZFA18200005030054;MA8498DF
1323;13/10/20;VSSZZZ6KZYR181584;MA0816DD
1324;19/01/21;SJNEAAN16U0522363;1921CYN
1325;13/10/20;KMHVA31LPWU260173;MA7251CD
1326;13/10/20;WF0AXXGAJA1D43427;4709BWR
1327;30/09/20;VF1BA0W0523162403;3407DBV
1328;09/10/20;VF32AKFXE41117427;0213BBP
1329;01/07/21;VSSZZZ1PZ8R023663;6360FTS
1330;29/03/21;WF0NXXWPDN1R60361;4203BLZ
1331;31/03/21;WF05XXGBB52RD2267;2364CDP
1332;19/01/21;VF1C068AE23455615;BN815TE
1333;18/02/21;VSSZZZ6LZ3R131526;7072CGP
1334;31/03/21;W0L0TCF3528061789;EB005JK
1335;10/03/21;VF7MFD9BE65207796;B6536UL
1336;19/01/21;SJNEHAN16U0392932;3587CJC
1337;17/08/20;ZFA18800005212858;1110BZR
1338;29/03/21;VF1B5770513757052;MA2543BV
1339;09/06/23;VSS021A0009100722;J4444I
1340;29/06/21;KNEUP751246565411;1675CWW
1341;30/10/20;VF7AFRHZA12814765;9954BKV
1342;01/06/20;VF7N0RHYB73807267;3256CMP
1343;03/03/21;VF1LMR2C533047408;2155DFS
1344;29/03/21;WF0UXXTTPU5D47974;3491FDY
1345;17/02/21;VF3221DA212127474;A4275CY
1346;21/10/20;VF1BG0G0626938537;7882BWX
1347;19/01/21;WBADF81060BT01094;2858FNR
1348;08/07/21;WF0LXXGBFL2P06709;0290CJM
1349;10/03/20;VSSZZZ6KZXR444129;6084BJJ
1350;08/07/21;YV1RS49K942414713;GV52UKU
1351;19/01/21;VF3331V5215979174;3658BKN
1352;30/04/21;WF0TXXTTPT4L29349;8917DCL
1353;30/04/21;WVWZZZ1JZ3W417967;P3651BCW
1354;09/11/20;VF7N1WJYB73767096;1890CLC
1355;31/03/21;WF0AXXWPDAWG80009;179BSY
1356;08/07/21;VF1KMK40639617182;2369GCG
1358;22/03/21;ZFA18800004507367;2565BXZ
1359;31/03/21;VF7N1WJYB73530701;9798BVV
1360;09/10/20;VF33CNFUB82441367;9646BWM
1361;26/01/21;W0L0XCF0643002839;9835CRB
1362;26/03/20;ZFA17600000836386;GR2947AP
1363;08/03/21;VF32AWJZT40278825;MU1082CB
1364;09/10/20;WF0AXXGAJAWR18214;MA8078DD
1365;26/03/21;VF1BB0FBF23975423;0481BKC
1366;05/03/21;ZFA28000000747224;LDK-NL-129
1367;29/06/21;VF1EA0B0525170716;4392BLZ
1368;08/03/21;SARRSSLGZAM230114;9673BBC
1369;31/03/21;SARRFYWNN1D568034;
1370;05/01/21;KMHCG51FP1U114929;0867BLD
1371;26/03/20;WF0BXXWPR8WA62389;
1372;01/06/23;WBAGD11050DD28241;
1373;12/07/21;WDB1680311J914729;7292CGC
1374;09/11/20;VF1JA1U0528823192;7131CKD
1375;01/07/21;ZCFC359100D172202;5795BWL
1376;08/07/21;W0L6ZXC1AC9513519;8749HLW
1377;19/01/21;VF7CHNFVB38994922;6335BJP
1378;01/06/21;WAUZZZ8LA11001975;0892DJH
1379;21/10/20;WF05XXWPD56R62862;2071FHJ
1380;24/03/21;ZAR93200001275665;8524BVH
1381;06/07/21;VSSZZZ6JZBR091235;3823HCJ
1382;26/03/21;WDB1680081J109758;BGI250I
1383;09/10/20;VF32A8HXF43761276;0292CTM
1384;30/09/20;VF32AKFXE41114758;2737BBK
1385;31/03/22;WV2ZZZ2KZ6X108997;3713FDS
1386;19/01/21;WVWZZZ1JZYB022057;4072DGV
1387;08/07/21;WBAAL91060FS14550;4594BCT
1388;11/02/21;ZAR93700003062903;5879DMD
1389;19/01/21;VF33C9HXC84685235;6317FCW
1390;31/03/21;VSSZZZ6KZ2R214661;9510CCF
1391;30/09/20;VF1JMS40635939654;9731DZY
1392;19/01/21;VF1BA0E0515975758;B4416SX
1393;30/04/21;SJNFCAP11U0101811;MA6318CD
1394;19/01/21;VF7GBWJ4B94105362;0468CTJ
1395;09/10/20;JMBLNN84W3Z000113;0705CKZ
1396;01/01/1;VF70PHMZBGE520953;1536JMX
1397;16/02/21;W0L0TGF7532157200;4459CGT
1398;10/11/20;VF7N1NFUB73885808;6576DBX
1399;30/09/20;VF7N1RHYB73096417;9812BFP
1400;30/09/20;VSSZZZ6KZXR301270;GR0793AV
1401;26/01/21;VSSZZZ6KZYR066030;MA3149CY
1402;08/07/21;WF04XXGBB4YY49771;2868BDS
1403;18/02/21;VSSZZZ6KZYR100727;MA8510CY
1404;27/04/21;KMHCH51VP4U243029;0516DCS
1405;19/01/21;VF1JM0G0629613212;2759CRR
1406;10/11/20;W0L0XCF0824193409;4698BVS
1407;31/03/21;VF7N1DHYF36990067;9292BBR
1408;19/04/22;WBAGM21040DR51062;4509CPN
1409;19/05/21;WF0DXXGAJD5D50083;7233DSZ
1410;08/07/21;W0L0ZCF6941039004;4732CRH
1411;10/11/20;VSSZZZ1MZXB021997;M2978XK
1412;03/11/21;W0L0AHL0895004461;NU58CCK
1413;11/11/20;WDB1680311J377467;PK88147
1414;31/03/21;VF1JMS40635225210;DA630KP
1415;27/04/21;WVWZZZ1JZYP058439;MA4675CV
1416;26/01/21;WVWZZZ1JZXW643990;8967CLK
1417;05/07/21;VF7LC9HXC74246067;376DGD59
1418;07/01/21;VF1JA1U0525945938;1015BSD
1419;25/09/20;VF7N1NFZF36800703;MA7119CY
1420;10/11/20;VSSZZZ9KZXR010298;MA8242CN
1421;23/03/21;VF33CRHYB82151615;0638BWW
1422;01/07/21;VSSZZZ1PZ8R118431;7034GDX
1423;24/06/21;WBADF51060BZ21037;4081BGP
1424;16/07/21;ZCFC357100D139343;0358BCF
1425;13/10/20;VF7N2RHZB73781229;7873CKF
1426;16/02/21;W0L0JBF19W1309981;M8428WX
1427;19/01/21;VF32AWJYF41643003;3583BJW
1428;01/07/21;VF32A8HXF44316286;4058DCW
1429;25/06/21;4GDDU0391XD149787;DAMA228
1430;30/09/20;VSSZZZ6KZYR176925;5635DCT
1431;13/10/20;VF7DCRHYB76060182;7608BSS
1432;08/07/21;YV1TS65F2Y1086861;MA4449CN
1433;08/07/21;VF1KC0EAF20376515;MA4446CU
1434;30/09/20;TW2KXXCPVKPC14904;GR4391AF
1435;08/07/21;VF7BZWJZA12527376;MA5330CU
1436;01/07/21;VWASBFTL0Y1126326;0490BBD
1437;30/09/20;VS6FXXWPAFND79141;CO9822L
1438;19/01/21;VF1BGRG0629927404;7028CSC
1439;19/01/21;VF1BA0NM521612380;9041BGV
1440;19/01/21;WF0AXXWPAAWS35566;V9003FZ
1441;02/02/21;VF1JA1U0527433996;2906BZT
1442;30/04/21;TMBNF46Y413239009;8164BLW
1443;24/06/21;WDB2030061A016903;0956BMX
1444;29/06/21;WDB2083651F170756;RWY329
1445;09/07/21;VSSZZZ1MZ1B047103;BJ49642
1446;13/10/20;VSSZZZ9KZ1R019456;5499BLN
1447;12/04/21;WF05XXGBB55E19672;7156DXT
1448;09/10/20;VF7N1WJYB73535780;9769BTR
1449;19/01/21;WVWZZZ1HZVW209712;MA9656CD
1450;14/01/21;VSSZZZ9KZ1R018790;5500BLN
1451;19/01/21;VF32HNFUA44651131;9805DLS
1452;05/05/21;VF31AHFXF52595282;2837BCC
1453;21/10/20;WDB1241261J023037;MA1365CM
1454;21/10/20;YV1745853M2323345;MA1114DB
1455;30/09/20;VSX000078R4140125;MA2156BM
1456;13/10/20;VS7VDPG0062PG0515;MA9601BU
1457;08/04/21;VF7CHRHYB39327948;3793BZJ
1458;05/07/21;ZCFC409000D140301;1880BGP
1459;19/05/21;WF0AXXGBFAYR20351;MA1992DF
1460;02/07/21;VF3WC8HR0CT020434;6853HMF
1461;25/06/21;YV1RS743222193731;6339CJJ
1462;03/03/21;VF1KA0B0526707838;G2925A
1463;12/02/21;W0L000078T4230745;6524GJ
1464;24/02/21;VSSZZZ6KZYR155406;MA5031DB
1465;18/01/22;W0L0VBM6911061602;5338BJD
1466;22/03/21;VSSZZZ6KZZR089106;
1467;19/04/22;VSSZZZ5PZ6R067089;1948FKV
1468;18/02/21;VSSZZZ6KZXR016516;B0088UG
1469;05/07/21;VSS028A0000111710;GR9412P
1470;29/06/21;VSS028A0000546176;GR7659AJ
1471;02/07/21;W0L0AHL0855127081;7659DHN
1472;23/02/22;VF1JP0E0534709017;EL400FJ
1473;09/07/21;VSSZZZ6KZYR012295;GR4255AW
1475;11/01/21;YV1VS14F3YF437694;B2455VT
1476;14/06/21;WVWZZZ6NZ14398088;3180BNH
1477;30/06/21;1C3BJ4538LG484936;MU6135BW
1478;05/06/23;VSSZZZ5FZER059471;S983RX
1479;23/12/21;WAUZZZ4BZYN051454;V453ETN
1480;12/11/23;WF05XXGCD55049731;EF05NDY
1481;12/04/22;VF3WB5FWC34086719;CA57AUM
1482;30/09/20;VF1B5690E15665876;M3302UC
1483;17/12/21;JMZBK14Y271514192;DD512LB
1484;30/09/20;VF38BDHXE80644815;SE0145DF
1485;29/03/21;ZFA22300005425612;2993FDW
1486;10/11/20;VS7VDP00006PG4227;B1759KY
1487;22/03/21;VSSZZZ6KZWR124355;MA4665CJ
1488;09/07/21;ZAPS85V0000302598;MA3470CG
1489;09/07/21;VF1KC0EAF20376786;MA3976CU
1490;09/07/21;ZAR93700005080283;9264CDD
1491;30/06/21;VSSZZZ1MZYR005655;AL9138AH
1492;18/05/21;VSSZZZ6LZ3R224588;5554CGX
1493;05/07/21;WVWZZZ1KZ5B063757;1997DDL
1494;29/06/21;WVWZZZ9CZXM922852;V854GCY
1495;06/06/23;WVWZZZ1KZ6W514532;0189DSJ
1496;19/01/21;WVWZZZ9NZ5Y077395;4448DCC
1497;30/04/21;KLASF69A13B027059;0180CFM
1498;05/07/21;WVWZZZ1GZKW645601;MA2818CP
1499;30/04/21;KMHHN61BP4U114540;1070CXB
1500;23/03/21;VF33CRHSB83499788;9109CVR
1501;27/01/21;WF0BXXGCDB1C37569;4609BPT
1502;19/01/21;VF31CHDZD51527643;MA3884BY
1503;19/01/21;VSSZZZ6KZTR168316;GR4256AK
1504;11/01/22;WVWZZZ6NZWY007028;
1505;19/01/21;VSSZZZ6KZ1R036154;3424BRX
1506;03/05/22;WVWZZZ3CZ8P060007;6431FXW
1507;26/01/21;VSSZZZ1MZXB021623;B3138VK
1508;19/01/21;VF1JMGED636611479;6986FHV
1509;05/10/20;VF37CNFZ231238625;8738DLG
1510;05/10/20;WF0AXXWPAAWY24986;MA4382CK
1511;16/10/23;W0L0TGF7532067834;
1512;09/10/20;SARRFYWZSXD328916;MA3595CL
1513;01/01/1;JTDDR38T900190730;
1514;30/09/20;VF1BB0FBF23975880;0064BKC
1515;27/01/21;VF32AKFWF42752613;9748CCD
1516;19/01/21;VF1JM020531989974;
1517;30/12/22;VF1JMSE0637155223;4213FLR
1518;19/01/21;W0L0XCF6844434981;2005CYW
1519;14/06/21;VSSZZZ6LZ5R068815;7202DBN
1520;21/06/21;W0L0SBF08X4281439;BMG876
1521;28/06/21;WDB1704471F044446;7780CKP
1522;04/04/23;ZAR93900007102142;MDT140
1523;08/04/22;VF36E9HZC21399033;6607DTV
1524;11/04/24;ZFA31200003117906;5570JJF
1525;30/06/23;VF30U9HZHAS072723;BCA625
1526;30/06/21;SAJAH51SX3YD22035;A052YCE
1527;01/02/22;W0LF7BCA63V608547;BG52UAF
1528;19/01/21;WF05XXGBB54R26169;5965CST
1529;30/09/20;ZFA18800004809869;8632CZR
1530;05/07/23;1J4GWB845XY510172;7861CBW
1531;12/07/21;ZFA19900001031706;6888DXP
1532;30/04/21;WVWZZZ1JZXB050914;5993FLF
1533;23/03/21;WF05XXBAJ5TA67297;766/15
1534;19/01/21;XLBLC173ETC747143;MA0500BY
1535;19/01/21;W0L0SBF68W4436976;EE958FG
1536;13/10/20;VS6BXXWPFBTG61083;MA5955BX
1537;24/03/21;W0L0SBF68W4217810;V7087FY
1538;09/10/20;VSX000093N4216960;MA2850BF
1539;23/03/21;VF33CRHYB83272525;7514CNW
1540;10/03/21;ZFA19200000250723;6920CDV
1541;19/01/21;VF35FWJZE60165207;7518FSV
1542;30/04/21;W0L0XCE7544043329;3474CML
1543;15/01/21;SJNEDAN16U0277086;3940BWY
1544;30/09/20;KMHJW31FPWU114172;IB7278CX
1545;03/05/21;WF0TXXTTPT6A28279;0497FLY
1546;11/04/22;SED5JMWL4RV642111;5527CDF
1547;11/05/23;VF7RCRHRG76651412;5184DGK
1548;30/06/21;VF39D4HXE92052399;4537BST
1549;05/02/21;W0L0SDL6894211769;DY606TR
1550;05/07/21;JHMEJ93400S011522;B7300PZ
1551;30/03/22;VF36DRHRH21669609;1413FXS
1552;18/02/21;VF34BD8A271272339;768/6
1553;10/11/20;VSSZZZ6KZZR112436;MA5271BP
1554;12/07/21;WDB2110261A363743;7461CMC
1555;28/06/23;WAUZZZ8E05A494439;725/1
1556;12/04/21;WF04XXGBB41E36165;1141BSD
1557;21/06/22;WVGZZZ1TZ5W159443;2518DKZ
1558;19/01/21;WVWZZZ6NZ1Y049520;9247HHD
1559;13/10/20;ZFA18700000374878;
1560;30/04/21;WAUZZZ8DZXA244603;MA1270CT
1561;09/06/23;TMBCR63U169108538;
1562;23/04/21;VF1BB0P0A24572300;
1563;08/07/21;WF0CXXGAECXY75711;4736CYD
1564;30/04/21;WF04XXWPD46R72841;0082FSV
1565;01/07/21;VF32CNFZE40517709;MA6810CW
1566;08/07/21;WVWZZZ9NZ5Y158341;4780DHX
1567;29/06/20;VF37AKFXE32277005;
1568;29/06/20;ZFA18200004976040;
1569;09/07/21;W0L0XCF0834016399;5957CFC
1570;29/06/21;VF1EA0B0525831703;R002VZK
1571;05/10/20;W0L000073V4246223;MA0150CD
1572;09/07/21;SARRJZLLZXM001430;S506AOX
1573;28/06/21;WBAAP32070JK86774;X241ERW
1574;16/07/21;WF0VXXBDFV1C01095;
1575;22/06/23;VF7NC9HD7EY969572;DY864FD
1577;15/06/21;VSSZZZ6KZXR065915;
1578;30/04/21;VF1SBTJ0535390900;5573DYD
1579;19/01/21;VSSZZZ6KZ2R156220;5986BRY
1580;06/04/22;VF7YBBMFB11142591;0442FMV
1581;17/08/20;VF7N1DHYF36658661;3524BCC
1582;28/06/21;WDB2037451A112357;5531BHT
1583;25/06/21;SAJAB02L11FM31226;2370BNB
1584;09/11/20;WVWZZZ1HZVB145987;4961BJY
1585;09/11/20;KNEFB2422Y5439185;V9877HF
1586;02/06/22;KNEUP7512X6102288;MU5618CB
1587;08/07/21;VF7RC9HZC76633566;2551DMC
1588;16/02/21;W0L0ZCF6931051036;0852CHD
1589;18/11/24;WBA3J71000KX31367;
1590;08/07/21;W0L000087P1051016;AL5667U
1591;08/02/21;VF7S0HDZF56635863;MA1464CM
1592;29/06/21;JMBLNN84WXZ006776;7422HKG
1593;22/06/21;VF7N1WJYB73625713;
1595;24/06/21;WAUZZZ8DZYA086766;MA8807CY
1596;05/07/21;VF1KG0D0B32171465;
1597;05/07/23;1FABP44A3HF192110;
1598;10/11/20;VF1JA050523598881;AE145ZJ
1599;05/07/21;WDB1680081J132213;8660CSG
1600;07/12/22;VF33BRHRH84548243;KB55GVN
1601;30/06/21;JMZDW192200131979;GR3032AV
1602;12/07/21;VSSZZZ6KZXR167145;MA0016CP
1603;08/04/22;ZFA19200000396131;9674CTG
1604;03/03/21;VF1DA04B522210004;M6016ZJ
1605;10/12/21;W0L0AHL4855109715;2429DWW
1606;19/01/21;VF7CH6FZB39516054;6609CHF
1607;23/10/20;WAUZZZ8DZXA073636;7367DPF
1608;30/04/21;VF1CM0C0H34336258;9341DZD
1609;24/02/21;VSSZZZ1LZZD320243;MA2045BN
1610;16/05/22;VS5B37300F0009865;MA4012Y
1611;24/06/21;VF3BDDHXA12635505;SE3810DS
1612;09/06/21;VF38BRHZE80850397;2461DDG
1613;19/01/21;VSSZZZ6KZ1R214694;7338BGL
1614;22/05/24;VSSZZZ6KZYR137785;MA4637DC
1615;04/05/21;WVWZZZ1KZ6B036680;6310DSX
1616;12/11/21;W0L0TGF35X2047858;
1617;22/11/22;WAUZZZ8LZVA000618;3841DSK
1618;29/03/21;VF7N1RHZB73238065;1361BMV
1619;29/06/21;WVWZZZ6XZ1W044768;1926BCL
1620;05/07/21;WF0MXXGCDM3M41733;4935CSG
1621;01/07/21;VF7BBRHXA12737357;9944BDJ
1622;29/09/22;W0L0AHL4868137724;1750FGR
1624;26/04/21;VF35FWJZE60329671;1809BGP
1625;08/07/21;VF3EB4HWB13033526;6747FMB
1626;21/10/21;VF7233J5216055057;9643BGT
1627;30/09/20;WF0AXXWPDA4A72938;9767CZY
1628;08/07/21;VF7VDPB0022PB9869;GR2520AK
1629;22/12/20;VF31CHDZE51543275;MA7519BY
1630;25/03/21;VSSZZZ6KZYR168037;MA8344DB
1631;06/10/20;IC3EL65RX4N161671;
1632;09/07/21;SALLNAAA81A338652;
1633;12/04/21;VSX000098N4115012;GR6102Z
1634;16/02/21;W0L0JBF19Y1172748;0060BCD
1635;19/01/21;W0L000036V1113179;GR0570AM
1636;28/08/20;WVWZZZ6NZVY141935;GR7668AL
1637;09/11/20;VF32CKFWF42827062;5908CDP
1638;30/04/21;VF1G40BM521601576;GR8691AW
1639;19/01/21;VF1B56J0519200119;GR7928AT
1640;28/06/21;VF7X1RHZF72388542;8925BBR
1641;29/06/21;JT163EL5400018729;GR5675AK
1642;30/04/21;WF0LXXGBVLTG27064;CB6381BA
1643;09/07/21;JACUBS69DP7104352;MA1923BX
1644;24/06/21;WF0BXXWPRB4S02303;2643DGP
1645;24/01/22;VF1EM1R0A40597932;FE58SWW
1646;19/01/21;VF7GJ9HWC93504344;3724FZX
1647;21/10/20;W0L0TGF7512229638;5016BKZ
1648;19/01/21;VF1CB2DEF32611446;8101DCN
1649;23/04/21;VF7N1RHYF36770236;MA3364CY
1650;28/06/21;ZAR93700003024400;5143BKG
1651;29/03/21;VF1BBR7CF32079187;9100-CZB
1652;29/06/21;KNEFE244255084294;2321FFC
1653;10/11/20;VF1KCTGEF37397450;2313FNZ
1654;25/06/21;TMBHG11U122571588;4839BSK
1655;16/09/20;SJNFFAP12U0170312;7827CVZ
1656;29/06/21;WV2ZZZ2KZ6X114729;0064FDJ
1657;19/01/21;VF37ERHYF33309377;1279BPF
1658;07/01/21;VF1JA0J0517985737;TDLH40
1659;27/04/21;WAUZZZ4BZYN140119;6768CMN
1660;27/04/21;VSSZZZ6LZ4R016475;7750CKC
1661;20/05/21;VSSZZZ1MZ3R048000;8536BZL
1662;23/03/21;VF7VDPG0012PG2662;MA6263CV
1663;09/11/20;VSC742A4707567661;GR8143M
1664;05/07/21;WF0GXXTTPG7C75485;9797FMX
1665;09/07/21;VF7DC4HXE76463981;2589CMC
1666;13/10/20;VSSZZZ6KZXR439848;Z1423BN
1667;09/06/21;VF38BRHZF81343787;8193BMR
1668;30/09/20;VSSZZZ6KZXR010046;SE6727DC
1669;07/01/21;VF7VDPG0012PG2662;GR8691BA
1670;04/02/21;VSSZZZ1MZ1R053060;7214BDS
1671;19/01/21;WF05XXWPD57D49652;5172FXS
1672;22/12/20;W0L0XCF6824240145;7706BWK
1673;04/01/22;VS7ZAZJ0036ZJ2304;MA0181BB
1674;13/10/20;YV1VW1123WF299993;GR8092AV
1675;25/06/21;WDF9036631A945541;614BGG67
1676;09/07/21;VF7S1KFXF57115679;GR5232AX
1677;19/01/21;VF7N1WKZF36817568;GR1343AX
1678;29/06/21;YS3DF55D2X2081762;B6008XF
1679;19/01/21;VF1BG0G0624868601;5825BMW
1680;05/05/22;ZCFC408000D038355;B1101SG
1681;02/07/21;YV1745243M2319779;M1884LW
1682;01/07/21;WAUZZZ8CZNA226750;1087BGB
1683;29/06/21;SB172SBN00R043973;XBC867
1684;19/01/21;W0L0JBF19W1295277;MA5879CP
1685;09/11/20;ZFA18800004792055;6693CTD
1686;01/07/21;1FMDA31UGKZB90298;MA3539CG
1687;10/11/21;SALLNABE22A224614;0741BYR
1688;09/07/21;ZFA23000005766627;GR8124AX
1689;15/01/21;VF7FC8HXB26622895;7309CSF
1690;09/07/21;W0L000044J5259590;GR8589P
1691;03/06/23;TRUZZZ8NZY1074854;W903VRD
1692;24/02/21;VF1F401K407606609;MA1087BD
1693;01/07/21;ZAR93700005086405;5564CGL
1695;15/10/20;JSAFHV51500105746;CA301-CS
1696;08/07/21;VSSZZZ1MZYB012810;7557CDX
1697;03/11/20;ZFA18800004526130;4798BYW
1698;11/08/22;VF7233J4215798440;V924FGC
1699;19/07/21;WDB16803115067757;P2791BCY
1700;30/06/21;WDB1401351A370066;0411BXW
1701;21/06/21;VF3WA8HZC33763061;2037FNL
1702;09/07/21;1C4GYN5M1VU107851;
1703;09/07/21;VF1BMRG0630039545;3668CRS
1704;09/07/21;JSAFHV51500105746;CA301CS
1705;20/03/21;ZFA18880000452613;4798BYW
1706;09/06/21;ZFA18800002470713;5003CYJ
1707;09/07/21;ZFA18800004054792;MA3444CY
1708;30/04/21;VF1JA100S27198883;3470BZC
1709;29/04/22;JT121LK1200072682;RXG036
1710;03/06/21;ZAR93700000508640;5564CGL
1711;14/07/21;WDB2030451F161856;EH7523KA
1712;24/06/21;WDB2102061A860791;HAY456
1713;19/02/21;KL1SF48TJ6B543710;6183DWV
1714;30/04/21;W0L000057R5177067;B1146OU
1715;30/04/21;1C4GYN2W3XU148067;MA0048CX
1716;09/07/21;WF0AXXWPDA4U03627;0746 BGK
1717;30/03/22;KNABJ513LAT994830;7261JJP
1718;11/11/22;KPTG0B1FS5P171398;2952DLM
1719;09/06/21;KMHAC51GPWU051375;MA9280CJ
1720;30/08/23;VF1JK0HA635648314;3780FPW
1721;05/07/21;KL1SF69WJAB129527;4951GYH
1722;07/01/22;W0L0AHM75A2029977;7331GTK
1723;25/06/21;KNEBA24424T031324;7332CYG
1724;26/01/21;YV1LS5506P2098254;MA1997BK
1725;18/02/21;VF7CH6FZB38774022;M2355ZD
1726;10/05/21;VF1B5710509441572;MA-8321-BJ
1727;26/10/20;;0
1728;04/04/22;VF1EM0C0H32688197;6337DDG
1729;29/06/21;UU15SDAG548530563;3590HRG
1730;29/06/21;KL1SF487J7B729852;3152FPP
1731;09/07/21;WDB1260341A401329;
1732;30/06/21;WVWZZZ5ZZ74141069;
1733;04/05/21;WDB1704471F046358;9975BWC
1734;22/06/23;WF0RXXGCDRAB22618;8356HJZ
1735;22/03/22;VSSZZZ1PZ7R076345;2793FMD
1736;12/01/21;KL1NF48BJ6K406085;2783FMV
1737;29/03/21;VSSZZZ1MZ4R025724;3256CLT
1738;29/03/21;WAUZZZ8LZVA081891;2418CMS
1739;12/04/22;TSMMMA53S00154209;2602BRD
1740;05/07/21;WAUZZZ8LZ1A072915;7356BJN
1741;30/03/22;WV1ZZZ2DZWH020644;SE0880DC
1742;22/06/23;WDB2112261A270358;XVM800
1743;29/04/25;;5773JNX
1744;26/01/21;VGAS1CADA00303050;C2884BRF
1745;17/06/21;VS5B40205L0006562;MA8590AW
1746;19/01/21;WF0AXXGBBAYA49831;MA9343DB
1748;22/06/21;YV1VS788Z1F738212;8541BKC
1749;09/07/21;VSSZZZ6LZ4R180526;8214CTM
1750;24/06/21;VF7CHRHYB39499763;0797CGK
1751;16/07/21;VF7ZAAMFA17141284;1189CBV
1752;25/06/21;VF7FC8HXB26106719;0676CDT
1753;28/04/21;VSSZZZ6KZYR157193;MA8944DB
1754;25/06/21;SJNFBAP12U0124585;2233CKW
1755;15/04/21;VF7N1NFUB73248054;4888BPS
1756;15/04/21;W0L0TGF4828041151;5763BRR
1758;05/07/21;TSMMMA53S00123861;3842BFD
1759;30/06/21;VSSZZZ6LZ7R011759;2095FCM
1760;30/04/21;VF1LMRG0629781234;8855CPR
1761;30/04/21;ZAR93200001139378;GR4238AY
1762;12/06/23;UU1LSDA1P45688092;0062HHK
1763;29/10/23;WAUZZZ4B02N067617;4158BST
1764;30/04/21;VF7N1WJZF36849395;C00286AX
1765;30/03/22;1C8FYB89X2T233823;7551BZS
1766;14/04/21;VF37ERHYE32749605;MA4816CU
1767;30/06/21;1C4GYN2M2YU537963;9753BCH
1768;30/04/21;WVWZZZ1JZYW098497;MA5846CU
1769;19/11/20;;
1770;05/02/21;ZFA19200000335287;3715CND
1771;20/07/21;VF3ZCPMNB17302014;3725CTS
1772;19/03/24;VF1CMRF0529667957;CL012AH
1773;27/04/21;VF37BKDX230699849;MA0784BV
1774;27/04/21;VF32E8HXF42926774;HPHC6606
1775;08/06/22;VF36DRHRG21331258;1402DNX
1776;11/04/22;WVWZZZ1KZ6W555008;3715GGZ
1777;09/07/21;WDB2100612B145384;7454HCH
1778;22/02/21;VF1CMSE0636559407;9178FHZ
1779;11/04/22;VSA63819413284216;L5573AH
1780;30/04/21;VF31CKFWU52700648;0997BMV
1781;05/07/21;VF33C9HYB83930524;1616DFK
1782;22/11/21;WBADD61090BR03837;1811CLW
1783;22/02/21;WF0AXXWPDA4L20952;2743DHY
1784;14/06/21;VF1KG0A0526402314;4241TE
1785;04/04/22;ZAR93700005170218;4619DMS
1786;17/06/21;W0L0ZCF6851126444;5279DLX
1787;14/06/21;W0L0ZCF6941045748;6385CRM
1788;08/04/21;ZFA18700000936630;6523CCR
1789;03/03/21;VF1DA04B521792479;6531BDZ
1790;19/01/21;WVWZZZ6NZ1Y304612;7447BKC
1791;03/03/21;VF1LMK40637429431;9355FNM
1792;27/04/21;WVWZZZ1HZRB139935;MA6489BP
1793;12/04/21;WF0WXXGBBW1P12790;3800BKS
1794;09/07/21;WF0DXXGAJD4G01242;4826CYL
1795;04/06/21;WDB2021211A520523;5DVF98
1796;05/07/21;JSAEGA11S00181516;9798BCD
1797;19/01/21;KMHVF31JPU0800305;MA2856BK
1798;27/04/21;VF38BRFVD80045979;MA8027CF
1799;05/07/21;VSSZZZ7MZTV503715;SS1696AX
1800;05/07/21;W0L0ZCF6931035681;1466CBT
1801;27/01/21;WF0AXXWPDA1B28972;9085BLK
1802;17/02/21;VF1JMT4N638192830;6425FSR
1803;27/04/21;WF0NXXWPDN1U06105;8849BGC
1804;23/02/21;VF1C066MG19935986;MA8941CS
1805;19/01/21;WVWZZZ6NZTY027520;MA9292BV
1806;30/04/21;VF1BR1G0H39253448;0037GCP
1807;17/05/21;VF1JMSK0B39211251;0244FZP
1808;17/02/21;W0L0TGF6915329773;0696BMY
1809;13/07/21;JMZDE14J280123892;0738GBZ
1810;07/06/21;VF7CHRHYB39458592;0996CDM
1811;05/07/21;VF1JMRG0634260163;1312DWW
1812;22/03/22;W0V0XEP68K4052449;1353KRV
1813;26/02/21;JMZBK143251166472;1414CYK
1814;23/06/21;WF0HXXTTPH3L06548;1843CKZ
1815;09/07/21;VF1JMSG0632816813;1PYG190
1816;09/07/21;VF1JM020530188207;2093CVD
1817;09/12/21;VF33E9HXC85081744;2681FWB
1818;30/04/21;ZFA19200000101872;3179BTF
1819;05/07/21;VF7BZWJZA12771123;3559BFB
1820;19/02/21;WAUZZZ4BZ1N118865;3827BHW
1821;02/06/23;VF7UA9HZH9J178773;3917GNR
1822;27/04/21;W0L0TGF7522159837;4067BTJ
1823;18/06/21;VF33A8HZB82320221;4924CDR
1824;19/01/21;VF1CM0C0H27770485;5029CCT
1825;20/03/21;ZFA18800004601313;5575CGT
1826;21/06/22;VF1FW14BE47762449;6094HMR
1827;29/03/21;VF32AWJYF41283850;6698BCY
1828;30/06/21;ZFA22000086176408;7066DHS
1829;08/06/21;VF32AKFWF42316885;7428BTF
1830;09/07/21;VF33CRHSB83021382;7678CMH
1831;28/11/22;W0L0AHL0875192239;7773FWX
1832;30/04/21;KNEUP751346567785;7848CYF
1833;30/06/21;ZFA22300005231248;8128CPZ
1834;01/02/22;VF36D9HZC21738220;8290GGR
1835;21/01/22;WDB2030061A362471;8529FFR
1836;08/06/21;VSSZZZ6LZ3R220477;8708CGR
1837;17/02/21;VF32A8HXF42579287;8711BXX
1838;05/07/21;XMCXNZ32A5F045036;9027FBC
1839;05/10/21;VF7BBRHXA12691268;9472BBV
1840;02/06/23;WAUZZZ8K9FN005925;9743HYS
1841;19/04/21;VF1BG0E0527235884;9855BZC
1842;29/06/21;W0L0TGF7512180643;BP582EK
1843;09/07/21;WAUZZZ8L73A064452;BW336NV
1844;22/03/22;VSA63809413322194;HAF255
1845;19/01/21;VF1BA0E0516276775;J2932Y
1846;22/01/21;VF7N1WJZF36474047;M5724XB
1847;19/01/21;WF0FXXWPAFWL70729;MA0187CJ
1848;26/01/21;VSSZZZ6KZYR052084;MA2094CY
1849;29/06/21;VS7MFD9BE65081151;MA2555CF
1850;01/07/21;VF32AHFZE40152543;MA2868CP
1851;17/02/21;ZAR93200000104815;MA3301CZ
1852;09/07/21;VF1L53A0512521453;MA4420BP
1853;19/01/21;WF0AXXWPDAXD82311;MA4905CU
1854;09/07/21;WBACG11080KD46248;MA5577BX
1855;19/01/21;WF0FXXWPDFXC24336;MA5739CP
1856;29/03/21;W0L0TGF48Y5102509;MA6520CZ
1857;09/04/21;W0L0SBF08X4239164;MA7515CS
1858;30/04/21;VF33CKFUC83617577;PFMQ707
1859;19/03/24;VSE05JJ4C00129280;T1787AK
1860;08/06/21;VSSZZZ6KZXR140436;T6693AY
1861;24/02/21;ZFA22000012804465;3556BLT
1862;29/03/21;VSSZZZ1LZTR061671;MA4388BZ
1863;19/01/21;VF7N1WJYB73076514;9791BHB
1864;06/05/21;KMHJG31RPXU138315;GR1056AV
1866;09/12/21;WDB2200701A000433;MA3576CY
1867;09/07/21;WF0EXXGCDE8K13679;5758GMW
1868;30/04/21;WF05XXGBB53C63612;4657CFR
1869;24/06/21;WAUZZZ8DZVA079497;MA2578CB
1870;22/12/20;WBACC31030EN20357;SE5393DF
1871;09/07/21;VF7DERFNC76086832;G98695
1872;09/06/23;W0L0AHL6775120907;7960FMN
1873;30/06/21;KMHJG31FPXU130547;
1874;19/01/21;WF0AXXGCDAWA46821;0618GDZ
1875;22/06/21;WVWZZZ9NZ2Y034396;3710BWH
1876;29/03/21;WF0AXXBAJATS34806;MA5604CB
1877;19/01/21;VF32AKFWF41614453;2048BHY
1878;25/06/21;VF315BA8270649885;CE7463E
1879;29/06/21;VSSZZZ1PZBR068143;5672HDX
1880;11/09/23;W0L0TGF7542079461;3533 CRJ
1881;09/07/21;VSSZZZ6LZ4R016854;1289CKN
1882;30/06/21;SHHCG7520YU004152;MU2964CF
1884;12/04/24;VSE05JJ4C00129280;T1778AK
1885;19/01/21;W0L0TGF0818008533;0826BBD
1886;08/06/21;WF0BXXWPRB6T20757;5372KSC
1887;30/06/21;VSSZZZ6LZ4R021018;2789CKM
1888;22/02/21;W0L0SBF6BX2415293;Z1324BK
1889;19/01/21;VF7BARHXB86024588;5564CJP
1890;01/06/21;VF1LA0F0G16372698;CO1453AN
1891;29/03/21;VF7S1VJXB57920683;7997CHR
1892;05/07/21;WVWZZZ3BZVE033402;5752CMW
1893;05/07/21;WDB2084472T027755;
1894;23/04/21;VF1BB0S0F21723221;A6701EG
1895;21/01/21;1C4BJWHG4EL234982;
1896;25/11/22;WV2ZZZ707MH107956;B041102
1897;19/01/21;W0L0HAF681G064437;5518BHL
1898;30/04/21;VF1KC0DAF19265097;B2412VC
1899;29/06/21;VF36DRHRJ21430347;8357DVV
1900;22/01/23;WMWRA31080TA03909;0919GHP
1902;30/04/21;WAUZZZ8DZXA273610;M7383YJ
1903;09/07/21;SJNBAAP11U0108860;T1887AU
1904;22/03/21;VSSZZZ6LZ8R084225;7215FXD
1905;27/04/21;VF37BDJY231410170;MA7623CC
1906;03/02/21;VF7CH9HXC25795355;
1907;30/04/21;KLA4M11CD3C866160;7111CFF
1908;05/07/21;VH8LYBBL0AG053072;C7674BBJ
1909;01/01/1;ZFA175000P0012704;4361CSY
1910;05/07/21;VLGK34VBAC3058108;C5896BRY
1911;05/07/21;VMSCH220050004980;C7735BRL
1912;08/06/21;VF7BBWJYB86045709;0785CMZ
1913;30/04/21;VSSZZZ6LZ4R055002;5333CMG
1914;30/06/21;WDF63960313010605;2089CVR
1915;24/06/21;WBAGF31050DK20494;MA0696CD
1916;29/03/21;VF1BA0LLG19279206;MA9096CP
1917;14/06/21;WVWZZZ3BZ4E307254;KM04GXN
1918;27/04/21;FIAT07353682470;7402DKS
1919;14/10/21;VSSZZZ6LZ7R208925;2440FXC
1920;22/03/21;VF1KC08EF28499164;7617CFT
1921;29/03/21;WVWZZZ1HZ1W060747;CO6917AU
1922;13/04/21;VF1JMRF0529934938;8809CPW
1923;29/03/21;VF7N1RHYB73232210;4028BMH
1924;30/04/21;ZFA22300005531197;9627FTV
1925;09/07/21;W0L0SBF25X3059920;
1926;30/06/21;ZFA18700000936490;1449CDK
1927;06/07/21;KPTL2B1DSXP041295;MA0754CT
1928;22/06/23;1J4GZB8S1WY103129;R94FWC
1929;05/07/21;WBAAU51050KN01097;1791BXH
1930;27/04/21;VF1SB8M0537878677;1853FXJ
1931;27/01/21;WF0BXXWPRB3K71951;2972CFS
1932;09/07/21;VF33CNFUB82866483;3489CKN
1933;27/04/21;VF1BB07CF27014883;3694BXJ
1934;16/01/25;VF654ANA000009829;4004DJG
1935;30/06/21;VF3233J4215545942;MA3618CL
1936;01/07/21;WF0PXXWPDP8D11816;4069GHV
1937;09/07/21;VF1FC0JAF35167279;4330DVK
1938;09/07/21;ZFA16900001199753;4695GMJ
1939;29/09/22;KMHJN81VP5U014502;4817DBH
1940;19/04/22;ZAPM3630000015548;5021DCD
1941;25/06/21;YS3EF58E8X3090162;MTY-992
1942;30/04/21;VF1KC074F35132145;8048DWV
1943;09/07/21;WF0AXXGCDA3K07377;5024CGS
1944;29/06/21;ZFA19200000503260;6062DLH
1945;11/06/21;VF3WC8HZC34112235;6668GCH
1946;17/11/21;VF7ZAAMRA17221592;6859CGS
1947;28/06/21;WAUZZZ8P54A101633;7218CPH
1948;05/07/21;VF1JMSE0634364914;7166DPP
1949;14/06/21;VF1BMRG0631445938;7480CVB
1950;25/06/21;WVWZZZ3BZVP105975;GR6431AM
1951;02/07/21;MAT4030746NL01760;8763FMT
1952;30/06/21;VF652AFA000000301;MA2716CY
1953;09/07/21;W0L0TGF0815114521;6682BFY
1954;28/06/21;VF7LA9WXT74514688;9116FCR
1955;28/04/22;VF642AEA000008605;4Z02706
1957;27/08/21;VF1JMGED638862704;HN57OHW
1958;09/07/21;WF0NXXGBBNWB48334;MA6644CP
1959;09/07/21;VSSZZZ6LZ6RS39506;2158DYK
1961;30/06/21;1J4GWB846YY112437;
1962;01/07/21;VF1T3X30511347671;GR0176AG
1963;21/10/21;WJMA1VN0004314711;7888HCR
1964;25/01/21;;
1965;15/03/24;U5YFF24427L009959;7772FNC
1966;05/07/21;WBAAL71060KE51554;9847BXL
1967;29/06/21;VSSZZZ1MZ4R002325;9849CKM
1968;27/06/23;YV1CZ796451190887;9923DHM
1969;29/06/21;VSKEEVC23U0196554;A2569CS
1970;03/09/21;WVWZZZ9NZ6Y094456;EK139DT
1971;27/04/21;VSSZZZ6KZYR003871;GR9105AX
1972;30/04/21;VF7S1VJZF57079901;MA1233CY
1973;01/07/21;W0L000087N1021622;MA6333BD
1974;27/01/21;VSSZZZ6KZVR028799;MA2332CH
1975;24/08/21;VF1CB0A0F17860562;MA3860CK
1976;27/04/21;WF0AXXWPAAVC78049;MA4684CG
1977;22/03/21;WBAAM11080FN60579;MA5737CN
1978;29/03/21;VSSZZZ6KZVR165534;MA6086CD
1979;29/03/21;WAUZZZ8LZYA005764;O0659CF
1980;25/06/21;WDB9023622P768126;R268AVR
1981;27/01/21;W0L0SBF68W4288024;ZA8124J
1982;08/06/21;W0L0XCF0814272204;0816BKM
1983;04/04/22;W0L0SDL6874293481;1436FNP
1984;19/02/21;VF7DCRHZB76101217;3771BPX
1985;06/07/21;WDF63809413546339;4676CLP
1986;14/06/21;W0L0AHL4878085451;4907FPX
1987;14/06/21;W0L0XCF0844389260;8432CXV
1988;29/03/21;VF32AKFWA47543898;9364DZR
1989;25/03/22;VF36DRFJC21565235;9617FJJ
1990;05/07/21;WDB2021331A636444;EB837NG
1991;27/01/21;VS7N2C30002C38333;MA5278BH
1992;27/01/21;VSX000073R4209840;MA8524BL
1993;24/02/21;VSSZZZ6KZTR177805;MA9627BW
1994;09/07/21;VF1FC0EHF22180050;6726BDZ
1995;18/02/21;ZFA18800000198340;8073FXY
1996;06/07/21;WVWZZZ9NZ3Y161593;3282CNM
1997;05/07/21;WBAGF63245DH00001;M5087YB
1998;01/07/21;KLA4M11BDYC489434;CR2380Z
1999;30/04/21;WVWZZZ1HZVB070746;M6508UB
2000;22/03/22;W0L0AHL3572239944;FN57ZYJ
2001;29/11/21;VSSZZZ6KZZR586193;
2002;08/03/21;WF0AXXWPDA1U21213;6154BHV
2003;02/06/23;1FTNX21F82EB46622;LT52OEN
2004;08/06/23;WVWZZZ1KZDW100094;GF62UBD
2005;05/06/23;WMWMF31020TT70779;5424FRF
2006;22/02/21;VF37EWJYF33315010;8511BTR
2007;21/03/22;VS6AXXWPAARM06636;LE3278Y
2008;22/03/22;VSX000078R4396646;GR9004AG
2009;24/05/21;VSSZZZ6LZ6R038077;1429DNN
2010;30/04/21;WF0AXXGAJAXJ10410;MA3238CX
2011;09/07/21;KMHPN81VP4U116431;1814CPD
2012;10/05/22;WAUZZZ8E92A276480;8088BVM
2013;30/03/22;VF1FDB1D637541293;0119FRS
2014;14/07/21;VF1BB0FBF24481165;8741BGX
2015;28/03/22;NMTEX28E40R007509;8143CMT
2016;04/05/21;VSSZZZ6KZYR107205;MA0530CZ
2017;12/07/21;VF1BA0L0G18398987;M4050VZ
2018;30/03/22;VF33BRHRH84592901;0299DXJ
2019;24/06/21;VF1JA050525262748;1196BMV
2020;18/04/23;WVWZZZ3CZ6P143336;8056DXK
2021;02/06/21;VSC20CA9201856359;M5550JW
2022;24/06/21;VF1KG0F0628008530;9901CDD
2023;30/06/21;VF36ERHRG21359741;5813DRC
2024;15/03/24;VF10A0NM522125086;2978BKK
2025;05/07/21;VSSZZZ6HZYR014508;MA8950DB
2026;08/03/21;WF0FXXWPDF2A02219;9823CCP
2027;12/07/21;WVWZZZ1JZYB108470;M7911YW
2028;12/07/21;SJNFAAK11U0617628;MA4351CD
2029;27/04/21;KMHJG31RPXU139429;MA8615CU
2030;07/11/22;WF0JXXWPJJBE38590;2136HDB
2031;20/07/21;SJNBHAN16U0376575;1466CJJ
2032;08/03/21;W0L0TGF48Y6148922;9660BBG
2033;08/06/23;WAUZZZ8PXAB015935;RV10AB0
2034;05/10/22;VSSZZZ5PZAR022447;3798GTW
2035;11/11/22;1FMDU73E7YUB78350;23JDKB
2036;07/01/22;VF37BWJZT32717840;GR8951AU
2037;20/04/22;VF1BZ1A0747202140;1617HKJ
2038;25/06/21;VSKBHC220U0110712;MA1804BM
2039;24/11/22;WBABA110X02152945;
2040;07/04/22;WBABT11050JA51905;9989BFM
2041;22/10/21;W0L0XCF6824034768;4998BPY
2042;29/04/21;WAUZZZ4F19N050757;
2043;09/11/23;VF1EM0U0636014340;G8275B
2044;05/07/21;SJNFAAN16U0406798;EA03YBS
2045;12/07/21;WF05XXGBB56T85646;MJ56ZYE
2046;13/10/21;VF33CRHYB83291625;4887CPC
2047;25/05/21;VF7MFWJZF65285892;MA7077CT
2048;31/08/21;VF1CB05CF24749621;1204BMD
2049;25/06/21;VF32E8HXF43277730;7100CLH
2050;17/04/21;VS7VDPG0058PG7214;MA4027BH
2051;05/07/21;VF38CRFVE80373528;MA9503CJ
2052;29/06/21;WAUZZZ8DZVA156592;B8760TC
2053;05/03/21;VSX000073R4234572;GR8516AG
2054;12/07/21;VF32A8HXF42912792;6656CGT
2055;29/06/21;VF33HRHSB82964843;5757CGZ
2056;12/07/21;VF1KC0NEF29204630;4194CLM
2057;06/07/21;SJNFDAN16U0528530;2996DBJ
2058;01/07/21;KLATF086EXB370349;AL9559AF
2059;09/06/21;ZFA18500000011652;
2060;11/04/22;VF1JDELD523282134;7935BCX
2061;25/06/21;WDB1681091J944995;0918JSH
2062;11/06/21;VF7N1RHYB73755564;7948CGX
2063;29/09/22;3VWN4B1C8WM034737;G7812E
2064;05/07/21;VF1KC0EAF22744817;5693BHL
2065;23/02/21;;
2066;09/07/21;VSSZZZ6KZXR080824;MA3914CM
2067;02/06/21;VSSZZZ6LZ3R245968;6604CHM
2068;14/04/21;VF7N2WJYB73597308;0843BWV
2069;12/07/21;WF0AXXGBBAWA23959;SS4298BD
2070;05/12/22;KPTE0B1DSWP149982;TF2104BV
2071;25/06/21;VF33C9HYB83942074;9800DGF
2072;06/06/22;KMHAH51GP1U109749;3356BDT
2073;24/06/21;WV2ZZZ70ZRH099282;MA8250BM
2074;22/06/23;WAUZZZ4B02N074504;
2075;12/07/21;VF1CMRF0532903190;3091DDK
2076;11/07/24;JSAJTD54V00248736;0897FZF
2077;27/04/21;WVWZZZ1JZYD748308;RNR684
2078;12/07/23;WVGZZZ7LZ5D006803;7380CYG
2079;12/07/21;WBACG11080KD89780;8106CMD
2080;15/03/24;YV1SZ793731111447;5767CGG
2081;27/04/21;WVWZZZ6NZTW078021;4323FJR
2082;19/07/21;W0L0XCF0846164841;8943DFB
2083;30/04/21;WF0AXXBBAAWP53907;MA7393CM
2084;31/05/22;VF7ZBRM1B17565110;2173DHS
2085;09/07/21;VF1JK0BC628339907;2465DKZ
2086;30/03/22;VF1BZ1G0249031039;0653HRZ
2087;30/04/21;KLATF48YEXB446963;MA0696CW
2088;30/04/21;W0L0TGF08X5249440;Z0388BM
2089;01/07/21;WBAAM32030FP03108;S511MBY
2090;20/07/21;WAUZZZ4DZTN007879;MU5050BZ
2091;25/05/21;VF1LA0R0519990257;M8084XV
2092;02/07/21;VF1FC0JJF30172168;0400CSW
2093;01/07/21;WVWZZZ1HZTW410344;MA5109BZ
2094;16/10/21;KL1NF486J6K353087;1182FCF
2095;30/06/21;VF1FDALD523282129;1652BCV
2096;27/04/21;VF7S1HDZF56953508;2290BTH
2097;31/03/21;W0L000056S5177221;MA8160BT
2098;02/06/21;VF33H9HYB83924193;8448DGK
2099;09/07/21;VF1KGRF0B30261116;1009CRR
2100;09/07/21;VSSZZZ6KZ1R124386;3659BBY
2101;31/05/23;WDB1704471F156275;8639CGX
2102;30/06/21;VF1FLAMA6BY391262;
2103;22/03/21;VSSZZZ1LZZR048850;
2104;27/09/21;KMHHN61BP2U038452;2985CVB
2105;05/07/21;SAJAA02E1XFL16400;MA6936CU
2106;12/07/21;VF1JM0C0H29571810;8230CSZ
2107;27/04/23;VF1DZ1S0644696512;9315HCD
2108;27/04/21;W0L0TGF4826124965;5318BZD
2109;29/03/21;W0L0TGF08Y5007479;MA0730CZ
2110;08/07/21;VF38BRHZE80815455;MA9271CV
2111;12/12/23;VF7ZCRMNB17554378;3707DF
2112;30/06/21;ZFA22300005395411;0933FFS
2113;29/03/21;W0L000073S4295627;MA3314BU
2114;09/04/21;W0L0SBF08Y4039970;MA4042CY
2115;08/06/21;VF7N1RHYB73106655;9961BDZ
2116;25/05/22;ZAR93700003242081;9019CYC
2117;09/02/23;SHHEU97203U103584;7052CLN
2118;03/09/21;KMHCG51VP3U191173;0955CJJ
2119;18/06/21;ZAR93200000184020;2414BLX
2120;22/06/23;WDB1400631A211937;8944GZD
2121;20/09/23;WBAEK12040B865882;LT56TVA
2122;09/07/21;WVWZZZ3BZXP130429;NA9432AW
2123;26/04/22;WDB2030041A364957;MTK115P
2124;12/07/23;WAUZZZF48GA012670;DS65ZYB
2125;30/06/21;ZAR93200001233606;5027BKN
2126;09/06/23;WV1ZZZ2DZ4H019941;6891CXW
2127;02/07/21;KMHPN51VP2U026482;8631BRV
2128;30/05/24;VF33CRHRH83873814;4150DDF
2129;30/06/21;KMHVA31NPWU253214;GR8841AM
2130;14/07/21;SJNEHAN16U0393930;8284CGJ
2131;13/05/21;W0L0JBF19Y1148528;SE6342DU
2132;19/04/21;VF1CB0F29729020;7209CNH
2133;19/05/21;VS6AXXWPAAPK80254;GR0486AG
2134;04/04/22;WME01MC011H012867;Y987TOC
2135;06/07/21;XMCLNDG4A3F008843;3492CFK
2136;29/03/23;WVGZZZ7LZ3D013516;9888DPX
2137;27/04/21;WF0AXXGAJAYG43151;MA8831DF
2138;15/04/23;ZLA84300003107346;0580FLY
2139;11/05/21;VSSZZZ6LZ7R133582;0160FKS
2140;03/08/21;VF7FCHFXC28946004;9667-FTW
2141;28/06/21;ZAR93200000242071;3109DFB
2142;12/07/21;VF1BB2T0534170134;4624DRB
2143;29/06/21;VF37BDHYE32654332;M5505XL
2144;12/07/21;WF0NXXWPDN3M24170;9750CPN
2145;05/07/21;SJNFAAK11U4140963;6175BSG
2146;26/05/22;JMZDE144280162636;3577GJC
2147;27/04/21;YV1LW7206W2406865;7621BYT
2148;13/07/21;SHHEU87203U204005;7964CHR
2149;12/07/21;WVWZZZ3BZ2E320194;8133BTL
2150;19/05/21;VF7S0VJZF56172244;MA6748CB
2151;05/07/21;VS7N2H90002H91172;MA1540CK
2152;25/06/21;VF33E8HZB83137998;4958LBG
2153;25/06/21;VF1KM0G0629335720;2467CNF
2154;01/07/21;KLAVF69Z12B334342;2098BVM
2155;30/04/21;WF0FXXWPDF1C24577;1548BRC
2156;19/11/21;VF7N0NFZF36991411;MA8002DF
2157;30/12/21;VF3WCKFVC34525845;4961GHK
2158;29/12/21;WF03XXGCD35U49062;4570DTB
2159;14/06/21;W0L0TGF08Y5065210;GR4708AW
2160;29/06/21;WF0MXXGCDM3M32333;4681CRC
2161;30/04/21;VF32AWJZT40404845;MA5472CV
2162;18/07/24;VF36JUHZJ21463519;3883FKV
2163;29/06/21;VSSZZZ6KZVR156382;ML2324E
2164;15/04/21;WF0FXXWPDFXS40559;SE5567DN
2165;20/06/23;WDC1631131X712807;4503CXT
2166;27/04/21;W0L000075T4292036;MA1905BZ
2167;23/07/24;WDC1569081J089871;5887JBS
2168;21/06/22;WDB2083351F088303;CCH9Y04
2169;30/03/22;WF0PXXGCDP8B02658;2179GBG
2170;30/03/22;WDB2011221F199856;4685HWG
2171;12/07/21;WF0UXXTTPUAT13342;8907GYN
2172;15/05/24;VNKKD3D380A349900;
2173;15/06/21;SFA5XXBAF5PE11438;MA3689BL
2174;30/06/21;VF1BM0G0629350053;7024CLC
2175;19/04/22;TMBPF46Y544058427;8619CZF
2176;27/04/21;W0L0TGF4835073983;7822CCL
2177;29/06/21;WVWZZZ1JZ2W481629;2650BSH
2178;30/06/21;WF0HXXWPJH3C56357;8701CDW
2179;07/06/22;WVWZZZ1KZ6B054372;793/17
2180;12/05/21;VSSZZZ6KZWR058219;MA9498CG
2181;19/07/21;VSSZZZ6KZ2R022182;2629BKP
2182;16/06/21;VF1DA050526637508;5980BVG
2183;05/07/21;ZCFC357010D100205;M2872XT
2184;12/07/21;;3076CHM
2185;05/07/21;JSAEMA81S00303737;CC4906U
2186;06/07/21;VF1C0635512180314;794/43
2187;12/07/21;ZFA18800002320643;2819BSY
2188;27/04/21;VF32CKFXE41094361;6682BCY
2189;17/05/22;WBAAT51090FW14904;4239BPB
2190;27/04/21;W0L0TGF6915105427;1650BKR
2191;29/06/21;VF1G40BM520012108;MA8676CT
2192;29/06/21;VF7MFWJZF65444828;MA6166CZ
2193;27/04/21;WVWZZZ1JZXW455361;9460FJZ
2194;11/10/23;WBAUB31040VH40343;795/56
2195;01/07/21;VF32AKFWF41994893;5857BRM
2197;22/06/23;VF611GTA000120034;8917CCF
2198;12/07/21;VF37BNFZ231369873;M4052UG
2199;01/07/21;KLATF08C12B743301;9604BYD
2200;06/07/21;VF1C0660516086221;6740BGW
2201;05/01/22;JSAEGA11S00162409;SE2614DL
2202;15/12/21;VSSZZZ6LZ5R016500;7297CXT
2203;22/06/21;ZFA22300000509225;4054TD
2204;30/03/22;1C3ELB5H0TT295213;574NB
2205;25/05/21;VF7CH9HXC25795355;1132DYB
2206;23/06/21;ZFA19200000474520;4339CXF
2207;28/06/21;W0L0TGF4835095285;799/43
2208;05/07/21;VF1853A0513109524;MA8293BS
2209;30/03/22;TSMMZC11500145164;XT31779
2210;29/06/21;VF1JMG4D635283863;0639DVZ
2211;12/07/21;WF05XXGBB51E37598;3760BWF
2212;30/03/22;KNEBA24424T064471;57PRKP
2213;30/04/21;VF7MFD9BE65197122;CO3462AS
2214;12/07/21;WVWZZZ6NZXY095710;MA4134CM
2215;01/01/1;1J8GLN8702W291726;CB297HA
2216;09/01/25;TSMEYB61S00199168;7749FXM
2217;04/06/21;VF1BB07CF28304824;3314CHC
2218;19/04/22;WDB1260391A472511;F968SJD
2219;12/07/21;WF05XXGBB54A43396;8071CTX
2220;30/06/21;WBACG110X0KB94473;MA2513BS
2221;10/07/21;WVWZZZ1HZRW020717;CO4595AG
2222;23/06/21;WAUZZZ8DZYA065947;B8426XC
2223;02/06/23;WAUZZZ4FX7N017947;8217FDR
2224;25/11/22;WDB2110061A364767;CW459QG
2225;02/06/23;1A8G6E7M57Y549720;DG577YH
2226;09/06/23;SALLMAMA42A100156;5114CDV
2227;19/04/22;1C8GYN2M61U126991;6688BMM
2228;08/06/23;WDD1690312J823190;KV10LH0
2229;19/11/21;W0L0XCE7544275593;KD04YGV
2230;07/12/21;VF1FC1FAF37777800;5089FRJ
2231;05/07/21;VSSZZZ6LZ7R012217;8826FFZ
2232;22/06/23;KMHHNG1BP2U003442;9227BVM
2233;13/10/21;VSSZZZ1MZ1R072632;7103BGV
2234;29/09/22;VF1EM1R0H36553582;M56MZD
2235;29/06/21;VF7N1NFUB73217421;9233BLX
2236;12/07/21;ZFA18800002315444;4939BVK
2237;07/01/22;VF1CB0P0GZ7875974;1381CBP
2238;27/01/24;WAUZZZ8LZWA008334;MA2110CG
2239;01/07/21;VF32A8HXF42985333;6142CFF
2240;28/04/22;W0L0AHM7562047914;9792DTP
2241;28/06/21;VF33CRHYB84028186;7508DNM
2242;05/07/21;W0L0XCF0814195486;2099BJB
2243;09/07/21;KNEBA24326T308459;0583FCS
2244;22/02/23;SB1DW56L50E032593;5212CPC
2245;16/03/24;VSSZZZ5PZ9R023061;NBA04NC
2246;29/09/22;WVWZZZ6KZXR568962;RVBE450
2247;12/07/21;ZFA23000006099099;1770BKC
2248;08/06/21;VF31AVJZE51937301;MA3399CF
2249;18/11/22;WF0UXXGAJU2B65884;2796BZS
2250;19/09/23;ZFA19900001147382;4551KPV
2251;10/11/22;KNEBA24326T307199;4324FCV
2252;23/03/24;WV1ZZZ2EZ76015598;1978FJD
2253;28/03/22;SARRTZLNR4D635014;7686CTV
2254;20/03/24;W0LGT67K091008783;BY663RX
2255;12/07/21;W0L0TGF4826084135;8049BWL
2256;27/05/23;VSE0SJJ5C00027113;CN649QA
2257;26/04/22;WDB2032061F286861;GA6822P
2258;09/07/21;KNEBA24326T308381;8904FCR
2259;05/05/21;VSSZZZ6LZ5R206966;1443DNC
2260;09/07/21;KNEBA24326T307200;0911FCS
2261;09/07/21;KNEBA24326T297574;0630FCS
2262;09/07/21;KNEBA24326T308455;0545FCS
2263;09/07/21;KNEBA24326T308404;8901FCR
2264;25/11/22;WVWZZZAUZFP109663;1719JFV
2265;01/07/21;VF1FDCNH528842070;5447CHG
2266;12/07/21;VF7CHRHYB39823718;7156DCG
2267;12/07/21;VF7S1KFXF56133649;GR3510AL
2268;14/07/21;YV1VS14K31F744625;7924BLB
2269;25/06/21;VF35FWJZE60247394;MA3623CY
2270;01/02/22;VSSZZZ6KZXR231220;MA2432CS
2271;05/06/23;JN1HEAB13U0023378;MA1270CK
2272;14/06/21;VSSZZZ1MZ3R102969;0228CHH
2273;28/06/21;WVWZZZ3BZ1P205137;0549BGP
2274;26/01/23;WAUZZZ4BZXN054839;1721CJF
2275;29/06/21;WF05XXWPD55M39372;2979DKR
2276;14/12/22;ZCFC357100D170404;1011BVX
2277;25/06/21;VSSZZZ1MZ4R034003;3731CMY
2278;21/04/22;WBAUB51000VB89467;5078GCD
2279;04/05/22;JMZGY19R201212910;5614DNP
2280;09/11/22;WDC2030062R034369;4661JTC
2281;19/04/22;WF0DXXGAJD4C35892;1174CZZ
2282;01/07/21;KLA4M11CD5C032450;2206DDS
2283;05/07/21;VF1JMSE0639881217;2649GDL
2284;04/04/22;SAJAF52T646D90519;2279CTN
2285;19/04/22;WDB2011261F775934;2862GPN
2286;04/05/23;WBAUG51060PV28395;2870DWS
2287;30/06/21;VF1FC0NAF26713813;3209BWC
2288;25/06/21;WF05XXGBB54R25086;7628CSZ
2289;29/06/21;VF3WC8HR0AE106307;9645HFG
2290;16/11/22;VF7ZAPMPA17611722;9900DJT
2291;29/06/21;WDB2021281F692609;GU5181H
2292;28/06/21;VS5B53F05M0300821;J1738P
2293;01/07/21;VS6AXXWPFATB81631;MA0786BX
2294;08/06/21;VF1JA0LL519180578;MA2363CN
2295;25/06/21;VS7VDPG0012PG3639;MA2550CG
2296;08/06/21;KLAT48CEYB568575;MA5876DF
2297;30/06/21;VSSZZZ6KZVR042358;MA9482BZ
2298;25/06/21;VF1K56J0520705297;T960ALP
2299;12/07/21;WF0AXXGBBAWU35314;V8471GC
2300;12/07/21;VF33HRHYB82288008;DB393XG
2301;25/10/21;WVWZZZ1JZYW076295;BC065YB
2302;09/01/25;WVWZZZ3CZ8E040873;CSX118
2303;12/07/21;VF1KG0L0524542054;DA739U
2304;20/05/21;VSSZZZ6KZVR156382;ML2324E
2305;01/02/22;VF1BA040520674200;GR1092AV
2306;12/07/21;WOLOTGF69X5106932;37798
2307;04/01/22;WOLOZCF6931021563;8136CBG
2308;07/04/22;WF0HXXWPJH8R77818;CY57WXZ
2309;22/03/22;VSSZZZ5PZ6R014515;8989DTK
2310;12/07/21;WF0HXXGAJH5P29253;799/30
2311;08/06/21;KMHCG51FP4U236581;6934CYF
2312;25/11/21;WF0MXXGCDM5P31241;6874DLG
2313;11/01/23;WAUZZZ8K39A221717;9802JSD
2314;05/07/21;KNEDC243216034117;4650BKZ
2315;12/07/21;VSSZZZ6KZZR692290;MA3480BP
2316;08/06/21;WF0FXXWPDFYS38609;5153BHV
2317;29/06/21;WF0AXXWPDA1U21598;8329BHK
2318;12/07/21;WVWZZZ6NZXY402201;MA3397CW
2319;01/02/22;W0L0SAF07X4146195;MA0297CS
2320;29/09/22;VS6AXXWPFAMM54742;MA6909BD
2321;14/03/22;KMXMTE1PP1U057182;9277BVC
2322;22/05/24;WBABS32050JY3Q020;6398JNT
2323;29/06/21;WAUZZZ4BZYN035635;0076CCC
2324;30/06/21;KMHCG51FP3U203426;6492CKZ
2325;15/06/22;WVWZZZ1JZ3W451262;0218DVN
2326;25/06/21;VSSZZZ6LZ4R109663;0614CTN
2327;13/07/21;VF7CHRHYB39774219;5107CYL
2328;30/03/22;KMHET41VP7A297206;6220FPT
2329;08/06/21;WF0AXXGAJAYL22214;7732BDC
2330;29/06/21;SJNBDAP11U0488605;8255BDT
2331;08/06/21;VSSZZZ6KZWR032366;CO2449AP
2332;05/07/21;VF1B5710509441931;GR1377AD
2333;08/06/21;VSSZZZ6KZXR292173;MA0283CU
2334;03/12/24;WF0EXXGBBE7L86959;2834
2335;22/02/22;VF7LANFUC74146037;1531DNN
2336;12/07/21;VSSZZZ6KZ1R040677;MA8440DD
2337;28/06/22;VF15RSN0A55192280;3373JNP
2338;15/12/21;VSKDEVC23U0168063;MW02PYX
2339;15/06/21;VF1KC0JEF26575788;1564BVG
2340;22/03/22;1A8GYN3716Y151607;45N4UJ
2341;03/05/22;WDB9046121R403496;8250BZX
2342;25/03/22;WVWZZZ1JZ2D341405;802/12
2343;14/06/21;JMZCA12A201212720;MA2007CB
2344;22/03/22;VF15R040H48588229;CR868TT
2345;12/07/21;MAT6032619PL00056;9307GWR
2346;25/06/21;WVWZZZ1HZSB068914;MA5582BS
2348;30/03/22;WBAHB51080GG27660;M2507OF
2349;30/11/22;KMHBT31GP7U172953;4247FYR
2350;01/07/21;WF0AXXWPAAWT62385;M4789VV
2351;11/07/22;WF0MXXGCDMGB08549;5428FKT
2352;29/06/21;WF0AXXWPDAWA39979;MA7650CN
2353;30/06/22;VF7DC4HXG76507080;
2354;12/07/21;VS5F40205H0112985;MA2578AG
2355;04/06/21;SJNFAAN16U0406789;ED03YBS
2356;19/07/21;VF1GMRF0532244496;3915GSJ
2357;05/08/21;YV1LW5506W2528785;S121AAN
2358;18/06/24;WBAUF11080PT43874;
2359;19/01/22;VF7CHNFVB39247385;
2360;24/06/21;VS6AXXWPAART36383;808/7
2361;20/06/22;W0L0HAF681G064319;BT691FP
2362;12/07/21;WF05XXGBB53M54409;1131CRC
2363;17/07/21;WDB2102151A620381;3728BHN
2364;28/06/21;ZFA18800001177655;4712GZC
2365;17/09/21;VF33CNFUB82420963;6849BVW
2366;30/06/21;1A8GYB35X7Y543032;8114FSW
2367;07/12/21;VF33C9HXC84098443;8342DLW
2368;06/09/21;KMHHN61BP2U012467;9823BYN
2369;12/07/21;VS6AXXWPFASS67190;A6933CV
2370;25/06/21;VF32ARHYE40811773;H2916AB
2371;17/09/21;VF33CRHSB83056678;BH237X
2372;08/11/22;VF3EB4HWB13052163;DR495EY
2373;12/07/21;VF1557K0F18058292;FRY1713
2374;19/03/24;JTEHH20V700280802;2374
2375;14/06/21;KLATF08CEXB438889;MA3151CV
2376;02/12/23;WF0AXXWPDAWG74713;MA3250CP
2377;16/12/21;WF0LXXGBVLVG31065;MA8058CL
2378;12/07/21;ZFA18800005212706;1154BZR
2379;31/03/22;VF7GJWJYB93250169;1337DKP
2380;15/05/24;JTEHH20VX00280802;
2381;29/06/21;W0L0TGF0835003111;6162CGZ
2382;29/06/21;KLATF48YEWB203207;C8754BX
2383;30/06/21;KMHJG31FPYU197752;5925BRM
2384;12/04/22;VF1KMSE0636619698;9503FFT
2385;29/06/21;W0L0ZCF6931062079;2975CCV
2386;04/05/23;WBANC71010B633810;9936FFS
2387;20/07/21;W0L0XCF6854170434;3560DGM
2388;01/07/21;VF7CH6FZV39050329;3576BTM
2389;27/06/23;WAUZZZ8P05A152524;1257HTM
2390;05/07/21;VF7MFD9BE65107606;MA1082CG
2391;28/06/22;ZFA19900000246204;0447FTJ
2392;30/08/21;VF7CHRHYB39968241;7219DPN
2393;27/10/22;W0L0XCF6834119711;8414CDJ
2394;20/10/21;VF7DCRHZB76477392;6555CPC
2395;21/06/21;W0L000043J5007467;MA4512AH
2396;25/04/22;WF0FXXGBBFVP79468;MA8941CG
2397;21/03/22;VSSZZZ6KZYR124139;2558FNN
2398;20/05/24;VF7CHRHYB39333702;0489BZP
2399;30/06/21;W0L0SBF08W4067166;SE5910CY
2400;05/07/21;VF1KC0EAF17479561;J4893Z
2401;05/07/21;ZFA18200005001887;9526FGK
2402;25/11/21;VSSZZZ6KZYR107141;MA4973CZ
2403;28/03/22;VF1JM0CDH34674481;NV55XRU
2404;02/12/23;JTDKG18C70N173090;0197FRW
2405;03/01/23;KMHSC81VR5U945946;3877HFV
2406;25/06/21;WF0AXXWPDAYL47024;7362BDP
2407;30/06/21;SB1KM28E10E010178;0744BTW
2408;12/07/21;ZFA18700000175988;IB4804DC
2409;04/04/22;KMHDN41VP6U225271;4527DVR
2410;24/06/21;ZFA18800004578182;4425CCX
2411;01/07/21;KLATF48C12B743114;5827CHH
2412;29/06/21;VF7X14A00014A6516;6161JHH
2413;30/03/22;WDF63960313194262;6804DZY
2414;31/05/22;JMBLJNA8W6Z001349;7954DRL
2415;08/07/23;VF7UD9HZH9J198535;0146HND
2416;17/05/22;WP1AA29P55LA21864;8671FKT
2417;31/05/23;YV1AS044281067001;08D5154
2418;19/04/22;VF36DRHRH21414177;7075DTV
2419;22/10/21;VF1CMK40636812878;8417FGW
2420;03/11/21;VF38BP8CE80448030;9445JYZ
2421;12/06/23;VSEETW01VD1101384;415RF
2422;27/06/23;ZFA23000005603071;MA9334CL
2423;06/04/22;WF0HXXGAJH5P29254;0061DKV
2424;25/03/22;MALAC51HP7M103020;0683FYK
2425;01/06/22;WF0MXXGCDM4G88958;2646CXT
2426;26/06/23;WBAFB71020LX30029;3221DHG
2427;01/01/1;JMZBA14F201137847;4439BWC
2428;14/01/22;VF7CH6FZC38989006;5162BJD
2429;22/03/22;VSSZZZ6LZ7R044614;6925FFS
2430;05/10/21;WVWZZZ1JZ2P270350;8498BTL
2431;08/04/22;TMBHS46Y174054587;KL56VCT
2432;16/07/21;VF32CRHYE40760047;MA0764CZ
2433;25/11/21;VS7MFD9BE65015277;MA3804BZ
2434;18/04/22;VF1C4010407064697;MA8261BB
2435;21/04/22;WVWZZZ1KZ5B099043;0007DHG
2436;07/01/22;VF1KC0FAF24529800;1234BFZ
2437;17/09/21;VF7N1WJYB73228125;1709BMD
2438;19/07/21;WF05XXGBB52L67267;1934BSV
2439;26/01/22;VF7FC8HXB27075493;1963CZB
2440;26/01/22;VF7FC8HXB26692089;2021CLC
2441;11/12/21;W0L0TGF752H015206;2072SG33
2442;01/01/1;1G1NL52TX1C124299;4077BWR
2443;28/03/22;WAUZZZ8E72A181741;4172BTL
2444;22/03/22;VF32DNFUF43790207;4652CXS
2445;19/09/23;VF7CH9HXC25822011;5565DZX
2446;19/01/22;VF7FC8HXB26931473;5767CSN
2447;20/12/21;W0L0XCF0834323269;6304CJD
2448;30/03/22;1C8GYN4M61U127779;6466FSK
2449;30/03/22;WVWZZZ3CZ6P017057;8943DPN
2450;09/01/23;WF0FXXWPDF1K42994;9697BPD
2451;24/02/22;WVWZZZ6NZWY007028;CA7511BC
2452;28/04/22;VF1BR1F0H40849507;CF135TV
2453;15/12/21;WAUZZZ8DZYA180351;CO2344AX
2454;19/04/22;VF7N1WJZF36513880;CO3395AU
2455;23/11/21;VSSZZZ6KZVR062430;GR7430AL
2456;20/04/22;WVWZZZ1HZTB069297;IB3891CH
2457;21/03/22;ZFA16900000452442;JXC637
2458;22/03/22;VSSZZZ6HZXR005205;M1052WV
2459;25/08/21;ZFA17600004753982;M8242WK
2460;21/09/21;VF7S1VJZF56439853;MA0382CH
2461;23/01/23;VF3232J5215542317;MA0907CL
2462;19/10/21;VSSZZZ6KZ1R037471;MA2867DD
2463;19/04/22;WBACG11000KB67699;MA4895CB
2464;12/05/22;W0L06B1ZCYV601429;Y693NEU
2465;25/01/22;W0L0AHL69AG036763;5128GTP
2466;11/01/22;WVWZZZ9NZ3Y260435;3784CJB
2467;27/10/22;WAUZZZ8LZWA048912;5554CBP
2468;14/01/22;VF7CHNFVK39925951;9163DKN
2469;22/03/22;VF7CHRHYB39601235;9787CLY
2470;17/09/21;VF38BD8BD80136979;MA5372BZ
2471;03/06/22;JT164ATJ000091732;CA7697BL
2472;18/04/23;WDB2200651A143265;BM979NK
2473;14/01/22;VF7S0HFXB57458370;8729BGV
2474;22/03/22;WF0KXXTTPK7T42942;8057FWM
2475;10/01/23;KNEFC524135257474;0156CFW
2476;06/05/22;YV1RS743222166111;8187BVP
2477;14/01/22;KMHVA31ZPWU726001;MA7135CL
2478;04/04/23;SAJAA01F3XGL18430;T220ONH
2479;24/06/22;WDB2011221F761549;ZH55GD
2480;21/01/22;VF33ERFNC82792118;P05729
2481;26/01/23;W0L0VBF3521009793;M0LAU510
2482;17/03/22;ZCFC4980105210593;GCX640
2483;03/12/21;VSSZZZ6LZ3R081194;
2484;20/10/21;W0L0XCF0854283152;5642DKR
2485;09/11/22;VF3WC8HZCAE045432;4402GXM
2486;20/01/22;WF0NXXWP0N1B23223;9971BKS
2487;22/06/23;11600000000000;CA3026BJ
2488;23/08/22;W0L000034M5236718;GR0724Y
2489;14/12/21;W0L0SBF08W4179090;GR4059AP
2490;03/01/22;WF0BXXWPRB3M09316;5409CPF
2491;19/04/22;JHMGH2350XS208629;GR0702AV
2492;22/05/23;WVWZZZ1KZ5W249508;4484JXP
2493;22/03/22;VF7N2RHYB73212596;3306BKS
2494;29/05/23;ZFA26300009064767;3490HFK
2495;26/11/21;VF7LC9HXCAY530199;1814GWV
2496;28/07/21;WDB2021931F840374;
2497;21/03/22;WDB2021931F840374;CD620KP
2498;24/01/23;VF7UA9HR8B1588984;JIG8494
2499;22/03/22;ZFA18600002228518;1688DRR
2500;03/01/23;WDB2093161F030827;8238CJC
2501;13/12/21;VF3WC9HXC33464394;0096FKN
2502;28/03/22;SALLGMF8HA0006904;GR0683AS
2503;31/01/22;WBAA431050KN80893;1181FGP
2504;16/12/21;WF0AXXWPDAYT51160;5622BGM
2505;29/09/22;W0L0AHM757G100105;7596FNW
2506;16/05/22;VF1KC0NAF23970661;1647BGB
2507;09/12/21;VF32AKFWF42909533;8373CGD
2508;19/04/22;ZFA18800004241636;0615BDD
2509;22/06/22;WF0NXXWPDN3E68047;9290CJK
2510;03/11/21;WF0AXXWPDA3U88177;4241CRG
2511;22/06/23;WME4540301B020257;5578CXM
2512;22/04/22;VF1B56WR522812804;3421BBG
2513;21/01/22;W0L0TGF4826092452;7471BXH
2514;27/06/22;VF1C06G0E37239679;0211FMH
2515;09/06/23;WME01MC01YH061206;4978CSJ
2516;05/10/21;VSSZZZ6KZXR410137;B2519VT
2517;11/01/22;WVWZZZ9NZ54027568;3282CZT
2518;20/10/21;WF0AXXWPDA2T34260;1139BWT
2519;22/03/22;VSSZZZ1MZ1R047740;4727BFH
2520;30/01/23;WVGZZZ1TZ4W004823;6006DKM
2521;05/11/21;SAJAH511X56E56727;
2522;23/03/22;VF1KCEWEF31435178;
2523;07/12/21;VF1BM0C0H28854882;5996CLT
2524;27/06/23;WDB2200652A178275;
2525;04/11/22;VF1BR1G0H35970772;3890MZ70
2526;01/12/22;VF7DERFNC76481671;UPJ829
2527;18/07/25;WAUZZZ4BZXN073753;3113CLM
2528;12/01/22;W0L0SBF68X4274584;AL0646AH
2529;04/07/23;WP1ZZZ9PZ4LA51712;RK04AAE
2530;28/06/23;W0LSD9ET5E4131797;7373HXX
2531;21/07/22;WVWZZZ1JZ1B184193;1985BJM
2532;29/09/22;WVWZZZ31ZME381059;2462HGR
2533;04/01/22;W0L0XCF6824095069;5541BTM
2534;07/01/22;KMHJF31ZPWU712902;J7101Z
2535;12/04/22;KMHAH51GP2U212937;9487BPT
2536;17/12/21;VF1CMR20531653343;8752CXD
2537;09/06/23;VF1BZ0L0645375394;5057HVH
2538;09/06/23;JN1AGUD22U0010632;MA7651CZ
2539;30/01/23;WAUZZZ8CZSA082407;CET425
2540;13/01/25;U6YJE55557L001695;6838FTZ
2541;30/03/22;SHHCC75600U139868;MA3604BU
2542;30/06/22;SARRJZLHP3D277957;4438CLV
2543;28/11/24;WBAHM21000DS64505;5546DPW
2544;28/03/22;W0L0XCF7544428177;BC04KDK
2545;25/03/22;KMHAC51GPYU217565;M6717YV
2546;02/02/22;WVWZZZ3BZYP176431;1264CVD
2547;19/04/22;VF1JM0G0629479334;1401CPW
2548;20/01/22;VS5L48Y05L0100522;1858FMS
2549;22/03/22;VSSZZZ6LZ3R152131;2115CDV
2550;17/09/21;W0L0TGF0845007794;3010CMF
2551;20/10/21;WDB2021331A816914;3660KSW
2552;30/03/22;VF1JK0UA628215293;4006FMN
2553;19/04/22;VF39D4HXB92063681;4789BVG
2554;19/10/21;W0L0TGF0825112412;4874BSJ
2555;26/11/21;VF1KC0JEF26002893;4907BSS
2556;22/02/22;ZFA19200000366125;6332CNK
2557;14/01/22;WVWZZZ6NZ1Y130234;7061BCW
2558;07/04/22;VF7CH9HXC25768004;7127DWN
2559;19/04/22;WBAFA51090LM22525;7322CLC
2560;30/10/24;SJNFAAE11U2108691;7493HCN
2561;16/01/25;JTHBK262905001253;7698DSS
2562;04/01/23;KMHHN61FP2U054455;8138BZW
2563;02/01/23;XMCXNZ32A7F012585;9029FDS
2564;22/11/21;ZAR93700003296028;9033DPR
2565;29/12/21;ZFA18800000505908;9299CGL
2566;17/09/21;VF1C0630511064160;GR7770AF
2567;16/11/21;VS5F40405M0103561;J8219O
2568;25/01/22;WVWZZZ6XZXW076370;M1807ZB
2569;19/10/21;VSSZZZ6KZTR145244;MA2493BW
2570;21/09/21;VSSZZZ6KZXR197399;MA3053CU
2571;22/03/22;VF31CKFXE52495470;MA5006CY
2572;01/12/23;WF0BXXWPRBWM65472;MA6718CL
2573;25/03/24;WBANJ71060B511126;PIHA255
2574;05/10/21;VF3GCRHYB96075658;UTE578
2575;22/03/22;ZAR93200000283422;0718DPB
2576;20/11/23;W0L0XCF6814307864;1551BMD
2577;11/11/21;VF1CB0PEG33644975;1883DLD
2578;30/03/22;W0L0ZCF3541149126;2246HVG
2579;19/04/22;YV1VW10K32F837901;2893BXN
2580;07/11/22;VF32DRFNF42178660;5050CCW
2581;11/11/21;ZFA18800000576989;9842CGL
2582;17/09/21;VF1LA0NM522403324;MA2805DD
2583;09/12/21;W0L000056S5100492;MA3901BS
2584;11/01/22;W0L0JBF19X1123646;MA5139CU
2585;04/04/22;WVWZZZ7MZ2V006862;0187KLY
2586;04/01/22;VF32AWJYF41524525;1287BGN
2587;06/09/22;VF34C9HXC55173955;2493GKX
2588;24/01/22;ZFA22300005038984;8680BJY
2589;07/04/22;WDB2100551A348268;M7014VB
2590;22/03/22;VF1F40RM514587055;MA2875BX
2591;30/03/22;WVWZZZ1KZ8M094530;0190GGF
2592;21/02/22;WF05XXGBB52R61583;1430CCM
2593;25/02/22;WF03XXGCD35M07648;2445DMG
2594;28/03/22;W0L0XCE7574099311;3766FHX
2595;13/01/22;WF0DXXGAJD5J12796;3905DJG
2596;19/11/21;SHHEP23701U009871;5056CCT
2597;15/11/22;WVWZZZ3CZ7P014405;9459FDR
2598;03/11/21;WF0FXXWPDFYK64231;MA4240DF
2599;04/11/22;VF7LC9HXC74153452;1424DHT
2600;28/03/22;VF7BZWJYB86111536;3001CYN
2601;25/08/21;SARRFXNNN5D793660;3137DBX
2602;11/04/22;KMHJG31FPWU099331;9560DTV
2603;19/11/21;VS6FXXWPAFRU78016;MA6274BN
2604;03/11/21;WF05XXBAJ5XE60218;V8269GN
2605;30/03/22;WBA0L81060GJ61091;M0533WV
2606;24/01/22;W0L0AHL4858030930;7706DDD
2607;07/01/22;ZFA16900000704054;5294FFJ
2608;18/11/21;W0L0TGF0815301748;6128BMX
2609;21/03/22;WF0AXXWPDA3D21102;0911CMF
2610;30/09/22;WDC1631131A446567;8030CKL
2611;08/01/22;ZFA16900000180054;3447CXG
2612;13/10/21;VF33CRHYB82082512;0331BLG
2613;11/04/22;WDB2100651B082419;MA1035DC
2614;04/01/22;VF32A8HZF44364678;1689DDF
2615;07/04/22;WVWZZZ1HZRW674927;LVVB70
2616;18/07/22;VF3ZCPMAB17768722;2767DWL
2617;25/02/22;WF0AXXWPDA2T28955;4652BWC
2618;04/10/22;1C8GHB35X5Y561730;06D28483
2619;09/06/22;WF04XXWPD45G31459;9948DRD
2620;28/03/22;VSSZZZ6KZWR072258;MA3726CH
2621;19/11/21;W0L0TGF69X5312644;MA6658CW
2622;21/06/22;SAJAA51MX1XC37138;6034BRY
2623;28/04/22;VSS028A0000563542;GR4151AK
2624;25/11/21;VSSZZZ6KZ2R039064;8052BLS
2625;30/03/22;KMXMSE1SPYU092765;MA6615DB
2626;22/03/22;VF7LC9HXC74164494;4032DGH
2627;04/12/24;WAUZZZ8P78A157434;0339GJH
2628;08/04/22;VSSZZZ6LZ4R142226;5334CXB
2629;04/04/22;WDB2021211F363196;5612GLV
2630;13/10/22;JT171SC1000200276;6278JFH
2631;12/04/22;VSSZZZ6KZ1R206508;7436BGL
2632;19/10/21;KLATF69YEYB569809;1518BGP
2633;09/12/21;WVWZZZ9NZ9Y111918;3395GKP
2634;04/07/23;YV1RS59G742325172;8470HTF
2635;07/12/21;VSSZZZ6KZ2R009968;4389BKT
2636;20/01/22;VF37ERHYE33121326;6746CZC
2637;03/11/21;VF1BMRG0631133563;7550CSV
2638;19/10/21;VSSZZZ6KZ2R058985;8035BLW
2639;22/03/22;VF32AWJZT40999594;MA4134DF
2640;17/08/22;VF7CHRHYB39740783;0229CYD
2641;21/03/22;WF0HXXWPJH5J65128;0278DHP
2642;20/01/22;VF1CMSE0634800831;1980DRN
2643;19/04/22;JMZBK123251211327;2168DDC
2644;08/08/22;ZFA16900001719407;3232GXL
2645;13/12/21;KMHCG51FP17101947;3425BGL
2646;13/12/23;ZFA26300009155020;3460HLT
2647;11/01/22;W0L0XCF0824299197;4783BZB
2648;13/12/21;VF3GJWJYB95151267;8610DKP
2649;13/12/21;VF38BRHZE81130350;9022CPN
2650;13/12/21;W0L0TGF7532076990;9416CCC
2651;22/03/22;VSSZZZ9KZVR021238;MA6836CG
2652;13/12/21;VF1CMR20533770421;1637DLN
2653;19/11/21;ZFA18700000950205;2684CHR
2654;29/06/23;VWASBFTL043796603;5415
2655;27/01/22;ZFA22300005534951;6088FWY
2656;14/01/22;VF1CB2DEF32924327;6618DGG
2657;10/01/22;WF0BXXGCDB1B82156;7523BRJ
2658;19/04/22;WVWZZZ6NZ1Y208081;8983BFL
2659;01/02/22;WBD9044131P975124;CA4717BP
2660;02/12/21;VF1BA0000R0001811;MA8573CH
2661;25/03/22;ZFA18800002050334;MA9218DC
2662;05/09/22;KL1SF48TJ6B542698;1861DWV
2663;12/04/22;WVWZZZ1JZXB127039;5453DRP
2664;04/11/21;VF1CB05CF26983018;3142BXH
2665;14/01/22;WVWZZZ6NZYY022395;EE612VH
2666;30/03/22;VSSZZZ5PZ6R006765;3794DMT
2667;20/04/22;VF7LANFUC74277266;5589DPY
2668;22/06/22;VF7CHRHYB39622845;7807CMX
2669;17/05/24;;
2670;19/10/21;VSSZZZ6KZTR174372;MA9484BW
2671;09/12/22;U5YFF24427L032065;9461FVJ
2672;31/03/22;WVWZZZ1HZVW180703;651/09
2673;18/11/21;W0L000051V2149690;821/04
2674;30/03/22;SJNFAAE11U1116160;2387FNB
2675;20/01/22;VF33CNFUB82909720;4317CGF
2676;05/01/22;YV1VS7313YF434780;2014CDC
2677;31/01/22;VF7N1DHYF36539622;V4212GN
2678;25/03/22;SALLNABE26A814218;8301DXN
2679;11/12/21;W0L0TGF7512080727;7233BCP
2680;13/07/22;WVWZZZ9NZ5Y135333;1332DHB
2681;27/01/22;VSSZZZ1MZ1B042252;4808BHT
2682;05/01/22;WF0BXXWPRB5U10971;2671DHP
2683;28/10/22;VF1JMSE0636781811;8645FHK
2684;10/01/22;1C8GYB1R61U102217;1044BMK
2685;21/09/22;VF32DNFUF43451581;8581CWH
2686;19/03/22;WAUZZZ8DZVA285052;MA9774DC
2687;21/01/22;VF1CM0B0H31963414;7102CYJ
2688;30/11/21;VSSZZZ6KZYR143123;7296BDC
2689;19/04/22;VF35FD9BD60100728;MA8239CJ
2690;12/04/22;WVWZZZ1KZ4P032387;1439CRS
2691;07/01/22;VF7DCRHZB76133829;
2692;22/03/22;SHHMA97400U109270;M5925TV
2693;25/04/22;WDB2030061A373066;
2694;16/11/21;VSSZZZ6KZ2R045598;6774BRP
2695;24/05/22;SJNEBAK11U0737590;MA7538CJ
2696;20/12/21;W0L0AHL4845149063;3993CVD
2697;19/10/21;VF7S1VJXB57509720;5919BJP
2698;27/06/23;YS3FF46W261104173;0008DWD
2699;25/02/22;VF7FCKFUC27213590;2149DGV
2700;03/11/22;VF36ERHRH21475021;3839DZZ
2701;07/01/22;VS7VDPG0010PG4770;M0983TP
2702;07/04/22;VSC20AH1123762503;MA8580AW
2703;21/06/22;XMCLNDA2ATF028284;M0041TP
2704;20/01/22;VF1KC0EAF19351601;
2705;20/05/22;VSSZZZ1PZ8R117144;9259GJL
2706;31/05/23;YV1TS7206X1048726;M8259XG
2707;08/11/21;VF1JA0Y0516497166;0442CZW
2708;08/11/22;KNEUP751266767012;1289FJF
2709;01/06/22;WF0MXXGCDM4G88989;2736CXT
2710;22/03/22;KLAJF19W1SB410637;M1348SS
2711;28/03/22;W0L0SAF07X4028043;6198DCJ
2712;10/07/23;JHMAAH7320S200144;27FVB75
2713;07/01/22;VF1BA050527283513;6001BYC
2714;02/08/22;WAUZZZ4BZ1N157366;9313DDX
2715;07/01/22;SARRJSLHPYM161199;7986CZY
2716;27/01/22;VS7VDPG00539G8000;SE6015BJ
2717;26/11/21;VF1CM0C0H33185367;7605DGZ
2718;21/02/22;WF05XXGBB54R24724;4267CSZ
2719;26/01/23;VF32M8HZAAY099553;5295GYC
2720;06/04/22;1C4GYB2RXWU511201;
2721;29/06/22;VF7JM8HXB97126844;7991CXM
2722;11/04/22;VF1FBALB519728004;MA0220CS
2723;10/08/22;WDB2201751A056143;49834
2724;27/06/23;VF7LA9HZC74118245;49892
2725;18/12/23;VF1BMRF0531454333;DBLXC86
2726;03/11/22;VS6AXXWPAART36388;GR6500AG
2727;11/04/22;ZFA18700000774524;3914BPL
2728;21/03/22;VF31CVJXF52655940;4353BKJ
2729;31/03/22;VF7MFD9BE65202105;H8542W
2730;21/10/22;W0LF7BMB6CV605652;VX14YK0
2731;27/01/22;ZFA22300005414809;6693FJC
2732;21/01/22;VSSZZZ9KZWR017276;A4326DM
2733;16/11/22;VF35FWJZE60228509;GC2239CH
2734;06/05/22;ZFA19900000102678;2411GNR
2735;30/03/22;SB1KX22E00E003982;7807HJK
2736;19/04/22;W0L0TGF7552164882;7930DLJ
2737;26/01/22;YV1SW61P911039847;M1425ZV
2738;11/11/22;SALLJGBF8HA485955;MA0021BC
2739;27/12/21;W0L0JBF35X1095164;TO9178AC
2740;22/03/22;VF1BG0G0629307279;2911CNK
2741;21/08/23;WVWZZZ3BZ2P122207;8416JJL
2742;03/06/23;WDB2200651A013153;6344CLY
2743;21/03/22;KMHCG51VP5U247280;6821DDD
2744;04/04/22;WBAAL31080AY31782;9397BBC
2745;18/11/21;KMHBT31HP4U048475;8158CRC
2746;24/01/22;KLATF48YEYB465808;IB5479DL
2747;29/10/21;WDB9024611P506033;MA2849BT
2748;11/11/21;VSSZZZ1LZWR032306;MA4173CL
2749;11/11/21;WVWZZZ6NZSY160600;M0944SP
2750;14/01/22;W0L0TGF4835103983;6428CHW
2751;28/03/22;WVWZZZ9NZ3Y264476;7504CHT
2752;20/01/22;VF33CRHYB82991167;7386CHF
2753;17/11/21;;4865DKY
2754;20/01/22;VF7LCRHRH74624570;1004FRL
2755;20/01/22;WAUZZZ4AZRN010195;7277BGL
2756;21/09/22;VSSZZZ5PZ7R014026;0576FHL
2757;08/04/22;YV1RS61P212073960;1950BLB
2758;14/11/24;VF7N1WJYB73290646;2793BPZ
2759;14/01/22;VF7N1RHYB73652333;2892CBJ
2760;09/11/22;VSSZZZ1MZ1R069711;5305BKN
2761;19/04/22;1C3ESB6C61D160444;5348BZR
2762;27/04/22;VF7EB4HWG13295793;6521FDP
2763;15/09/22;VF1KC0BAF24452072;6801BGW
2764;03/11/21;WF0AXXWPDA1A84279;7953BRB
2765;23/03/22;VF7MFWJYB65803073;8020BTP
2766;30/03/22;JTEHH20V005005653;9076DMX
2767;10/11/21;VF37AWJZT33086495;GR4697AY
2768;28/11/24;ZFA18700000175342;IB4492DF
2769;12/06/23;SAJJHALD4AK641660;M2907LW
2770;19/11/21;VF7CHNFZA36624319;M4145YG
2771;28/03/22;VF1JA0NL519654317;MA3387CS
2772;14/01/22;VF35FD9BD60097815;MA5192CJ
2773;10/11/21;WF0AXXBAJAVE16401;MA7048CJ
2774;06/09/23;ZFA175000P0027092;MA9603DD
2775;09/06/23;WDF63960113443301;5736GFC
2776;30/03/22;VFZXBXC0064XC5275;4802XT83
2777;03/11/22;WAUZZZ8LZXA035834;AB5629T
2778;19/04/22;SHHEP23401U003635;9172BTZ
2779;22/03/22;W0L0XCF6864219071;4674DZY
2780;01/06/22;SHHMB77300U001441;NA5744AT
2781;06/04/22;WF0HXXWPJH3D13606;3340CFZ
2782;04/04/22;VS6AXXWPAATD71808;M3811TW
2783;13/12/21;VS6AXXWPAATB90948;MA1220BW
2784;19/04/22;ZAR93700003341554;1377FCF
2785;12/04/23;VF1JMSE0635676886;1576DYR
2786;13/12/21;VF32CWJYF41800964;8391BPM
2787;30/09/25;VF7S1HDZF56498108;IB6286CU
2788;16/06/23;W0L000043NB557012;6126BBS
2789;10/02/22;VF7S1HDZF56637848;MU7676BV
2790;11/11/22;WDB1241251B428415;827/7
2791;14/01/22;SARRFHNAB30707975;830/51
2792;02/03/22;TW2KXXCPVKRA25076;MA6704BP
2793;07/01/22;VSSZZZ6KZTR054516;AL8031X
2794;17/11/21;ZFA19200000258394;8111CDY
2795;07/12/21;VF7N1RHYB73906347;7228CZW
2796;07/01/22;VSSZZZ6KZWR121186;MA4020CK
2797;08/01/22;VF1JMRG0630164156;0693CST
2798;30/03/22;VF1B54G0E15911188;B5995VW
2799;27/06/23;WAUZZZ4FX6N026162;8996DNS
2800;30/12/21;W0L0TGF0815136069;6577BHH
2801;19/04/22;SJNFCAP12U0098967;7404CFT
2802;03/12/21;W0L0SBF68X4148747;M5853WW
2803;15/11/21;ZFA16900001920681;1294HCY
2804;14/01/22;VF7N2RHYB73607814;3266CHC
2805;03/01/23;VF3WA8HZC33359941;4099FDB
2806;25/10/24;2911197761;MA3491BD
2807;20/01/22;W0L000057P5131787;MA7448BH
2808;18/03/22;KLA0M11CD3C889441;6212CKM
2809;13/12/21;VF1BB0FCF25919947;1685BRL
2810;28/03/22;JN1CDAN16U0001815;0921BBG
2811;21/01/22;W0L0TFF08X8087002;MA6516CS
2812;12/04/22;WAUZZZ8DZTA316264;49748
2813;20/06/22;WJME2NN000C103748;4594BYY
2814;19/04/22;TMBEFF614X7074117;MA3966CN
2815;19/02/24;WVGZZZ1TZGW571884;
2816;22/04/22;VSKEEVC23U0906447;MA6546BT
2817;19/04/22;WVWZZZ3BZVP108599;4096BCG
2818;28/03/22;WF05XXGBB54G69256;1149CWN
2819;25/04/22;VF1KC0JAF23512777;2228BCX
2820;22/03/22;VF7GBWJYB94233383;6722DWL
2821;12/04/22;VF7FC8HXB26090065;9567BYT
2822;26/11/21;VSSZZZ6KZ1R167671;5765BJD
2823;12/04/22;W0L0TGF75X2218361;MA2182CU
2824;17/05/22;VS7ZAZC0060ZC4413;MA5155AH
2825;04/01/22;W0L0SBF08X4384240;MA2955CX
2826;15/12/21;VF7N1WJZF36555862;MA6189CT
2827;05/01/22;VF33CRHYB82017636;1560BTW
2828;22/05/23;VF35FWJZE60356525;8527BGV
2829;10/06/24;JHMGD57702S213272;8553CFR
2830;15/01/24;JTJB01BA0D2066423;NAW954
2831;04/10/22;W0LF7BMB67U628116;1238FLK
2832;16/08/23;SAJAC01M21GM24724;Y331RRX
2833;21/06/22;VF1JLDBA55V248243;7082DTN
2834;07/07/23;WBAGM21010DR59975;5211GWD
2835;05/01/22;WF0HXXWPJH2J10191;1809BZK
2836;21/06/23;VF7RDRHRH54038403;6501GGD
2837;07/01/22;W0L0TGF69X5062295;4157DKY
2838;06/10/23;WVWZZZ1KZ9P411180;4380GNP
2839;25/04/22;VF1B54F0217347279;7568BFP
2840;20/12/21;VF1CB2DEF32924646;7493DGH
2841;12/01/23;JTEGR20V000037542;03KE3063
2842;19/04/22;VSSZZZ9KZXR027603;M5373XY
2843;21/03/22;W0L000036V1983563;J7617Y
2844;10/06/22;ZFA18500000410525;1825BJM
2845;30/03/22;VF38BRHZF81588427;2392CKD
2846;18/05/22;VF1T7W40508546082;B9666NS
2847;02/06/23;WVWZZZ1GZLW523277;IB0457BG
2848;19/04/22;VF1G40BM518532791;MA6977CL
2849;28/03/22;WVWZZZ1HZRP383866;MA1882BM
2850;11/01/22;VSSZZZ1LZWR042627;B7449UL
2851;30/06/22;TMBCG41U932799500;8530CNJ
2852;10/01/22;1C4GYN2N7VU147872;M5156VL
2853;22/03/22;W0L0TGF7532257223;2886CJV
2854;28/03/22;WVWZZZ1JZXW721934;2299BZX
2855;27/01/22;W0L0SBF08W6159735;MA8835CL
2856;22/03/22;VF32AKFWF44437618;4625DDX
2857;22/12/21;;
2858;22/12/21;;
2859;23/06/23;;9286GDB
2860;22/03/22;WVWZZZ1JZ1P338098;8353BDX
2861;11/11/22;WVWZZZ3BZ2P282543;7383DDK
2862;21/03/22;VSSZZZ6KZXR027250;GR1646AS
2863;22/06/23;SAJAF55T756E64334;
2864;24/01/22;WBABW72030PL79285;
2865;18/11/22;WF0AXXGAJAXL57392;MA1355CV
2866;20/01/22;WJME2NN000C103869;4591BYY
2867;09/06/23;JHMEG86500S000790;MA9484BJ
2868;07/04/22;VNVF11EAFUU028074;0183FTX
2869;29/09/22;WAUZZZ4BZXN106264;5073CMW
2870;22/03/22;VS6BXXWPFBML94785;GR3725Y
2871;29/09/22;SARRFXNBV3D677188;8828CBG
2872;25/01/22;VSS028A0000504515;GR9706AF
2873;18/12/23;VF38BRHZE80660631;B8220UX
2874;22/03/22;W0LJ7ACA64V644740;6631CZC
2875;15/12/22;1A8GYB1537Y501224;5675FKD
2876;20/04/22;VSSZZZ1MZYR0U2388;GR4044AY
2877;04/04/22;VF315BD6270204190;GR9787X
2878;22/03/22;VF1CB05CF29842316;3194CPZ
2879;22/03/22;VF7N1NFZF36770439;A6827ED
2880;07/06/22;WF0BXXWPRB5J84088;2500DNL
2881;30/03/22;W0L0TGF69Y5238113;MA3716DC
2882;07/01/22;VF7S0VJZF56239388;MA7297CK
2884;30/03/22;WVWZZZ1JZ1W516534;6596BJJ
2885;24/01/22;W0L00007854052150;B0282PN
2886;30/03/22;VSSZZZ9KZXR015072;V0019GL
2887;30/03/22;VF1LMRG0629753870;9023CPB
2888;05/07/23;VSSZZZ6JZDR195216;9748HRG
2889;18/10/22;VF3WC8HZC34408745;6576GJY
2890;25/03/22;WVWZZZ9NZ2Y091446;7032BVR
2891;10/05/22;KMHBT51VP6U447647;1288DSN
2892;28/06/22;KMHPN81VP2U061304;1381BYL
2893;20/10/23;W0LJ7B7B6BV649538;G1804F
2894;09/06/23;SALLMAMC33A138479;KW03WRA
2895;05/10/22;VF7JM8HZB97234244;6774DGJ
2896;09/02/23;W0L0TGF7532251587;8805CJJ
2897;11/04/22;SJNTBAP12U2268197;0366LJD
2898;18/01/22;KLATF48CEXB381343;MA2918CS
2899;29/04/22;WF0AXXWPDA4C26120;MA5503DD
2900;19/01/22;VF32AKFWF42300208;7416BTF
2901;19/01/22;WF0BXXGAJBWA44268;MA5503CN
2902;24/11/22;VSKTBAV10U0187177;LV05XMA
2903;30/03/22;1C3ESM7C6VT574507;MA0562CL
2904;04/04/22;KMHCG51FPYU008893;M7993YS
2905;20/06/22;VF7CHNFVB39254584;0584BWR
2906;25/01/23;SB172DBN00E084006;NEY159
2907;20/04/22;WF0FXXWPDF2B04297;0252CCH
2908;01/06/23;W0L000081C5091377;DD50818
2909;21/01/22;VSSZZZ6KZ2R087471;1414BPZ
2910;10/05/24;W0V0XEP68K4059818;2286KRJ
2911;19/04/22;ZFA18200004987233;MA9030CY
2912;30/03/22;SJNBCAP11U0433652;5434BHJ
2913;12/04/22;WVWZZZ1JZYW535240;2524JCV
2914;09/06/23;KPTN0B1FS7P042831;8651FTD
2915;03/06/23;WBABS31090JY05733;45H0305
2916;09/05/22;VF1EM0J0A34492081;4967GWX
2917;22/03/22;VSSZZZ6KZ1R272575;3027BJB
2918;15/05/25;WAUZZZ4DZYN013148;3670CBP
2919;31/08/22;VF7LA9HYB74179870;6590DGZ
2920;29/11/22;SAJAF52T946D64836;8065CMW
2921;12/05/22;W0L0AHM7562231405;8855FHZ
2922;07/04/22;KNEDC241256254750;9324DJW
2923;25/03/22;VF1BB0A0F17946751;CA3167BH
2924;03/01/23;WVWZZZ3BZ2E385959;CVF241
2925;22/03/22;VF7N1WJZF36401509;MA0278CZ
2926;11/04/22;W0L0SBF08Y4233251;MA8647CZ
2927;28/03/22;VF7CHRHYB25743582;8707DTC
2928;22/03/22;VF7N1RHYB73552219;0091BXV
2929;27/06/23;WF0VXXBDFV5C71632;0603DXB
2930;09/11/23;YV1TS7206Y1068970;3321BYL
2931;28/03/22;VF1JMRG0631122973;3592CWN
2932;01/01/1;WDB9066111S398202;5817GNL
2933;04/11/24;TMBDS41U178854723;6557FLK
2934;04/04/22;VF1JM0G0629337209;6720CPY
2935;04/04/22;WF0EXXGBBE7E75709;6729FVH
2936;11/07/22;KMHAH51GP1U194718;7330BKP
2937;25/03/22;VF1BB0A0F22748381;7751BCP
2938;27/10/22;W0L000056R5075755;CO1584AH
2939;04/11/22;VSSZZZ6KZ1R006544;J8738AF
2940;07/04/22;VF1BA0NL519192875;MA5315CN
2941;08/04/22;W0L0SBF68W4349764;MA7837CK
2942;11/04/22;VSSZZZ9KZWR005260;MA8181CG
2943;11/01/23;VF33HRHRH84861065;0585FKK
2944;20/07/22;VF7FC8HXB26783017;5148CLN
2945;30/03/22;WDB2021281A786023;T0551BB
2946;19/09/23;KNEBA24324T050870;0173DBS
2947;22/06/23;W0L05DL08A6036599;7653GYC
2948;04/04/22;W0L0XCF0643011321;1509CXT
2949;30/04/24;VF15R2L0H51284766;2808HZT
2950;09/03/23;TMAJU81VACJ243030;2DP530
2951;01/06/22;VF7LC9HYB74189358;3148DHH
2952;20/08/24;JMZBK14Z261323770;3416DSR
2953;27/10/22;YV1VW70823F955312;4607CBC
2954;19/04/22;VSSZZZ6LZ3R092876;4786CFV
2955;24/10/22;WF0BXXWPRB4R38897;4848CTD
2956;15/11/22;W0L0AHM75A2110702;5250GYC
2957;21/11/22;W0L0AHL0855211416;5958DLP
2958;18/05/22;WF0AXXWPDA1A00597;7324BNX
2959;05/06/23;VSSZZZ6LZ3R017664;7382BXD
2960;12/04/22;WBAFA71080LW18595;7544CNG
2961;03/05/22;VF7GJWJYB93151683;8336CWZ
2962;03/05/22;VF7GB9HWC94349111;8446FVJ
2963;03/05/22;W0L0TGF7542183726;8498CWJ
2964;22/03/22;WDB2020181A553477;9505GYM
2965;26/07/22;ZFA19900000429375;8994GFS
2966;03/05/22;WF05XXBAJ5VJ66010;9753FPD
2967;07/11/22;VF7LCRFNC74191946;0485HDG
2968;14/08/23;KL1CD2669CB035426;MXX215
2969;01/07/22;VF33CRHSB82963819;5123CJZ
2970;22/03/22;WF0FXXWPDFYS36055;9943BHV
2971;02/12/22;W0L0AHL3565135437;AD862MR
2972;15/01/25;JMBLRNA4W8Z001389;CN73072
2973;19/04/23;WDB2083651F015056;CY190KM
2974;10/11/22;W0L0TGF48X5051813;GR4193AT
2975;18/08/22;VF7U6UR0012255551;M2417UY
2976;09/11/22;KMHCG51FPYU019135;MA9407CZ
2977;03/01/23;WBAAS71080CH12518;8036CRK
2978;18/04/22;VF1B56SK513714387;MA2905BV
2979;20/06/22;WF0AXXBAJAVC18019;MA7632CH
2980;28/03/22;VSSZZZ6KZXR115805;MA8956CM
2981;16/02/23;WVGZZZ1TZ4W044996;0618HDF
2982;19/04/22;VF1BB2G0533283747;0767DHN
2983;08/04/24;WF0RXXWPGRJM77986;0960KTF
2984;08/11/22;VF7CHRHYB39442866;1763CFX
2985;25/03/22;VF31AVJXF52774338;4144CBM
2986;28/03/22;WVWZZZ1JZ2B099035;4684BVT
2987;19/04/24;W0L0AHL0865013885;5679DPW
2988;20/04/22;VF38BRHZF81230568;6387BDG
2989;09/12/22;XMCLNDG3A3F051359;6552CKH
2990;10/06/23;ZFA19900000971534;6880HRG
2991;03/07/23;KL1SF08TJ7B720289;7536FHW
2992;25/03/22;VF32ARHYF41639097;7836BLW
2993;12/04/22;WAUZZZ89ZJA288683;8173DJF
2994;29/09/22;ZFA22300005298610;8901DFD
2995;16/01/25;JTDES192000105583;9695CDJ
2996;01/01/1;WDC1641201A074957;AG183309
2997;07/04/22;VF32CKFXE40337351;B1377VS
2998;21/11/22;WVWZZZ3CZGP194236;BW935ZE
2999;31/07/25;SAJDB1BX1KCK61362;0000MMM
3000;27/08/24;VS5F40205H0108363;MA0606AF
3001;28/03/22;VF7N2RHYF36983331;MA2575DF
3002;06/10/22;WF0LXXTTFL2U20739;2019CCF
3003;09/06/23;JHLRD1850YC231742;9417BBC
3004;28/04/22;VF1BGRE0531174472;7815DCC
3005;09/11/22;;4848BHV
3006;02/03/22;TWZKXXCPVKTL40318;H0853V
3007;30/03/22;VSSZZZ1MZ4R078134;7303CVX
3008;07/04/22;W0L0TGF69X5117141;MA6207CU
3009;19/04/22;KLA4M11CD1C654568;2837BKK
3010;02/01/23;VF1BRCF0H38998507;7875FYR
3011;28/03/22;W0L0TGF0835131105;9075CJT
3012;22/03/22;WF0BXXWPRBVJ92000;MA3091CG
3013;22/03/22;VF7FC8HXB26662118;0608CHC
3014;07/04/22;VF32HRHYF41785004;5969BLM
3015;17/05/22;W0L0TGF0815235617;1110BJR
3016;25/04/22;VSX000097L4210772;M2793KY
3017;19/04/22;VSSZZZ6KZXR446161;MA5531CX
3018;19/04/22;WBAA571050CJ33760;7489BZF
3019;26/03/25;TSMMZC91S00144035;5036DWH
3020;27/10/22;W0L0AHL4845232379;7974DFX
3021;06/10/22;W0L0XCE7574073913;2122FHM
3022;23/06/22;ZFA23000005653627;
3024;03/12/22;ZFA22300006541664;
3025;21/04/22;VF1LA0NM523282179;5330BCV
3026;25/02/22;WF0FXXWPDF4G36888;1069CVV
3027;30/06/22;WF0LXXGBFL3P69783;YD04NBH
3028;11/05/22;WVWZZZ1KZ5W197212;E005ULD
3029;28/03/22;WVWZZZ1HZ5P393588;8806DGP
3030;15/12/22;;2362DRM
3031;06/04/22;WF04XXGBB41K45503;7938BRB
3032;20/06/22;JSAEMA81S00215661;MA6472CV
3033;08/06/23;WAUZZZ4BZXN073955;4362DHP
3034;08/04/22;KLASF48A13B029568;0551CFC
3035;17/11/23;ZFA16900000972869;7900FVZ
3036;22/03/22;VSSZZZ6KZTR236762;B7731SK
3037;25/05/22;VSSZZZ6LZ7R110688;7365FKW
3038;09/10/23;SHHCH2540XU000727;BA8798AC
3039;30/06/22;VF33CRHYB83586928;3733CXR
3040;27/01/24;JT163SW2000076543;L548CPK
3041;26/10/23;W0L0AHL6775175346;3620FRH
3042;22/03/22;ZFA18600002304000;4953FSR
3043;30/03/22;UU1LSDAMH36939708;3630FLZ
3044;09/06/23;JHMGH2370YS206773;
3045;30/03/22;KLAJF69ZEWK026437;MA9525CD
3046;21/03/22;W0L000078V4421877;M1453UZ
3047;18/05/22;W0L0JBF19X1161115;MA6751CV
3048;04/10/22;VF1BMRF0531026027;9049CRS
3049;19/04/22;VF1KC0EAF18883980;MA3837CN
3050;28/04/22;TMBNH46Y613255903;4353BJW
3051;28/03/22;VSSZZZ1MZYB090906;7998BCP
3052;04/04/22;VF1BB07CF26470155;5294BVD
3053;13/01/23;VF1JMRG0631413047;7993CZZ
3054;25/11/22;VSSZZZ5PZ5R022526;0
3055;05/04/22;WF0VXXBDFV5U25630;9180GWK
3056;28/12/22;VF1JP0J0533560016;5592DKV
3057;27/03/24;VF3CCHMRPJW003407;0491KHS
3058;25/03/22;VSSZZZ6KZYR133843;GR6490AX
3059;25/11/22;VF7JMKFVB97260989;5138DND
3060;20/06/22;VF7CH6FZB39188696;9419BSV
3061;28/03/22;VSSZZZ6KZ2R048975;0933BLR
3062;17/05/24;WDD2120251A084129;0042JRN
3063;29/09/22;SJNBAAP12U0032511;3183BVV
3064;26/01/23;VF32DNFUF42432612;8715BWY
3065;14/10/24;WAUZZZ4E46N003984;HJ55NXW
3066;25/04/23;JHMGD17702S237938;2449CDM
3067;17/08/22;VF7JMHFXB97002077;7845CNG
3068;25/11/22;WBAAL31010JJ56874;MA3014CV
3069;26/04/22;VF1JA0J0518177353;MA5425CK
3070;28/03/22;WAUZZZ4BZWN171246;3286DBB
3071;19/04/22;SARRHMLDNXM363310;MA9535CT
3072;30/06/23;WAUZZZ8LZXA073144;MA8886CS
3073;05/08/22;WAUZZZ8E15A081333;1844DBW
3074;30/03/22;WAUZZZ4B93N109817;8534CJG
3075;03/11/22;SJNFAAN16U0244004;2302BVB
3076;21/06/22;WVWZZZ3BZWP357154;MA6355CJ
3077;06/06/23;SJNFCAJ10U1527342;8439GWZ
3078;23/03/24;SAJAB51LX1WC26120;6527
3079;29/05/23;WBAAS71020FY29300;4905CMJ
3080;15/03/24;YV1RS694072614063;3483FHC
3081;31/01/23;YS3FB45D841018925;8918CTW
3082;21/06/22;WDB1241301B682380;SE0746BV
3083;02/01/23;JMZCP19S201348903;1405HZR
3084;04/04/22;VF1JMSE0634540496;1894DRG
3085;22/11/22;W0LF7BHB69V613361;22VZJ3
3086;29/06/23;VF7SC8HZCAA547095;8967GWS
3087;25/01/23;VSA63809413289212;MA1524DB
3088;07/05/24;JMZCR19T600127394;FH55KRV
3089;29/06/22;VS6FXXWPAFKA85165;MA7364AT
3090;22/03/22;WF0AXXWPDAYR48613;7160BCP
3091;22/06/23;VF1JM020533863779;3954DLX
3092;09/06/23;WF0RXXGCDRBL89473;6851HDN
3093;30/03/22;XMCLNDG4A4F005379;8606CVR
3094;21/02/23;VF1EMRG0633188981;6652DGP
3095;30/03/22;JMBLNN33WRZ006724;MA4385BP
3096;10/02/25;VF38BDHXE80234241;J3455Y
3097;16/09/22;VF1JMK406J7311723;WJ07NHF
3098;15/06/22;VF33C9HYB84384367;6173DSZ
3099;01/01/1;VF1JMRG0629867435;DR886MR
3100;11/04/22;VF37AWJZT32880767;MA9768CW
3101;22/04/22;VF1BBR7CF31453836;6760CVS
3102;19/04/22;WF0BXXWPRB1B16246;6441BLH
3103;28/03/22;VF7DCRHZB76495623;2016CSL
3104;28/06/23;VF36ERHRH21605013;1607FMM
3105;22/03/22;WF0FXXWPDFXU12700;MA9511CW
3106;04/10/22;KMHJN81VP7U580223;9424FNK
3107;22/03/22;W0L0TGF4825029982;4838BNR
3108;16/11/22;WF0GXXTTPG7S28552;1321GCZ
3109;22/03/22;VF1B56LKC14604282;MA1365BY
3110;27/05/22;W0L0JBF19Y1166341;8282BKC
3111;04/11/22;W0L0TGF4835231889;5392CKG
3112;07/04/22;WF0BXXGCDBYA69667;MA7168DB
3113;19/04/22;VSSZZZ1MZ3R131063;4467CJM
3114;30/03/22;WVWZZZ3BZWP113229;BZ453MG
3115;30/06/22;VF7LA9HYC74631448;0401FVR
3116;21/04/22;VF1KA1U0526847804;2719BZL
3117;04/04/22;WDB2100171A134683;3251FXX
3118;22/03/22;VS6AXXWPAASJ98269;MA7904BV
3119;08/04/22;WF0AXXWPDA4B00172;4962CSK
3120;12/04/22;VF38B6FZF81418968;7515BTF
3121;08/04/22;VF7N1RHZB73211875;0870BSD
3122;28/03/22;KMHCG51VP4U220803;6219CVL
3123;23/09/24;VF1KZ1A0546274297;BY036GH
3124;09/09/22;W0L0AHL4858123151;0786DLN
3125;13/09/24;YV1DZ9056C2312536;DER456G
3126;03/05/24;KL1SF48DJ8B287923;9447GFW
3127;07/04/22;VF7S0VJXB57895012;4320CGH
3128;22/11/22;VS7VDPG0058PG3374;MA8119BG
3129;20/04/22;WF0AXXWPDA3K09083;3438CGS
3130;28/03/22;VF31CHDZE51861479;MA9925CC
3131;02/06/23;TMBBE21Z462145686;WD55FKP
3132;04/04/22;WVWZZZ1JZ3W081940;MF52FLH
3133;03/03/23;KMHSC81VP6U083163;3112FHY
3134;25/03/24;TMBCXZ1ZX72019834;NYL231
3135;12/09/23;SB1KW28E10E052943;8498CWZ
3136;25/03/22;WF0AXXWPDA4R43602;9705CTV
3137;15/03/22;PRUEBA;PRUEBA
3138;15/03/22;PRUEBA2;
3139;07/04/22;VF1CMR20531392711;6900CVY
3140;25/03/22;VF32C8HZF44504333;2457DHP
3141;22/06/22;VF7N1RHYB73249734;3042BNB
3142;05/12/22;ZFA17900013201908;5571DHK
3143;30/03/22;WVWZZZAUZEW363341;145
3144;28/03/22;VSSZZZ9KZVR008444;MA6295CD
3145;08/01/23;WVWZZZ1KZ8P067376;7328GBH
3146;16/04/24;WF04XXGBB42S37999;0300DVW
3147;06/06/22;VSSZZZ1MZ4R117675;8971CVM
3148;02/07/24;VF3BZDHXA12677279;BA3721AF
3149;25/03/22;VF1KC0JEF26308038;3732BTN
3150;01/01/1;1J8HCE8M05Y577028;
3151;30/05/23;VF36ERHRH21449960;5195FLS
3152;24/03/22;KLATF48Y12B733763;4109CCB
3153;28/03/24;WVWZZZ1JZYW655833;4927JPW
3154;31/03/22;VSSZZZ6KZXR465755;MA0318CX
3155;19/09/23;WDF63960313152082;3609DWG
3156;11/12/23;W0LF7BHB6BV639817;EJLLKNR
3157;04/04/22;VF32AWJZT40764689;Z0862BS
3158;29/09/22;WVWZZZ9NZ2Y011772;0733BSW
3159;25/03/22;W0L0XCF6814130921;8718BGP
3160;28/03/22;ZFA19900000124291;3681FBX
3161;05/08/22;VF1BGRE0532062530;8672CYD
3162;28/03/22;VF31AHFXF52646917;2392BHD
3163;19/09/23;VF1FW1AF544922259;8685HCF
3164;28/03/22;VF1JM0GD632270098;7882DCC
3165;30/01/24;VSEETV04VNT210142;1330CHB
3166;08/04/22;ZAR93000002210222;MA1618CS
3167;28/03/22;WF0BXXGCDB4B09242;4555DBC
3168;29/09/22;VSSZZZ1MZ3R022674;7521BXS
3169;28/03/22;VF7X14A00054A2722;M7406SB
3170;01/01/1;ZFA23000000000000;5066DPH
3171;13/10/24;ZFA27000004298261;2139HFF
3172;15/12/22;;6556FBJ
3173;06/10/22;VSA63817413098771;4209DTP
3174;28/03/22;W0L000053P5232901;2519DKH
3175;30/12/22;ZCFC297000D142228;3215BHC
3176;17/05/22;ZFA18200005034354;MA4016DF
3177;03/11/22;VF37ADHY231304376;MA4931CB
3178;20/04/22;WF0AXXWPDA3T04345;6275CLZ
3179;16/01/25;1HGCG4160YA600496;MA8828CY
3180;03/06/22;WF0WXXGCDW6L77386;4321DWJ
3181;28/06/22;ZFA18500000440699;2746BTD
3182;11/11/22;VF7RDRHF8BL538174;5870HGH
3183;01/01/1;JTJHF31U600001476;0910CGR
3184;12/06/23;NMTEA16R80R162064;5622GKL
3185;12/06/23;VF7XS9HUC64123509;1044FZG
3186;28/09/22;VN1F9AED523594337;5471BFL
3187;30/03/22;SHHMB3770YU112787;MA3310DD
3188;08/08/22;W0L0TGF7542097821;3158CSY
3189;08/04/22;WBACC31070EN25500;MA4305CH
3190;04/04/22;WF0AXXGAJAYL24492;5072BDL
3191;05/10/22;VSSZZZ6LZ4R222398;2019DDY
3192;29/09/22;W0L0XCF6824245540;6717BWM
3193;07/04/22;WVWZZZ1HZRP179494;M1920OY
3194;19/04/22;VF33ERHYB82428141;7332KFT
3195;30/03/22;W0L0TGF7542249349;3228DBJ
3196;30/12/22;WVWZZZAUZEW363340;5952HXD
3197;02/06/23;SAJAA01E3XFL12799;T7235BBC
3198;08/04/22;ZAR93700005194631;2440DNG
3199;05/08/22;VSSZZZ6LZZR107355;8165FHY
3200;26/01/23;VSSZZZ7MZ3V526389;8386KTD
3201;15/09/22;VF7VDPG0016PG2115;8752BBJ
3202;04/04/22;VF1B5720507516127;GR1008Z
3203;25/07/23;VNKKD3D300A089511;DD042HZ
3204;24/06/22;WF03XXGCD35G82597;3906DTJ
3205;06/09/23;TMBPY46Y544037832;7688CVT
3206;29/05/23;WBAUD71090PD92402;3876FXT
3207;09/06/23;WP1ZZZ9PZ5LA00238;LF04UWA
3208;05/06/23;WBSG401060LK10244;
3209;19/04/22;WF0FXXWPDFYA50776;MA7057DD
3210;19/10/22;KLANF48614K001479;5530DCF
3211;27/01/24;WDC1631571A445527;2843CKJ
3212;05/12/22;W0L00007594357869;MA6499BU
3213;30/05/23;VSSZZZ6JZAR035494;9144GPD
3214;12/04/22;WDB2021251A029432;MA2397CM
3215;20/04/22;W0L000058V5243626;MA3075DF
3216;11/11/23;VF7SR8HR4EW610967;9627HYS
3217;01/01/1;VF7SCKFT0AW518273;5439GZN
3218;30/06/22;KLA4M11CD4C020277;3850CZN
3219;12/04/22;WVWZZZ1JZ1W418707;6026CFC
3220;27/04/22;VF35FRHYF60543110;8264CBT
3221;17/01/23;JTDKG18C60N272824;8288GHG
3222;01/01/1;WBAFA51030LM22357;0756BMK
3223;19/04/22;WF0AXXWPDA2Y56789;0955BTK
3224;12/04/22;W0L0TGF6915308040;1121BMV
3225;24/01/23;W0L0SDL0874151038;1186FKR
3226;21/06/22;VSSZZZ6LZ7R173155;1569FNG
3227;09/02/23;WF0GXXPSSG2U25888;
3228;16/05/23;VSSZZZ1MZ1R018153;3465BKB
3229;17/05/23;WBAFB31090LP12670;3638CGZ
3230;03/05/22;WAUZZZ4BZ1N137304;5027BKF
3231;27/06/23;;5524CYN
3232;29/09/22;VSSZZZ6LZ3R083513;6056CGJ
3233;19/04/22;WF0AXXWPDAYS33082;6575BDZ
3234;05/10/22;VF33CRHSB82260882;6644BSJ
3235;22/04/22;VSSZZZ1MZ2R007190;7161BKL
3236;18/05/22;VF1BMSE0637948461;7428FRU
3237;25/11/22;WVWZZZ3BZ3E370735;7543JWZ
3238;20/08/22;SJNFHAN16U0593427;8268DKK
3239;17/05/22;KMHAH51GP1U110476;9188BFY
3240;09/03/23;WVWZZZ1JZ4W163474;BC27BBK
3241;01/01/1;WDB2112081B136680;DN638HY
3242;12/04/22;KMHAC51GPXU200109;M6854YV
3243;16/12/22;WDB1241301A594194;MA1358BJ
3244;17/05/22;WF0AXXBBAAXL68026;MA2165CV
3245;17/05/22;WF0AXXGAJAVK06831;MA2479CH
3246;17/05/22;VSSZZZ6KZXR410735;MA4148CV
3247;26/04/22;W0L0SBF68X4100095;MA9574CN
3248;05/10/22;WBADF81070BT07986;P3907BDD
3249;25/11/22;JTHBB262602005584;YC06ETT
3250;12/01/23;VSSZZZ5PZ6R044144;0953FXH
3251;07/04/24;KNEBA24425T090656;8090DKL
3252;19/04/22;VF7DC4HXB76054437;8468BKC
3253;17/05/22;VSSZZZ1MZ1B057107;9155BJP
3254;05/10/23;KNEJC521535094203;NL03ODG
3255;03/05/22;1C4HJWL5XHL595783;MT17JZJ
3256;12/05/23;VF1KCAVAK32726054;0480DCX
3257;04/10/22;VF1JK0UA633663222;0743FXG
3258;21/05/25;JMZGG14F241215801;1201CVJ
3259;24/11/22;VF32DNFUF44199585;3689DGS
3260;15/06/22;VF3WA9HXC33465484;3845FHM
3261;03/10/22;VF1BM1R0H38099505;9642FYX
3262;19/10/22;WF0AXXBAJAYC86514;0772BBD
3263;19/07/22;VF32AKFWF42851673;0794CCL
3264;14/10/24;WAUZZZ8K09A111742;
3265;05/10/22;VF7VDWT0003WT2797;0288CHM
3266;22/04/22;SARRSCLKPAM160940;M6864OZ
3267;09/06/23;WDC1641861A010940;9914HLW
3268;01/12/22;VF1BG4HBF35462289;5213DWL
3269;26/10/22;ZFA22000012908167;2664BCH
3270;06/03/23;WV2ZZZ29ZKH000578;M1043JB
3271;30/11/22;VSKDEVC23U0090501;MA1586CT
3272;15/09/22;KMHJF31ZPYU965393;CE9673G
3273;22/05/25;W0L0AHL6765171813;4555FCL
3274;13/10/22;W0L0TGF7532052704;4688HWV
3275;10/06/22;VF7BBRHZA12741189;5706BCJ
3276;17/05/22;VF1LA050526449011;6273BTN
3277;25/11/22;ZAR93700003258038;6622DCH
3278;09/02/23;VF7MBWJYB65784477;7479BSX
3279;26/08/22;VF1CMRF0532440176;8393DBY
3280;15/02/23;SJNFAAP12U0238789;8428DKK
3281;17/08/22;VF1BM0U0A31057075;8527CSY
3282;03/01/23;WDB2020261F691234;B3778TV
3283;16/12/22;WF0UXXGAJU5E04126;ES8543FDV
3284;03/07/23;VF3GJWJYB95065553;8796CNV
3285;28/11/22;WF0VXXBDFV6S17016;9375FDM
3286;26/06/23;WF0XXXTTFXAU54546;9437GZC
3287;01/01/1;WDB1680081J468680;9688GWV
3288;15/05/25;YV1CZ714661276606;9889DVV
3289;21/12/22;VF7LC9HXC74118638;9979DMH
3290;17/05/22;VF7N1WJZF36419323;B6592UV
3291;17/05/22;VF1BB0A0F19756424;CA6542BK
3292;19/10/22;VSX000078R4072469;MA5369BL
3293;17/05/22;VF1JA0NN522383613;SE7398DT
3294;17/05/22;VF1BB0A0F20888357;TF9224BY
3295;15/02/23;KLY4A11BDXC298839;GR4663AV
3296;21/12/22;YV1945816W1230553;5997FJH
3297;05/05/22;;
3298;10/03/23;WVWZZZ3BZVE037145;7420GHW
3299;01/01/1;VF7SCZMZ6GW551558;9347JNN
3300;12/06/24;WBA1C71080E972285;454
3301;25/03/24;VF1JZ2B0D41542932;0525GMX
3302;18/10/22;W0LF7BDB65V611484;
3303;13/03/24;WAUZZZ8E66A259805;2132KTR
3304;09/11/22;WF03XXGCD36U87896;3959FCZ
3305;31/12/22;KMHMH81VP5U253853;4287FDD
3306;05/10/22;ZFA19200000374935;7827CWR
3307;13/09/22;VF1BG0G0624859705;9211BLK
3308;15/09/22;ZAR93700003405660;9508GGL
3309;31/05/22;VSA63807413162865;9839FNK
3310;22/09/22;SB1JZ28E20E099529;9872DGC
3311;07/11/22;WAUZZZ8DZSA069326;CA0872AX
3312;17/05/22;WF0AXXWPAAVC55070;MA0738CG
3313;05/12/22;ZAR93700005187737;NI2DAS
3314;28/06/22;ZFA18700000840356;0861BTJ
3315;21/05/25;VF652AFA000041332;1050CFF
3316;17/05/22;W0L0TGF08Y5249621;1219KWC
3317;28/09/22;JMZBJ14R221446958;3317
3318;17/05/22;WF0FXXWPDF3M09565;2270CRC
3319;29/09/22;VF7LC9HYB74141647;2459DDY
3320;22/11/22;WVWZZZ6NZ1Y339892;5254BLN
3321;26/04/23;W0LJ7B7B2EY735652;5454HVN
3322;15/06/22;VSSZZZ6LZ7R112395;6812FJK
3323;17/05/22;WF0AXXWPDA3S75644;6825CLS
3324;23/05/22;ZFA18800005223122;8528CCT
3325;01/03/23;VSSZZZ1PZ6R037756;8622DTC
3326;22/06/23;VF32AKFWF41682645;8929BJY
3327;17/05/22;VF38BP8CE80510169;GR6408AP
3328;17/05/22;W0L0TGF48X5213816;MA2941CT
3329;17/05/22;VSSZZZ6KZXR147264;MA5866CN
3330;17/05/22;WF0AXXGBBAXD30753;MA6237CT
3331;17/05/22;WF0BXXWPRBYG89407;MA7932DB
3332;10/11/22;VF3WC8HZC33935379;0331FXS
3333;15/09/22;VF1BB05CF27789438;5859CCJ
3334;15/11/22;W0L0AHL4858101291;9965DJS
3335;17/05/22;VF37AWJYF33160176;2622BDX
3336;03/12/22;YS3EF55E033010254;3177CCR
3337;05/10/22;WDB2021881F976591;4359BBY
3338;17/05/22;VF1FC1EHF39369946;5499GGS
3339;17/05/22;VF1DA0N0518934254;MA0001CN
3340;31/10/22;W0L0AHL0865100991;0803DWL
3341;29/09/22;WF0AXXWPDA3E70647;4838CHZ
3342;26/07/22;VF1BB1L0A29753927;1371CNZ
3343;16/06/22;VF33H9HXC84769513;0460FHN
3344;15/05/23;WVWZZZ6RZAY202866;2051GVD
3345;15/05/23;1C3ESN7A1WD671940;M9974WD
3346;21/11/22;KMHJG31RPYU160973;IB3224DL
3347;23/08/22;VF1KC0EAF18342316;GR6019AS
3348;03/10/22;WF0FXXWPDF2T39587;0997BVR
3349;22/11/22;W0L0AHL0865176009;7096FCF
3350;03/06/22;VF1BMSE0637948462;7428FRL
3351;22/06/23;VSS023A0009201164;B5326LH
3352;29/09/22;VSKDEVC23U0980481;GR3231AM
3353;23/06/23;SED987700LV683424;LE0465AH
3354;29/09/22;TW2HXXCPVHVP45436;GR5460AM
3355;29/06/22;VF1BA0ALE19320449;GR7451AT
3357;19/12/22;VSSZZZ6HZXR009960;8139CHH
3358;09/06/23;VSA63829413354377;5059KGV
3359;20/06/23;WAUZZZ4F07N135036;2840FNS
3360;04/04/23;JMZGY19R201196799;G4I74E
3361;10/01/23;KL1NF48UJ7K704515;0055FXJ
3362;08/06/23;ZFA3120000JA04855;4729KLN
3363;13/06/22;VF7N1BHYB73094846;
3364;15/09/22;W0L0XCF0864331667;7616FGP
3365;29/09/22;VF7RCRHRG76725236;6814DYP
3366;09/06/23;VS5C40104L0003222;T4
3367;01/06/22;W0L0SBF08X6074804;MA2895CS
3368;02/02/24;VF1JLECA65Y081610;2112DLD
3369;08/06/23;WVWZZZ3CZ9E107212;VD569705
3370;23/03/23;VF15RJL0H52290619;6246JCR
3371;08/06/23;ZAR93700005053138;3371
3372;28/12/22;VSSZZZ6LZ4R188407;6119CTK
3373;15/09/22;VF1CM0B0H28231892;6533CDZ
3374;28/09/22;WF0HXXGAJH5U24931;8566DVW
3375;21/06/22;WF05XXWPD56J72672;8608FCK
3376;29/09/22;WF0HXXWPJH4A80243;9845CWN
3377;31/01/23;VF7U6UF0012095664;B8905SB
3378;03/11/23;W0L000056T5235397;LO6707O
3379;29/09/22;VF1CB0A0F18683367;M6604WT
3380;29/09/22;SJNFDAP11U0347440;MA2498CT
3381;17/06/22;VSSZZZ6KZYR107403;MA4897CZ
3382;15/09/22;VSSZZZ9KZXR002732;MA5019CL
3383;03/11/22;VSSZZZ6HZWW000160;MA5190CG
3384;10/12/23;W0L0XCF0824264766;4660BWN
3385;23/05/22;WBSGY01060LK10244;
3386;04/07/23;SALLNABB8YA522193;MA8211CX
3387;25/10/22;WF0HXXWPJH5U08273;1693DJN
3388;22/07/22;VF1JA0C0225127543;7594KDK
3389;03/06/22;VF32AKFXE40965650;MA6708DF
3390;06/06/22;VSSZZZ6LZ6R011222;4679DWB
3391;09/06/23;WF0TXXTTPT4C58486;LA04HPE
3392;22/06/23;VF36JUHZJ21466021;CA138YA
3393;01/06/22;W0L0XCF0814064213;3089QT
3394;13/10/22;WF0LXXBDVLWJ41229;GR7798AS
3395;11/09/24;VF37AD9B230486528;MA5283BS
3396;05/07/23;1C3AEB6U61H544733;7414BVC
3397;27/10/22;VF1EMRG0631223610;7728CWB
3398;09/06/23;WV2ZZZ70ZNH109314;M9116OG
3399;31/05/23;WBAAY71080FZ43638;1378BVK
3400;09/06/23;1J4GZB8Y1WY128293;9003BWK
3401;30/06/23;WBAVC31080VA23641;4114DSM
3402;21/11/22;VSSZZZ6KZ2R174484;4799BSX
3403;20/10/22;VF7FCKFVB26844096;9566CNL
3404;16/08/22;VSSZZZ1MZ1R024319;V0732HJ
3405;24/02/24;KMHCH51FP4U216130;DDGK3109
3406;21/09/22;VSSZZZ1MZ1R075901;0197BHB
3407;16/01/25;UU1BSDBLK45969906;7237HHK
3408;01/01/1;U5YHM515AGL233535;9875JLS
3409;29/09/22;SJNFDAK12U2184869;5831FHY
3410;16/09/22;VF7N1NFUB73749358;0354CHT
3411;26/01/23;WDB2030061A068661;3441
3412;15/01/25;YV1MK765272010446;WY2073H
3413;06/10/22;W0L0XCF0684146577;6381GJG
3414;25/04/24;VF34H9HR8AS289675;2518
3415;17/11/22;ZFA23000005944438;B3928XB
3416;26/11/22;WF05XXWPD56S09116;7787FDM
3417;06/09/22;VF1BB0FCF25918142;843/26
3418;10/01/24;KMHKG31FPXU118709;4054GYT
3419;28/06/23;VF1KC0EAF21836198;MA9624CY
3420;08/06/23;WVWZZZ9CZ1M615291;5025GYP
3438;02/06/23;VF8DE010628422173;KR7ML77
3440;06/06/23;KL1NF196J7K499528;3705FGB
3441;30/11/22;VSSZZZ6KZZR152321;3411BTC
3442;02/06/23;VF38E9HD8CL087803;3439HNG
3443;29/06/23;VF7HBNFUC28031174;VLK855
3444;18/05/23;VF34H5FWC55388683;4161GMX
3445;09/06/23;VF1EM0C0H31182667;5852CVP
3446;07/03/23;WBAAS71080FY11447;9735BZY
3447;31/01/23;WF0UXXTTPUBK43729;2136HCZ
3449;09/06/23;FH104427;VBD4955
3450;09/02/23;VF1FC08BF31317206;CW04ELV
3451;22/03/24;WDB9066352S708124;DA627YK
3452;01/01/1;MAT4030776NL00823;0072FBT
3453;22/06/23;VSSZZZ1MZ3R007595;0294BWX
3454;18/01/23;WDB2021281A782614;CL054HZ
3455;01/01/1;WVWZZZ1KZ5B010446;5719DCJ
3456;04/05/24;VF31AHDZE52035764;MA5755CJ
3457;23/01/23;WVWZZZ9NZ5Y130481;9904DHM
3458;16/01/25;VF3PNCFAC88193964;1193FWN
3459;15/09/22;VF7S0VJZF56458239;MA4161CH
3460;08/03/24;SJNFBAK12U1027029;3693CGC
3461;29/09/22;VF1CBR8EF29667309;6663CXL
3462;15/09/22;VF33CRHSB82218615;9144BPT
3463;27/12/23;VF33CRHSB82280468;8434BSH
3464;15/09/22;VF1JMT4N638854325;7758FXL
3465;01/02/23;W0L0XCF6824240128;5783BWG
3466;03/11/23;VF7N2RHYF36709446;MA4517CW
3467;09/02/23;VF7GB9HWC9N031556;1664GSD
3468;03/11/23;SJNBAAP11U0280348;MA0766CU
3469;15/09/22;YV1VS14K31F674862;BV165SLH
3470;26/11/22;KMHBT51HP5U366973;9934DMB
3471;03/11/23;KMHJG31RPYU197604;MA0505DF
3472;15/07/24;VF7UA9HZC45035476;0667FKX
3473;18/08/22;ZFA18800000300949;9440BKZ
3474;01/01/1;VF7YCAMFB11023195;8569FJP
3475;29/09/22;ZFA22300005570040;2593GJK
3476;25/07/23;VF7SB5FV8DW540585;WIPA2189
3477;07/11/23;WAUZZZ8V3JA027512;WW743CC
3478;09/10/23;WUAZZZ8V8GA900329;DF15KSJ
3479;15/03/24;TMBLJ7NP6J7565399;6AV5400
3480;15/11/23;WDC1631541A225619;4348GLJ
3481;13/10/24;NLJWVH7HP4Z010443;8342CSR
3482;16/08/23;VSSZZZ5FZFR135382;0432JFB
3483;09/09/22;VF7CHRHYB39487498;366MDL
3484;30/01/23;VF7XCAHZ8CZ009760;5882KKV
3485;02/06/23;VF7VD9HZC45291891;7499GLW
3486;09/06/23;W0L0SDL68E4277373;1824HZG
3487;09/06/23;W0LPD6EF6C1063121;7780HMJ
3488;02/12/23;WVWZZZ6RZCY037780;6762KVZ
3489;25/01/23;;1678FLT
3490;14/06/23;W0LPD6EG5BG040255;2906GZZ
3491;27/01/24;WVW2221K28P066803;3393GDK
3492;29/08/24;WMWRA31070TA41356;1419CKM
3493;22/11/22;VSSZZZ6LZ4R032107;4226CRP
3494;19/07/22;WVWZZZ6NZXY412992;MA8616CW
3495;29/09/22;WF0NXXWPDN4R39894;2068CTJ
3496;06/02/23;VF750HDZF56627875;M6314XG
3497;26/11/22;1J4GWB842XY521842;CA7131BM
3498;08/12/22;VF33CRFNE82406425;1344BWF
3499;04/10/22;VSSZZZ6KZXR233301;6389BNS
3500;28/07/22;VF38ERFRE81075116;M2524ZS
3501;06/02/23;VF32ANFUF41440999;1699HLG
3502;05/10/23;WBAVA71010VE25823;G6709B
3503;09/11/22;VF33CRHYB82124868;7117BNP
3504;04/03/23;VSSZZZ5PZ6R043404;9074DTX
3505;03/11/22;VF1BR1G0H39630401;BN526TF
3506;07/12/22;JMBLREA5WWY000701;A0254EH
3507;26/01/23;VF1KC0VAF24083381;1256BGB
3508;02/12/22;1A8GYB4517Y553852;1986FRP
3509;16/12/22;VF1BA1U0527670924;5468CBF
3510;03/10/22;VS7VDPG0059PG3447;MA3843BJ
3511;09/06/23;WF0MXXGCDM4D11448;3678DDK
3512;26/01/23;WDB1680091J887630;9122CGM
3513;19/12/22;ZFA19900001232620;8243FMY
3514;09/06/23;JTDKW223900071577;MA8954DB
3515;27/01/24;W0L0AHL4858145194;4259DPS
3516;29/09/22;KLATF08C11BG23831;5887BMW
3517;22/12/22;VF7CHRHYB39012629;5307BMG
3518;22/06/23;VF31AHFXF52642679;1144BGT
3519;13/09/22;VF1B5600E17197740;9163DXY
3520;29/09/22;WF0AXXWPDAYL50939;2582BBY
3522;01/01/1;TMBEA25J4B3196378;8535HDM
3524;05/12/23;VF1KCAVAK33659314;0732DKB
3525;30/11/22;KNEFE224245051509;2773CYY
3526;15/09/22;ZFA18700000852712;7442BXC
3527;29/09/22;VF32A8HXF43431115;5257CMJ
3528;12/12/22;VF35FWJYF60469886;5340BTS
3529;09/06/23;VS6AXXWPAAFP82945;SS5562V
3530;15/09/22;WAUZZZ8DZSA149238;9175JCP
3531;05/06/23;VSK0K0260U0473226;M5120KZ
3532;12/02/23;WDC1631131X755031;6437GBD
3533;25/09/23;YS3FB75F366003323;05D86038
3534;12/02/23;WF0EXXGBBEDP21649;
3535;25/01/23;KMHPN81VP3U085548;0767CCR
3536;01/01/1;W0L0XCR975E039465;5782DTS
3537;26/11/22;VN1F9BVH532905593;6925DFS
3538;22/06/23;VF7RC9HZC76843378;AN159VE
3539;09/02/23;W0L0XCE7544201067;0472CVC
3540;29/12/22;WAUZZZ8E47A227808;0733FVD
3541;15/09/22;KLAJF69611K595568;3537BMM
3542;12/12/22;ZFA22000012751886;3690BFF
3543;12/01/24;W0L0AHM7562212046;...
3544;12/12/22;VF7MFD9BE65202150;MA0598CL
3545;26/04/24;WDB2094652T050422;3545
3546;07/04/24;W0LBD6EB4HG052288;0577KBL
3547;01/01/1;VF7DDBHY6GJ564640;1831JLZ
3548;15/09/22;VF32A8HXF43549380;5536CPD
3549;27/01/24;JMZGG14R231166523;6080GGN
3550;16/10/24;KNEUP752266775871;6104FBG
3551;26/11/22;WF0UXXGAJU3P41647;654DNT77
3552;13/09/23;VF1BMS40635204260;6946DYX
3553;23/09/23;VF1BA050523844155;8499BFR
3554;12/12/22;ZFA22300005258838;9497CWG
3555;03/04/24;VSSZZZ6LZ8R099485;9582FXT
3556;01/04/23;WF05XXWPD57M89249;B90LIP
3557;19/10/22;SJNEAAK11U3243432;MA1249CZ
3558;28/02/23;WF0PXXWPDP8G67276;2088GDM
3559;21/03/24;WV1ZZZ7HZ6H141320;2126FLY
3560;19/10/22;VF7S1HFXB57340284;3122BCC
3561;12/10/23;VF7CH9HYB39719618;4714CWM
3562;10/01/24;ZAR93700005136710;..
3563;01/01/1;WF0CXXGBFC1G76519;5845BRM
3564;14/10/24;WF0RXXBDFR5J20479;8947DNX
3565;13/03/24;VF36DUHZJ21498323;FJ539RJ
3566;31/01/24;WBACJ51030AS28474;3566
3567;02/07/24;VF7CHRHYB39633311;3479CND
3568;16/10/22;VF7GJRHYK93062114;2311CJC
3569;28/09/22;VF1B560KE17858488;2417DFL
3570;14/10/24;WAUZZZ8E08A076578;3179FWW
3571;29/09/22;W0L0XCF0623027672;3989BVR
3572;28/09/22;VF32A8HZF44468082;4432DKT
3573;24/11/22;YV1RS56S942338396;0299CJV
3574;26/08/22;W0L0SBF68Y4246813;4763BHK
3575;04/07/23;KPTG0B1FS4P142731;5118CZZ
3576;04/04/23;VSSZZZ1PZ7R065933;7022FKW
3577;01/01/1;VF1JP0D0533343310;7083DJL
3578;18/12/23;VSSZZZ5PZ6R032704;7432DSH
3579;08/03/23;WVWZZZ3BZ5E158773;9116DPH
3580;01/01/1;ZFA19400002009630;CW671VG
3581;26/08/23;WF0JXXWPBJCR42584;3581
3582;25/09/23;VSSZZZ6KZWR149501;GR7496AP
3583;18/10/22;WBACC51040EX40537;MA5788CG
3584;27/01/23;WDB1241331C000029;MA7663CM
3585;24/01/24;VF3YDDMFC11851791;9779GYV
3586;16/09/22;VF7N0NFZF36159564;MA6198CJ
3587;15/07/24;WBABV72040JZ76984;3587
3588;15/09/22;VF32A8HXF44168432;4796CYL
3589;07/12/22;VSSZZZ6LZ6R567090;8692FBH
3590;27/01/23;WAUZZZ8LZYA134592;8426BFP
3591;13/10/22;VF3PNCFAC88035278;8994DVV
3592;31/03/23;SARRJZLHX2D249222;0400HMR
3593;16/09/22;VF7LC9HXC74560134;1562FGW
3594;16/09/22;VF1JMRG0634365298;8129DNV
3599;21/03/24;JMZGG12R671659703;0000FHM
3600;02/06/23;1GNDX03E81D299954;WE628PW
3604;13/10/22;VF7N1RHYB73564224;0892BYJ
3605;11/05/23;VF7FC8HXB26039668;5038BYP
3606;27/11/22;VF1CB07CF25286012;6107BNR
3608;22/12/22;VF1KC0EAF22785421;V3608HG
3609;30/11/22;VF7UARHJH45106769;4520FRB
3610;06/05/23;WVWZZZ6RZAY042763;7558GSD
3611;06/02/23;W0L0SDL6874031379;8172FGT
3612;29/04/24;VF1BR1G0H39123601;9936GCJ
3613;22/07/24;6FPPXXMJ2PCS75988;1380HNY
3614;27/11/22;ZAR93700005072185;5580CBC
3615;14/06/23;VF7DC4HXE76335234;
3616;22/06/23;KLANF48615K053027;6760DGM
3617;06/06/23;JN1CBAN1600000993;4851BFF
3618;29/09/22;WVWZZZ6KZWR520009;0875GFP
3619;30/11/22;WF0LXXGBFLYK75870;
3620;15/11/22;VSSZZZ1MZ2R112382;6594BYC
3621;01/02/23;W0L0AHL4868165455;9808FLG
3622;03/06/23;WF03XXGCD35J14386;
3623;21/10/22;ZFA18800000305012;1006B
3624;03/10/22;SHHCG9570YU031207;J4683AF
3626;10/03/23;VF36D9HZC21048220;5362DBG
3627;27/11/22;WVWZZZ6NZWY174212;V9857FX
3628;04/05/23;VF7N1RHYB73052616;1749BDH
3629;28/10/23;VF7N1RHYB73018337;3254BCC
3630;13/09/23;WF0AXXWPDA1K66926;7751BWG
3631;19/10/22;VF32AKFXE40301213;MA4830CT
3632;09/06/23;JN1CPUD22U0145370;6019FKN
3633;29/05/23;WMWRC32040TG24105;WP03XZK
3634;28/03/24;W0LF7BHA6AV616771;9262GVP
3635;24/05/23;YS3EF45L543506788;5107CWG
3636;23/11/22;VF1JMRG0633257317;6198DJM
3637;27/11/22;WAUZZZ8DZWA019125;MA8658CG
3640;19/12/22;ZAR93200000240508;4311CTR
3642;22/06/23;WF0JXXWPJJAL66888;3187GTP
3643;12/07/23;JMBLJNA8W6Z003127;4702DXG
3646;21/03/24;KMHJN81VP7U514928;3816FLM
3652;06/10/22;SJNFAAK11U3333170;CO6058AX
3653;06/06/23;SJNEAAK11U4052760;1823BFS
3654;26/10/22;KLATF08CEXB435657;MA6772CW
3655;05/10/22;KPTN0B1FS7P049582;7134FYT
3660;13/06/23;JN1TENT30U0039282;WF03HFB
3661;08/06/23;WVWZZZ6NZ1Y200255;0995BFL
3666;18/12/23;WBAEH72040B535015;9057JYV
3667;06/06/23;XMCLNDG3A4F016645;5833DDK
3668;19/10/22;WF0BXXGCDB1K62898;HMSM9708
3669;28/06/23;WVWZZZ3CZAE538420;YD10UHT
3670;23/09/23;VF15RRL0H48427224;CW435DR
3671;14/10/22;;
3672;09/06/23;2HGEH2361PH543844;388444
3673;22/05/23;VF1BA0E0516145274;GR3866AM
3674;19/06/23;W0L0XCF25B4066400;0816GZP
3675;11/01/23;WF0WXXGBBW6U98426;P2597BDD
3681;17/11/23;WV1ZZZ2KZAX150421;1605GZK
3682;11/07/23;VF1KR1F0H44448193;0427HBB
3683;09/06/23;WBAPE12030WA52531;YG08JMX
3684;22/01/25;WDB4633331X163245;9403BZK
3685;05/12/23;WDD2120031A050558;39829
3686;23/06/23;WF0VXXBDFV5U28275;8639DKR
3687;04/05/23;SB153SBK10E015229;GR8773AG
3688;08/03/24;1,23456789012346E+016;C 1594 BVV
3689;01/06/23;W0L0HAF68YG029844;MA4331DC
3697;08/06/23;WAUZZZ8E63A287115;6583CHR
3698;09/06/23;VSA63131313041028;TE4175E
3706;09/06/23;B3LC17M615741;845/44
3707;17/01/23;SFAAXXBDUATD94617;MA7564CB
3708;26/12/23;KNEDE241286317034;5960FYC
3715;20/10/22;;
3716;09/06/23;SHHCE8590WU031009;Z7637BG
3717;24/01/23;VF7X1DHXF72146275;CO6668AT
3718;09/06/23;ZFA29000000265114;EKH524J
3719;15/11/23;WV2ZZZ21ZNH018811;ODAU227
3720;13/07/23;VF12REL1E49759107;2432HSX
3724;05/12/22;W0L000058V5261428;MU1548BS
3725;01/03/23;ZFA18700000846740;7732BTX
3726;16/12/22;W0L0JBF19X1134705;6127CHV
3727;25/11/22;W0L0TGF48X5181328;MA8479CS
3728;24/10/23;VSSZZZ6LZ8R025707;2708FXS
3729;16/11/22;VF7N1RHYB73603067;2447BYL
3730;09/06/23;VWANCFTK053422623;9758DLM
3731;16/12/22;WAUZZZ8E24A069108;MF53WCK
3732;19/06/23;WBAAS71010CK51532;0968CPX
3733;29/05/23;2C8GP64L51R299363;9410CSC
3734;12/07/23;VF34E9HR8CS146705;0376HLG
3735;24/11/22;SARRHYLYRBM253372;V5795FH
3736;23/06/23;SB1KX28E027415;3584CGF
3738;05/12/22;VF7N1WJZF36848347;MA6944DB
3739;02/06/23;VSSZZZ1PZ7R044082;8902FHJ
3740;03/12/22;VF32CWJYF42415573;3659BWN
3741;02/06/23;WAUZZZ8DZVA010653;CE6760F
3744;31/03/23;WVWZZZ3BZ5P027620;4751DCK
3745;04/05/23;WF0LXXTTFL4E22296;EY54WWU
3749;18/02/23;W0L0TGF7532237889;0216CJJ
3751;23/11/22;VF7X11A00011A3834;GR1488AF
3752;09/06/23;UU1BSDEKH43693214;8577GZG
3753;22/06/23;VF33BRFJC84075261;4495DMY
3756;01/06/23;WF0LXXGBVLXL85967;MA3862CU
3760;09/06/23;1J4FJN8MXVL570759;H7668V
3761;26/11/22;WBAUG51020VA06216;2344DXV
3766;15/02/23;VF1C0635512145121;J5054V
3767;11/01/23;VF33CRHYB83048204;5136CYG
3768;31/03/23;VSSZZZ1PZ6R065122;9992DWJ
3769;09/11/22;W0L0SBF08Y4372610;3352BJW
3771;22/06/23;SARRJSLPNXM001378;5380DZC
3773;25/05/23;VSSZZZ6LZ7R102212;2929FRR
3774;03/06/23;W0L000075T4260818;Z4504BB
3775;09/11/22;VF1BA0LLG19152152;IB8422CZ
3776;04/07/23;VF3GJWJYB95166643;9166DNX
3777;25/04/23;VF33BNFUC84104684;1484DLM
3778;07/07/23;VF1JA050524550888;5879BKB
3779;15/02/23;VF37ANFZE32831700;GR0579AW
3781;09/11/22;W0L0XCF6854307082;2049DKX
3782;04/03/23;WVWZZZ6NZ14061448;MA5119DF
3783;23/01/23;VF7LC9HZCA4533600;3287GWN
3784;12/01/23;W0L0AHL3592138030;4459GPL
3785;24/01/23;VF1JA1U0524811052;1094BMD
3786;22/06/23;W0L0ZCF6848028370;3409CPP
3787;21/03/23;W0L0AHL0865127204;6419DXY
3790;28/11/22;KMHHN61BP5U183410;5711DPW
3791;28/11/22;VF1BB0FCF28742510;5413CGV
3792;15/11/22;W0L000073S4023808;B8537PB
3793;02/12/22;VSSZZZ6LZ4R084719;0969CSJ
3795;04/05/23;KLATF48YEYB516186;GR9315AX
3796;30/11/22;VF7JM8HXB97093726;8069CWH
3797;02/06/23;AE1115067158;99D87914
3799;14/05/23;WBAAL310X0JJ65301;6126CDM
3800;07/03/23;WBADL81070GX56855;4639BSX
3801;05/12/22;WF0AXXWPDA1C28958;8705BTB
3802;27/04/23;LUCGG275093203372;DT325XG
3803;01/12/22;VSSZZZ6KZ2R105288;0134BSZ
3804;08/03/23;VF32AKFWF44455231;3092DFV
3805;05/12/22;W0L0TGF6915083427;1720BGB
3806;19/03/24;VF1JK02A642799220;6249LMR
3807;27/03/25;SARRTZLCPXD424054;M1921XP
3808;08/01/23;VF1JMS40636228628;2245FCY
3809;25/05/23;VF1KC0AAF19845958;MA7580CV
3810;27/07/24;VF32DNFUF42714927;1093HYV
3811;05/04/23;VSSZZZ6LZ4R038729;6117CLC
3812;09/05/23;MALAC51HP4M360322;4427CNN
3813;28/11/22;VF32AHFZE41048150;9173BBR
3814;08/03/24;WF0DXXGAKDDM88663;2370HPY
3815;09/06/23;513000000000000;STAYZ157
3816;14/03/23;WVWZZZ3CZ7P107569;7631FNF
3817;15/12/22;VF7VDPG0014PG3613;MA9458CU
3818;02/03/23;W0L0AHL4848129465;3327DBS
3819;21/12/22;WVWZZZ1JZ3W289221;ZS239GC
3820;08/06/23;KL1NF487J7K687941;4464FTH
3821;17/01/23;VF31CVJZE52518886;V3979HG
3822;03/12/22;VF37ADHYE32687283;TO6479AC
3823;12/05/23;VF3GJRHYK95109232;FG610NG
3824;20/07/23;KMHDN41VP4U862847;4917CVX
3825;06/06/23;SARRTXLNR5D648774;5990DCT
3826;09/06/23;ZFA22300005282207;4583DCN
3827;13/01/23;VF7N1WJZF36482161;SE4054DH
3828;09/06/23;VF1JDAMD526255294;4274BSX
3829;22/06/23;VWAPF0583YA793922;5964BBS
3830;05/06/23;ZFA18000000176240;GR8099AB
3831;30/11/22;VF1BM0G0628097304;7647CHT
3832;16/12/22;VF1LA0D0528864664;3840CJB
3833;03/10/23;VSSZZZ6KZ2R148226;1742BSF
3834;06/02/23;KNEUP751256712551;6011DSV
3835;05/06/23;ZFA19200000415444;2609CTP
3836;11/09/23;VF3233JL216010431;7634BDS
3837;02/06/23;W0L0XCR977E006895;2643FMV
3838;25/05/23;WF0HXXWPJH3U70648;1106CPV
3839;29/05/23;WVWZZZ1GZLW052936;GR8250U
3840;10/03/23;VF31CVJXF52767396;3950BYL
3841;03/01/23;VSSZZZ1MZTB058228;MA4120CY
3842;12/01/23;VF1BB1L0A27310036;3508BZY
3843;09/06/23;KPTE0B1DSXP163629;M3762YF
3844;01/02/23;WVWZZZ6NZTW005784;0378CNL
3845;01/02/23;ZFA18800004749076;2831CST
3846;24/04/23;VF7CHRHYB39517238;3021CGS
3847;27/01/24;TMBBA25J2A3086026;5873GRK
3848;03/03/23;VSSZZZ1MZ2R076032;7680BTF
3849;26/03/25;WBAAL31030JJ07370;MA9886CK
3850;30/11/22;ZFA18700000993618;0535CJH
3851;24/12/24;WF0UXXGAJU6B35024;1721FKX
3852;15/02/23;ZFA18800005132792;2843BPV
3853;20/03/24;WAUZZZ8LZVA033568;
3854;15/05/25;VF1BR1F0H39421433;4338GCV
3855;15/11/23;VSKMEVC23U0144823;4528BFH
3856;29/03/23;VF1BR1F0H44580840;9183GZT
3857;15/03/23;VF31CKFWU52568357;MA4266DF
3858;20/01/23;VF7CHRHYA38893604;0450BFL
3859;27/11/23;VF7CH9HXC98290247;0519GGF
3860;21/12/23;VF7ZAAMFA17544026;1543DDW
3861;01/02/23;ZFA19200000316193;1981CJJ
3862;03/07/23;WVWZZZ1KZBP065699;3202GZN
3863;21/05/25;WAUZZZ8E64A109867;3853CNC
3864;12/02/23;WDB1680061J793298;4199BWZ
3865;31/01/23;VSSZZZ6LZ5R023132;4252DBN
3866;01/02/23;VF7N1WJYB73018164;4390BFD
3867;22/02/23;WDB2030061F138386;8645
3868;07/04/24;VF1JAAC0E23134772;6139
3869;12/07/23;WVWZZZ3CZ7P146304;7761FRV
3870;09/06/23;WF0AXXWPDA4B75651;8692CRW
3871;01/01/1;WDB2201281A212785;9182CCJ
3872;03/01/23;VF1KC0EAF20376544;MA4474CU
3873;10/03/23;VSSZZZ1MZYB064364;MA6081CY
3874;02/01/23;VS7VDPG0050PG9643;MA7547AS
3875;14/12/22;ZFA19200000515766;1126DDH
3876;19/01/23;WAUZZZ8LZ1A051092;3686FFZ
3877;02/06/23;VSSZZZ5PZ6R005998;3888DMT
3878;23/01/24;WVWZZZ1JZ2B146334;6788BWC
3879;30/11/22;VSSZZZ6KZ1R232183;7122BHD
3880;19/04/23;VSSZZZ6KZ1R119842;7487BCP
3881;22/06/23;W0L0AHL0875038598;3881
3882;16/01/25;VF1JP0B0A34664775;8845DRJ
3883;22/02/23;VF3224DB212260948;B6159TH
3884;05/07/23;000000000BE017285;CA083509
3885;30/04/24;W0L0SDL0876157295;6554
3886;03/01/23;W0L000078S4307411;M5012SN
3887;24/12/24;WDB2011261F337145;MA1151CJ
3888;30/11/22;VS6BXXWPFBSS61142;MA7329BU
3889;04/05/23;VF1C57A0510836617;PO7122AU
3890;16/03/23;VS6AXXWPFANK93392;V2962EF
3891;26/05/25;VF36DRFNB21346967;1722DPD
3892;02/03/23;VSSZZZ6KZ2R031402;9437BKV
3893;15/01/25;VF7HBKFVB28027867;
3894;06/05/23;VSA63817413058687;3894
3895;19/09/23;VF7LA9HYC74569863;8928FJJ
3896;29/05/23;VF8JE0PL522024680;1453CVJ
3897;03/04/25;W0L0XCF6854262246;8564DMG
3898;12/04/24;VSSZZZ5PZ5R009627;0656CYN
3899;31/03/23;ZFA23000005101065;5217BFJ
3900;22/06/23;VSSZZZ6KZXR416081;MA4044CV
3901;09/06/23;VF7LA9HYC74494267;4117FDK
3902;15/01/25;JHMGD17503S206437;2713CMV
3903;01/02/23;W0L0TGF7542003824;2800CMJ
3904;03/03/23;KMHJG31RPXU129915;4069CTF
3905;12/06/24;VR3ECYHZRKJ713961;4979KYH
3906;21/05/25;WDB2020181F268965;6229FKR
3907;22/03/23;VF1BM0C0H27791354;7845CDB
3908;20/03/24;WF05XXWPD56L04432;8527DWR
3909;27/02/23;VF7GJRHYK93300656;8996DSP
3910;01/02/23;WF0AXXGCDA1K63633;ENYF770
3911;01/02/23;WF0AXXGAJAYG44002;MA1898DC
3912;21/01/25;VF38BRHZE80834330;MA5770CU
3913;10/07/25;VF1B569LE20712093;MA9484CZ
3914;15/03/24;WDB1241201B191962;3914
3915;01/06/23;VF32A8HXF43291556;4960CJM
3916;01/01/1;WAUZZZ4L4ZD000583;AA8855AT
3917;22/04/23;ZFA22000012238209;CO2022AN
3918;03/03/23;VSSZZZ9KZXR013346;MA0938CT
3919;08/06/23;WDB2032162F399909;P5214BDD
3920;12/06/23;VF1BA0D0524872493;0219BKT
3921;15/01/24;WVWZZZ1JZ2W166241;1469BMJ
3922;08/03/23;WF05XXGBB53D26817;1518CHD
3923;22/05/25;WAUZZZ8ZZ1N040484;2446BLF
3924;18/04/24;JMBXNGA1WKU009032;96KSK
3925;18/06/25;1C8GYN3783Y548151;5391CJJ
3926;09/02/23;VF1BB07CF26939211;5772BWB
3927;14/04/23;JMZGG14R671699604;7907FTT
3928;26/03/23;VF32A8HXF44168422;9667CXW
3929;01/01/1;WVGZZZ7LZ6D024356;9903DSW
3930;01/02/23;VF32CKFXE40121617;MA3286CP
3931;01/02/23;VF31CHDZE52427839;MA5571CU
3932;01/02/23;W0L0TGF69Y5086582;MA9032CY
3933;02/02/23;WVWZZZ1JZXB150347;S2419AM
3934;27/01/25;WBD1241301A728820;V3740FL
3935;31/05/23;VF1KGEVB636952565;9622FHW
3936;31/05/23;VF7N1NFUB73293226;1052BPK
3937;20/02/23;WBAAS71020CH19643;2908BVH
3938;10/01/23;ZFA19200000458668;5912CYL
3939;02/01/23;WF05XXWPD57E20452;4680FRB
3940;11/01/23;VF1KC0EAF22730663;8397DNV
3941;25/01/23;VF7CHRHYB39900231;9181DKN
3942;15/04/23;VF1FC0JJF31371739;9676CWG
3943;09/08/24;KMHSC81VP2U180000;2028FPD
3944;01/01/1;ZCFC358100D238272;8076CZR
3945;01/01/1;WDB1680321J323565;6863BXB
3946;01/01/1;KNELD224345035808;8338CWV
3947;11/01/23;VF7LA9HXC74426230;1280DYV
3948;03/07/23;WF0AXXWPDA2G19475;6075CFY
3949;01/02/23;WF05XXGBB54L52528;9754CZZ
3950;26/11/23;VF1DA050525759217;3657BTX
3951;18/09/23;W0L0AHL0885072646;4933GFV
3952;31/03/23;WF0GXXPSWGXY34719;5883DVV
3953;29/03/23;WVWZZZ3BZ1P135182;6059BJJ
3954;15/02/23;VF33C9HYB84156355;6826DNH
3955;31/12/24;1C8FYB8952T241165;7694CBZ
3956;11/11/24;VF12RAJ1A55736718;7748JRC
3957;01/02/23;VSSZZZ6LZ4R171260;8250CWC
3958;15/01/25;WVWZZZ7M1V029302;9538DBR
3959;20/01/23;VF7N1RHYB73204835;9670BLK
3960;01/02/23;ZFA18800005180384;9865BZN
3961;04/12/23;VF7S0VJZF56351238;B3608TS
3962;12/04/24;VF320CA9225409272;MA3227BP
3963;01/02/23;W0L0JBF19X1193111;MA3881CY
3964;08/03/24;VF320AA9225158684;MA6434BH
3965;01/02/23;WF0AXXGAJAVU14417;MA7754CF
3966;10/09/24;WF0LXXGKALSK94310;V0075FB
3967;20/03/23;VF7LC9HXL74427300;0527DXV
3968;03/06/23;VF38CRFNA81226142;6363BFT
3969;02/06/23;VF7LA9HXC74447396;3627DZL
3970;20/01/23;WF0AXXWPDA1C23090;3399BNW
3971;09/06/23;ZCFC3050105039558;GR9607AG
3972;03/04/24;WVWZZZAUZHW113632;P2976BDF
3973;04/07/23;WDB2030641F009063;9543BBR
3974;03/01/23;SARRTZLWRWD350317;MA6503CK
3975;17/02/23;VF1BA0D0524446576;8142BJD
3976;05/01/23;WF0RXXBDFR4D75968;8574DCJ
3977;31/05/23;KMHVA31NPSU064391;MA6969BX
3978;01/01/1;WDB2030611F026242;GGAP558
3979;22/06/23;VSSZZZ6LZ5R183529;7565DKF
3980;21/02/24;WP1ZZZ9PZ9LA22130;9720GNC
3981;30/05/23;VSSZZZ5PZ5R091194;1245DKC
3982;22/05/23;VSSZZZ9KZ1R010050;6209BDT
3983;22/02/23;VF7RCRHRG76713014;1099DTK
3984;15/05/23;VF7GJWJYB93166569;NGB594
3985;09/06/23;WF0BXXWPRBWU43128;MA2673CL
3986;03/06/23;VSSZZZ6KZXR020107;TF2953BT
3987;04/04/23;VF1JP0F0534676878;TX8011AK
3988;09/06/23;SB1DJ56L80E073783;1594DXY
3989;09/06/23;VF1KMSF0535010863;6545JTS
3990;01/06/23;W0L0JBF6817061220;3049DWS
3991;01/06/23;WBAHJ52050GC86736;5392GHY
3992;06/06/23;WVGZZZ1TZ4W023120;46NFNF
3993;06/02/23;VF37ALFZ430302492;JBI897
3994;09/06/23;VF3WC8FSC34478968;3872GGT
3995;05/06/23;YS3FF46W451005739;1308DBK
3996;14/03/23;VF1JMGED640777610;FZ121CF
3997;15/02/23;VF1BM0C0H23092327;IJG683
3998;20/01/23;W0L0TGF7542214914;4985CYD
3999;20/01/23;VF1BA050527095127;2746BWZ
4000;19/09/23;VF30URHE8BS041463;DL905XM
4001;23/02/23;VF37BWJZT32635392;MA3834CP
4002;23/06/23;WAUZZZ8CZPA034793;FLPG43
4003;09/06/23;VF7PNCFAC89068039;CA06LXV
4004;16/02/23;WVWZZZ9NZ84Y14388;0707BXD
4005;22/06/23;WVWZZZ9NZ8Y143882;3705GBD
4006;20/01/23;VF1JA04B522308356;W709NDG
4007;15/03/23;VF1BG4VB635277808;7100DXC
4008;10/03/23;WVWZZZ1HZVB064676;MA7804CB
4009;23/06/23;W0L0XCE7554063607;5391DFB
4010;30/05/23;VSSZZZ1MZYB053775;GR5752AW
4011;02/06/23;W0L000039K4191923;GR0851T
4012;19/05/23;VF7DCRHZB76085989;3733BKV
4013;20/06/23;W0L0AHL0865018758;8529DRV
4014;23/02/23;VF1BGRG0631172265;1665CVN
4015;23/06/23;VF7LA9HYC74552104;5142FGV
4016;06/02/23;WVWZZZ6NZWY191197;GR2018AP
4017;01/02/23;VS5B57205M0003753;M4773LX
4018;31/03/23;KNEFE224245049589;0633DDW
4019;07/06/23;WAUZZZ8E75A403053;4409DKD
4020;30/06/23;VF3231B5215516404;GR3523AP
4021;09/06/23;VF33AD9A210683602;GR3521AD
4022;30/05/23;WF04XXGBB41002705;
4023;31/10/23;WV2ZZZ70ZSH123756;GR0070AK
4024;31/01/23;VF1JA050525618158;1534BPN
4025;09/06/23;W0L0TGF071B014558;3796BFY
4026;01/06/23;VF1KC0AAF22377733;3870BBG
4027;04/07/23;WF0BXXGCDBYT20948;8628BFL
4028;05/06/23;VF1BA0L0G18154653;GR3614AU
4029;08/06/23;VSSZZZ6KZ1R041241;BI3298CV
4030;09/06/23;VSKABAC23U0162472;GR5441AM
4031;30/05/23;VSSZZZ6KZZR542215;B9290OS
4032;04/07/23;WVWZZZ6KZVR045848;2649DMB
4033;22/06/23;VF3231V5215879217;GR1888AY
4034;31/05/23;VF33CRHYB83560524;2287CWS
4035;09/06/23;YV1VS14K24F035022;4500CHH
4036;26/11/23;VF7CH6FZB39848127;8970DDP
4037;08/04/23;VSSZZZ6LZ5R046290;8954DBZ
4038;24/01/23;W0L0SBF68W4069373;IB4882CX
4039;04/12/24;WDD1680311K058102;8982CYR
4040;31/05/23;SARRTZLMS5D650049;6540DHB
4041;01/01/1;WAUZZZ4BZYN007400;3168CWK
4042;19/04/23;VF1C068A524326667;9720BGZ
4043;31/01/23;WAUZZZ4BZWN120252;2703BBL
4044;22/06/23;VSSZZZ5PZ9R004271;7115GGF
4045;01/01/1;1D8GTC8937W624698;9518FST
4046;01/01/1;VF7UA6FYC45320024;2125HRC
4047;22/02/23;WF0AXXWPDA1B21811;9025BLK
4048;16/02/23;WF0AXXWPDAYD12102;MA0330DF
4049;03/11/23;ZFA18200005189135;4045BLZ
4050;06/02/23;VF1BA1U0527271050;9095BXX
4051;02/08/24;WDF63809413471741;4051
4052;02/06/23;WDB2100061B288615;1069DBM
4053;09/06/23;JTEHG20V606077244;2315DNX
4054;25/01/23;SARRTZLNR4D625049;0977CMW
4055;08/03/24;WF05XXGBB52B20884;7256BZW
4056;10/03/23;VSSZZZ6KZ1R255279;7361BHH
4057;05/10/23;WVWZZZ3BZ3P280524;6302CGD
4058;15/05/25;WVWZZZ6XZ1W052229;9721BCZ
4059;28/08/24;VF1BB0A0F22857901;MA3865DD
4060;28/11/23;WF0CXXGAJC6S52554;5378FFX
4061;17/01/25;YV1RS65P222157654;6169CBJ
4062;16/05/23;VSSZZZ6LZ7R105160;6447FHY
4063;03/07/23;VF1CB0FCF26968379;7244BWJ
4064;16/03/23;WF0AXXGAJAWP59363;MA7854CM
4065;05/06/24;VF7JMHFXB97155213;1104DBL
4066;22/06/23;VF32A8HZF44349688;5005DGT
4067;19/10/23;VF33H9HZC84586012;1454DXN
4068;01/01/1;VF33HRHSB82694355;8123JLZ
4069;31/03/23;WAUZZZ8E12A104069;6327DKW
4070;15/02/23;W0L000056T5105218;M0515UH
4071;12/02/24;KMHCG51VP5U246414;4409DFL
4072;22/02/23;VSSZZZ1MZ4R122245;5139CVP
4073;25/01/24;VSSZZZ6LZ4R031563;6368CLK
4074;31/01/23;VSSZZZ1PZ7R011097;6919FCZ
4075;29/05/23;VSS028A0000162604;MA6118AV
4076;14/07/23;VSSZZZ6LZ2R045147;3515BYG
4077;02/06/23;WBABW520X0PL93723;AD53WUJ
4078;25/01/23;WAUZZZ8L12A001751;9800BMK
4079;22/03/23;W0L0AHL0855253541;8746DNW
4080;09/06/23;ZCFC297100A309300;3876FNT
4081;30/03/23;VF3GCRHYB96143476;0708DYM
4082;22/06/23;VF35FWJZE60410379;8103BMM
4083;23/06/23;WVWZZZ1HZSW443265;CA7990AX
4084;21/05/25;WDB2100041A248821;1346BMV
4085;01/06/23;VS7N2A70000A71603;MA9212BF
4086;02/06/23;WVWZZZ6NZ1Y092131;M5435ZX
4087;02/06/23;VF7GJRHYK93217021;5146DMZ
4088;13/02/23;W0L0XCF0814168920;9435BJY
4089;29/05/23;ZFA18700001296240;4287GHZ
4090;04/05/23;WVWZZZ1JZ2B021106;3873BLC
4091;22/06/23;WAUZZZ8K7DA132998;CE36663
4092;08/03/23;WF0LXXGBFL3E48862;7329CJH
4093;29/01/23;WVWZZZ6NZTY027694;MA9344BU
4094;01/06/23;VF7CH6FZB38819994;9420BBR
4095;27/09/23;VF32AKFWF44141608;CX667MQ
4096;22/06/23;VF33HRHSB83404871;6303CWJ
4097;16/12/23;ZFA3340000P816023;4447LBY
4098;15/05/23;KLA4M11CD3C860263;0079CRF
4099;09/02/24;VF1KC0JAF24495283;0856BJP
4100;22/06/23;JMZGG12R671655853;0923FXS
4101;15/01/25;VF7EBRHTB13015053;0951CBY
4102;14/10/24;VSSZZZ6JZ9R157668;1068GPJ
4103;21/05/25;WDB2110061A698321;1493DCB
4104;21/05/25;VSSZZZ1MZ4R119919;1096CVS
4105;23/03/24;YS3FF56W961013682;1487DRV
4106;01/04/25;WDB2110161A186670;1074CFM
4107;10/07/23;VF7N1NFUB73268729;1563BNN
4108;13/09/24;VF1JLAHA68Y246140;2104FXF
4109;12/08/24;WVWZZZ9NZ6Y119346;2465DTM
4110;15/01/25;SB1KW28E90F003502;2589DPD
4111;19/09/23;VF7BARHZB86275409;3164DZR
4112;24/03/23;WVWZZZ1JZ2D344567;3199CJB
4113;18/06/25;VF7AAFHZ0D8406237;3481HTJ
4114;29/05/23;WF0HXXTTPH4L39563;3838DGT
4115;25/03/24;VSSZZZ1PZ6R086082;3872DYV
4116;27/02/23;VF7N1RHYB73758115;3897CGS
4117;08/03/23;VNVF109AFUU015067;4153DJB
4118;13/11/23;KMHCG51VP3U191925;4179CKJ
4119;27/09/25;VF7SC8HZCAA591436;4199GXB
4120;29/05/23;W0L0XCF0643047828;4255CXJ
4121;10/09/25;VF654ANA000009840;4281DNW
4122;19/09/23;VF7S1VJXB57760986;4464BTB
4123;01/01/1;VF38DRHF8CL008178;5605HLX
4124;13/09/23;WF0AXXWPDA3U79183;5833CRG
4125;07/05/24;VSSZZZ1MZ1R020507;4125
4126;14/09/23;W0L0XCF0856005502;6268DBK
4127;01/01/1;WDB2083471F156070;6541DHM
4128;25/03/24;W0L0TGF7552099143;5466
4129;23/05/25;VF7SC5FS0EW621344;6997JHT
4130;05/03/23;VF7CHRHYB39578998;7225CLH
4131;28/11/24;KMJWVH7FPXU111837;7230DVF
4132;01/01/1;WDB2030061A290940;7402BRH
4133;01/01/1;VF3YBAMFB11041412;7635FKR
4134;17/07/23;VF1JA0D0528518103;8080CFW
4135;01/06/23;KMHJG31RPXU122792;MA8913CU
4136;11/07/23;WVGZZZ1TZ5W048671;6735DBL
4137;29/05/23;WF0BXXWPRBXM52185;8316BDT
4138;15/01/25;SJNBEAP12U0008494;8319BTX
4139;13/11/23;KNEFC523125097517;8514BRS
4140;04/04/25;VF1BT0J0642103706;8755GRD
4141;15/02/23;VF1JMC0H30052501;8786HXJ
4142;01/01/1;WAUZZZ8E43A216074;8926FHH
4143;25/04/25;VSSZZZ6LZ3R042123;9640CBP
4144;27/09/23;WVWZZZ6NZXY278623;AL8279AF
4145;30/03/23;VF1B56BK511565285;CO4589AH
4146;16/01/25;1C3EL55T33K562595;FY52XUW
4147;28/04/23;WF0AXXWPDAXK40615;GR5719AV
4148;05/07/24;WBADL81060GJ65500;LE4932AG
4149;08/05/23;VF1KC0AAF20377058;MA1704CV
4150;13/10/24;WDB1401351A393196;MA3716CH
4151;25/08/23;VF7MFWJZF65293597;MA3721CW
4152;04/05/23;KMHVA21LPWU367249;MA4559CL
4153;08/03/23;WBAAM110X0CA03922;MA4582CP
4154;05/03/23;W0L0TGF48X6150776;MA5635CV
4155;16/02/23;WF0AXXBBAAWR69874;MA8635CN
4156;02/03/23;VSSZZZ6KZXR111941;MA8803CM
4157;04/12/24;WVWZZZ3BZYP456895;O4923CJ
4158;21/05/25;SAJAF52T356E66540;0025DMV
4159;01/01/1;VF7JM8HXB97092474;0091CTD
4160;03/07/23;W0L0SBF68Y4082793;MA9309CX
4161;04/04/24;ZFA25000002D48998;2327JZW
4162;26/04/23;VSSZZZ6KZXR018405;MA4857CP
4163;02/06/23;KL1NF356J6K407220;DH944FK
4164;07/06/23;WF0UXXGAJU3M15763;U00811
4165;05/06/23;VF1JMT4N639909704;AA354RV
4166;31/05/23;VSSZZZ6LZ7R074379;0884FPY
4167;31/07/23;VF7GBWJYB94279215;2601FFY
4168;09/06/23;WF0DXXGAJD3M09057;4305CRC
4169;19/06/23;VF1FC0EAF22986099;V5138HH
4170;19/04/23;WF0NXXWPDN1D05380;3523BSK
4171;16/05/23;VF31AHDZE51888536;MA4265CD
4172;15/02/23;ZFA18700000706077;7496BKC
4173;29/05/23;VF33C9HZC84476914;3145DVD
4174;31/05/23;W0L0SBF68X4167801;MA2010CS
4175;19/06/23;WF0WXXGBBW5C64296;DJ80188
4176;15/03/23;ZFA19200000427882;0338CSG
4177;31/05/23;VSS021A000D278660;B2843NY
4178;22/06/23;VF7FCNFUC26062011;0315BXT
4179;15/02/23;WDB2100551A007617;CA7845AX
4180;09/06/23;JSAFJB53V00310758;2307FJZ
4181;10/10/23;WDB2037081A643429;5387DTP
4182;22/06/23;WDB2100171A297916;7152CBJ
4183;01/06/23;VSSZZZ6KZYR080473;MA4484CZ
4184;30/01/24;SARRJSLHP5D345361;5394DHZ
4185;30/05/23;VF1C068AE25971230;1892BRJ
4186;10/10/23;VF1BG0K0527104004;1781CCB
4187;02/06/23;VF36ERHRJ21641759;FTK159
4188;22/05/23;WVWZZZ1JZ2P038954;LG51MKF
4189;09/06/23;SJNFDAN16U0269110;2868BYT
4190;09/06/23;W0L0XCF6834052953;1132CFC
4191;03/03/23;VSSZZZ6LZ8R084269;4215GBF
4192;12/06/23;VSSZZZ6LZ7R045060;9419FDV
4193;31/03/25;W0L0SDL0876135218;8751FRR
4194;24/03/23;W0L0TGF3532163197;4889CGG
4195;20/03/24;WVWZZZ6NZYY588035;M5672YX
4196;25/09/23;WBADD41010BT60939;9418HST
4197;30/06/23;SFA5XXBAF5RA89682;GR4827AH
4198;22/06/23;VF32HRHYF42669889;3176BZK
4199;20/06/23;W0L0XCF2584364866;YG58FUW
4200;30/05/23;VF1CMRG0629987109;7565CRX
4201;30/05/23;KMHVA21LPXU406146;MA7322CS
4202;03/06/23;WVWZZZ1JZ3W470065;AM459SY
4203;02/06/23;W0L05DL6874248641;MF07EUC
4204;04/08/23;WBAFB71050LV65416;MH04LZF
4205;06/11/23;ZFA18600002052835;MA8783DB
4206;09/06/23;WDB2200651A001139;8741DGG
4207;01/06/23;WF05XXWPD57J01497;6004FXW
4208;30/06/23;VF7XURHHACZ044414;
4209;04/11/24;WVWZZZ3BZVE006810;8332CZJ
4210;01/01/1;ZFA19400002072923;1277FXH
4211;11/05/23;WF0BXXGCDB2T34346;1166BZT
4212;09/10/23;VSSZZZ6LZ5R158242;0840DLM
4213;19/04/23;VSSZZZ6KZ2R031976;1001BLD
4214;01/01/1;WVWZZZ3BZWP128658;MGHF105
4215;21/09/24;1C8GYN5745Y519067;4215
4216;19/03/24;WAUZZZ8L52A041685;6266FFF
4217;30/03/23;ZFA17600001093543;3318DRR
4218;15/05/23;VSSZZZ6KZ1R073438;MA3875DF
4219;04/03/25;VF1CR1F0H35680193;4064FFL
4220;14/03/23;VHRXURHHACZ044414;
4221;02/06/23;WDB2037451A208431;5347FGP
4222;31/05/23;KNEDC243226072765;0109BXM
4223;12/12/23;VF3XS9HUCBZ045113;
4224;23/10/23;VF7RC4HXE76081261;7386DRZ
4225;26/03/23;VF7CH9HXC25813869;1UCR838
4226;31/05/23;YV1VW29693F934538;YEN753
4227;13/03/24;WF0EXXGCDE8G12185;427
4228;13/01/25;WBAAL71070KE13783;7284BZX
4229;26/03/23;VF7LC9HXC74382261;8962DVW
4230;15/01/25;WF0NXXWPDN2A65384;8713CCX
4231;30/03/23;VF1JK0HB627431212;5542HTW
4232;09/06/23;WAUZZZ4E06N013542;1942DSV
4233;29/05/23;VF7N1RHYB73843998;1306CVN
4234;14/04/23;VF1JMRF0531334871;90PFDH
4235;01/01/1;VR7ARHNSJKL119555;9325LJM
4236;28/06/24;SAJAA061197R00686;1445GCK
4237;12/06/23;WF0LXXGBVLXM73064;M9568YX
4238;29/05/23;W0L0TGF48Y5111237;MA4159CY
4239;30/03/23;WF0AXXGAJA1D62200;6287BZJ
4240;01/01/1;VF1RFE00763594496;2786KYV
4241;02/06/23;VF7N0DHYF36966954;M2712ZT
4242;09/06/23;WAUZZZ4F35N041035;2831DCM
4243;01/06/23;W0L0TGF69X5309890;MA9165CV
4244;09/06/23;W0L0ZCF6871039957;1216FJM
4245;08/06/23;W0L0TGF4835038019;7330CBJ
4246;03/06/23;WF0DXXGAJD6T70539;
4247;15/05/23;VF7LCNFUC74340178;0854DVN
4248;30/05/23;ZAR93200001106469;9433JSH
4249;22/06/23;VF1DA0B0527228711;9718BXS
4250;01/06/23;VS5C57205M0100103;B4253LY
4251;31/05/23;W0L0AHL0865054437;9766DVZ
4252;02/12/23;VF1EM1R0H3B75B055;3221GGT
4253;05/06/23;YV1VW29693F947816;3792BZV
4254;25/08/23;VF3231B5216049177;6423BFY
4255;21/03/23;VF33HRHSB83344229;1883CSF
4256;22/06/23;VF32A8HXF44082310;7450CVX
4257;22/06/23;SHHCG8540XU015133;MU5034BZ
4258;14/07/23;KL1KF484J6C093854;9992DXT
4259;09/06/23;SHHCG8540XU005851;BA9993AB
4260;09/06/23;VF34A9HZC9Y076498;7255GNM
4261;11/05/23;SJNEAAK11U0272340;GR4843AK
4262;21/06/23;VF1LA0R0521271017;MA9847CW
4263;24/11/23;VF7RCXFUJ76607659;4476HDK
4264;09/06/23;KLANF19313K891741;9063CJJ
4265;08/08/23;WAUZZZF58HA007253;4225JZZ
4266;27/09/23;W0L0AHL4868113255;3580DYN
4267;31/05/23;W0L0TGF7542127427;8940CSZ
4268;30/03/23;VF7N1DHYF36689312;5361BVR
4269;04/08/23;WDF63981513714710;
4270;01/01/1;WDD1690071J596403;0221GDW
4271;14/09/23;WF0SXXGCDS7P46638;0646GCR
4272;15/05/23;WF05XXGBB55U55408;0743DSZ
4273;15/05/23;W0L0XCF0663055694;1375DZR
4274;03/06/23;TMBPF16Y123562037;1860BYP
4275;09/06/23;VF1F8ALB521990672;MA5831CZ
4276;30/03/23;VF1JM0C0H33131546;3611DJN
4277;21/05/25;WVWZZZ1KZ5B028299;1391JHN
4278;25/05/23;VF7CH9HZC25916422;1942FLG
4279;20/10/23;VF1KC0JEF26371250;3627BVM
4280;18/10/24;KL1NF486J7K557004;3464FNJ
4281;20/06/23;VF7N0RHYB73093399;3859BFP
4282;19/04/23;WF05XXWPD57C72926;4356FKX
4283;19/06/23;VSSZZZ6KZ2R118959;9078BWB
4284;22/02/24;WF0UXXGAJU2R23341;9334CBZ
4285;01/01/1;YS3DF55D012003505;9740BCN
4286;11/03/24;VF1CBR7EF30032059;9960CPZ
4287;01/01/1;WBADF71000BS52209;B1345UV
4288;11/04/24;JN1BFAN15U0522432;4288
4289;15/01/25;WAUZZZ8DZWA249961;MA1591CM
4290;05/05/23;SJNBAAP11U0108853;MA3319CD
4291;25/04/23;VF32AKFWF42566105;0471BXW
4292;05/09/24;ZAR93700003320054;0814DYC
4293;01/01/1;WBANC51090VN30777;1517DHT
4294;11/07/23;WF0VXXBDFV4Y03931;1683DGM
4295;14/03/24;VF7LA9HYB74211111;2430DHR
4296;25/03/24;W0L0AHL0865143793;2643FBL
4297;03/01/25;VSSZZZ6JZDR132677;2927HPR
4298;09/02/24;VSSZZZ6LZ3R062550;3743CBH
4299;02/06/23;W0L0XCE7554118393;4302YN68
4300;26/04/24;WAUZZZ4BZXN142130;5529
4301;01/01/1;1A8GYB4586Y108541;8216FFF
4302;21/05/25;WF05XXWPD55B34218;8424DLW
4303;23/04/24;WBACA11030AJ06125;7529
4304;25/05/23;W0L0TGF4825204988;9335BWG
4305;01/06/23;VF1JM0C0H31718904;9337CXW
4306;19/06/23;VSSZZZ6KZXR047596;MA0451CM
4307;09/06/23;VSA63809413368614;FB02LDA
4308;14/10/24;VSSZZZ6HZXR025932;MA0838CT
4309;15/04/23;VF1KC0EAF20376560;MA4463CU
4310;15/01/25;VF1BGEVB637979975;P5358BDD
4311;12/04/23;VF1CB0S0F21983277;T6579BF
4312;23/04/24;WBANR71080CR08730;0557FSV
4313;10/04/24;WAUZZZ8P67A012271;1287CWH
4314;05/03/24;VF1BGENBB36125678;3028FBX
4315;17/05/23;W0L0TGF48Y5145397;3316BBN
4316;28/03/24;VSSZZZ1PZ7R058798;4316
4317;20/03/24;VSSZZZ6JZAR149691;4977GWF
4318;14/10/24;VNKKL123X0A080793;7109CVZ
4319;13/09/23;VF1SB8A0536894474;7514FKK
4320;26/05/25;WV1ZZZ7HZ6H082002;8381DWW
4321;21/12/23;MALAC51HP7M121565;8435FZF
4322;17/05/23;W0L0XCF0633033109;8576CJJ
4323;13/11/23;KMHAC51GPWU140744;CA5303BL
4325;22/06/23;VF7CHRHYB39923541;0745DLC
4326;16/10/25;WDC2923241A109329;818651 11
4327;19/04/23;VF7S0HFXB57412117;29GPXP
4328;28/04/23;W0L0ZCF6931045885;2400CCM
4329;19/04/23;VF1C068AE30084573;5288CPP
4330;27/03/25;WDD2193751A008022;6092DKM
4331;02/06/23;WDB2083651T105233;1662BNN
4332;02/12/23;KMHBU31BP3U005623;2340CCB
4333;29/05/23;W0L0TGF0835165919;7120CKG
4334;29/05/23;VF7CHRHYB39929592;4485DLB
4335;09/06/23;WF0AXXWPDA3C67764;7418CFG
4336;11/02/25;JMZER893680103708;S4074
4337;01/01/1;WDBNG75J24A391291;0896DVB
4338;02/06/23;VF34C9HZH55253118;WW392SH
4339;02/12/23;VSSZZZ1PZ6R022402;6342DRJ
4340;21/06/23;WF0LXXGBVLXY41213;MA3346DB
4341;05/06/23;VF1LA0NM520188383;9847BYP
4342;29/06/23;WAUZZZ8P7AA005739;8191GNC
4343;23/06/23;WVGZZZ1TZ6W121787;KU06GDV
4344;09/06/23;UU1KSD0W542038569;8107GRT
4345;08/06/23;WDC2030062R095265;LY03BWV
4346;22/06/23;WBAAL71040KE10453;9369DYL
4347;02/06/23;VF7JMKFVC97415923;0749FFC
4348;25/09/23;KMHPN81UP6U262844;6390DZD
4350;04/04/23;;
4351;04/04/23;;
4352;30/05/23;VSSZZZ6KZVR235656;MA7049CF
4353;01/06/23;VF1BA0FLG18952446;V5453GL
4354;30/05/23;VF3KM8HZC20064101;6250DXK
4355;19/06/23;VF7CH9HYB39956689;8960DNR
4356;22/05/23;VF1BB07CF27739069;9797CBJ
4357;07/09/23;WF0UXXTTPUAS09992;0815GXF
4358;11/05/23;WF0AXXWPDA1M53830;0674BJT
4359;08/03/24;WVWZZZ1JZYU571624;0766BGP
4360;13/05/23;VF1BMRG0631416172;6369CWB
4361;01/05/24;ZFA22300005655480;4361
4362;09/02/24;VF1BMRF0534909340;2545DSL
4363;08/03/24;WBACB21080AL86885;
4364;11/03/24;WF0HXXTTPH4G37138;3190CZZ
4365;15/01/25;VN1U9CCK522714957;4284BBY
4366;16/01/25;WDB2093161F065831;6613FBD
4367;22/10/24;VF36DRHRG21210029;7102DHD
4368;19/09/23;ZFA18800004478292;8214BWT
4369;03/11/23;VSSZZZ6KZ1R189590;8493BFR
4370;30/10/24;VF32DNFUA47551410;8954DZZ
4371;31/07/24;VSSZZZ6JZ9R004528;9923GFX
4372;09/01/24;VSSZZZ6KZXR465619;AL1300AH
4373;29/06/23;VSKL5034SNA365025;BA2016AB
4374;03/11/23;WVWZZZ6NZXY398319;MA0291CW
4375;14/10/24;JTEXR20V300009203;7949BMM
4376;22/06/23;WF0GXXPSWGXP60697;V790FWH
4377;01/08/23;VF1JM0GD634175640;7173DPH
4378;21/08/23;VF1KT0J0639292662;4481KKB
4379;29/05/23;1C4GYN2M0VU152364;
4380;25/07/24;JT164STJ200116617;4380
4381;24/12/24;TMBHG11U7Y2346116;MA6764CZ
4382;30/05/23;VF1BB07CF29406765;2008CNG
4383;22/06/23;WVWZZZ1JZ2W325442;3192BPJ
4384;01/01/1;SARRFXNBV5D788334;8616DBN
4385;09/01/24;VF1CMR20531464690;
4386;01/01/1;WDC1631541A117364;2916CZK
4387;03/05/23;WF0DXXGAJD2A58330;4394CKZ
4388;02/01/24;W0L0TGF7522039860;4983BRL
4389;09/06/23;WF0VXXGBVVJL41268;MA4951AN
4390;02/06/23;W0L0TGF7542082979;3411CSW
4391;27/06/23;WAUZZZ8P76A174764;0834DYR
4392;30/05/23;VF32CWJZT40672651;B9963WG
4393;05/07/23;ZFA19900000760691;8099HCM
4394;27/09/23;WF03XXGCD37Y52970;6344FVW
4395;22/05/23;VF32AKFWF42300316;6698BTF
4396;08/05/23;VF1CB0D0A19988432;GR4744AU
4397;22/06/23;WDB2100261B179764;0803CSC
4398;09/06/23;WDB2021211A467922;2632DTD
4399;02/06/23;TMBPY46Y954333020;5807DKB
4400;05/06/23;WVWZZZ1KZ4B020237;0101JYL
4401;16/10/23;VF1BA0F0D14454623;GR2566AK
4402;02/06/23;VF7S0VJZF56955931;GR6370AV
4403;30/05/23;WVWZZZ6NZVY246129;AL0726AB
4404;30/05/23;W0L0TGF4825016193;2117BND
4405;09/10/23;VSSZZZ5PZ5R028115;8330DMG
4406;09/06/23;VF1JA1U0524688986;5519BKZ
4407;09/06/23;WBAAL71040KE70801;8924BSP
4408;09/06/23;VF32A8HXF42575714;1070CBF
4409;09/06/23;WF0DXXGAJD4T69695;5125DGV
4410;03/11/23;ZFA17600004824968;MA5304CP
4411;04/03/25;WF0HXXGAJH5P14243;8266DVT
4412;15/01/25;NMTER16R80R039051;0029DHM
4413;13/11/23;SHHMA97400U107834;
4414;01/06/23;ZFA18800034684480;6532CNK
4415;01/06/23;VF7CHRHYB39368592;7116CFG
4416;10/07/23;VWASBFTL043810135;9257DNN
4417;04/07/23;VSSZZZ5PZ8R020319;1205FWF
4418;28/06/23;VF1AHB11553735286;9097KJC
4419;02/06/23;VF37BWJZT32907958;CA6386BN
4420;30/06/23;TW2LXXCPVLSY30749;J6065W
4421;30/05/23;ZAPC8000000101746;C7972BPG
4422;29/04/23;VF1KC0NEF26403944;6721BTK
4427;23/06/23;;
4428;05/06/23;W0L0TGF7542186014;0657CZB
4429;27/07/23;W0L0ZCF6861126014;0527FCV
4430;04/07/23;KMHCH41VP2U332734;3047DVV
4431;05/06/23;WVWZZZ1JZ1W087579;8010BVC
4432;30/05/23;WVWZZZ6NZ1Y262470;2001BJM
4433;13/09/24;W0LF7BMB67V645153;4377FPN
4434;12/12/23;VF1FLACA65Y098724;2798DLK
4435;23/03/24;WV1ZZZ70ZYX140843;AL1405AK
4436;19/09/23;VF32MKFWAAY082056;5545GWM
4437;24/12/24;W0L0AHM7562213272;8847FCS
4438;13/12/23;VF32LHFXAAY153477;BC968WK
4439;16/01/25;WF0LXXGBFLYD06329;9061BCV
4440;15/01/25;ZFA18800005337396;7627DML
4441;21/05/25;WF0DXXGAKDEY46433;7826JBD
4442;05/06/23;JN1URMD21U0408291;0957CCB
4443;16/05/23;W0L000073T4206799;MA1518BX
4444;02/08/24;WBAAL71040KE69339;CO7637AV
4445;01/01/1;WAUZZZ8K8AA092331;1348HVT
4446;21/08/25;WF0HXXBDVHYG03056;1444BBY
4447;22/06/23;ZCFC3550105948926;4447
4448;22/06/23;WF0AXXWPDA2Y87108;7549BXK
4449;04/01/24;WF0BXXWPRB5J02330;8741DGN
4450;21/05/25;JMZGH14A601252873;7159GXP
4451;20/05/23;VF7S0VJXB57413737;8733BFR
4452;19/09/23;W0L0XCF6844128997;9046CPC
4453;21/12/23;WVWZZZ1JZ2P039715;2662
4454;19/03/24;VF1JMSE0640504614;8361GJX
4455;25/04/24;SARRTSLBN2D576616;5309BWS
4456;01/01/1;WAUZZZ8DZVZ010701;9322BFR
4457;25/03/24;KNEUP751256614681;4457
4458;19/09/23;VF7CHRHYB39575110;9623CKR
4459;13/11/23;W0L0SBF68Y4348558;8494BNK
4460;01/01/1;WAUZZZ4F08N055298;AH612TB
4461;01/01/1;KPTA0B1SSBP004061;869/29
4462;12/06/23;W0L0XCF6824286029;6408BXP
4463;15/01/25;W0L0AHM758G174915;2277GHR
4464;21/05/25;VF3PNCFB4DR109781;EF222JP
4465;14/07/25;VF1CRCF0H39854510;BM042AK
4466;01/08/24;KNEDE221266131759;0413FFL
4467;20/05/24;VSSZZZ6KZYR034407;2639
4468;13/12/23;VSKJ4DCA6UY555860;4468
4469;22/06/23;VSSZZZ5PZ5R041061;8031DDY
4470;10/02/25;JN1ECAN15U0521566;MA7718CH
4471;04/10/23;VF3GJRHYK95135738;4586DJD
4472;02/02/24;VF7GJWJYB93242770;
4473;22/06/23;SAJAF51T456E43754;4752HXK
4474;22/06/23;VF1FDCCE521329474;MU1395CG
4475;21/06/23;VSSZZZ6LZ7R063337;1903FGH
4476;01/06/23;VSSZZZ5PZ7R071405;7623FRF
4477;09/06/23;ZAR93700003301686;2954DNC
4478;10/09/24;YV1VS1623VF094006;0706GLY
4479;20/11/23;WF0AXXWPDA3J10786;6853CPF
4480;02/06/23;VF1CB1DEF32470038;1844DCB
4481;18/08/23;WF0AXXGBBAXL79901;MA7636CY
4482;12/06/23;VF1BB0A0F20560343;MA5919CU
4483;22/06/23;KMHJG31FPWU078853;B5119TS
4484;29/05/23;VF1JMRG0632420861;0231DDG
4485;29/05/23;WVWZZZ6NZ1Y090507;GR1719AZ
4486;01/01/1;ZAPC8000000027543;C9033BKH
4487;22/06/23;VJRJS28FD00005386;C9100BRZ
4488;14/09/23;VLGK34VBAA3070836;C7738BSK
4489;04/07/23;VLGK44VBAA3056781;C1291BRY
4490;22/06/23;VJRJS28FD00001772;C5439BRW
4491;21/06/23;VJRJS32FD10002025;C0810BSX
4492;05/06/23;WDB2020182F023787;
4493;13/01/25;WVWZZZ3BZ1P054506;0185BYR
4494;01/01/1;WBACA11070EL27994;
4495;04/12/23;WVGZZZ1TZBW046936;4495
4496;08/03/24;VSSZZZ1MZ4R098139;1300CSV
4497;13/11/23;VF7S0VJZF57001038;3654JGD
4498;08/03/24;ZFA19200000185059;4358BZV
4499;01/01/1;SJNFAAE11U2112457;7496HCN
4500;02/01/25;VF33BNFUC83782075;7673DCG
4501;09/06/23;VSSZZZ1MZ5R074985;7803DMS
4502;19/12/24;W0L0AHL0875012463;8128FGH
4503;01/01/1;VF38BRFVE80478479;M2453VT
4504;27/01/25;WDB1240311B080585;M7410KW
4505;01/01/1;WDB2030451F003623;860/8
4506;03/11/23;W0L0TGF08X5047401;MA8960CM
4507;14/10/24;ZFA19900000125383;3408FBR
4508;22/05/25;WBAAM11010JM51927;4869CYH
4509;19/06/23;KMHCH51BP1U088397;8344BXY
4510;19/06/23;KMHJG21RPXU120278;CE3482G
4511;12/07/23;WDF63981313419111;8620GHB
4512;04/07/23;W0L0TGF0825165883;9332BZC
4513;16/06/23;VF7DC6FZB76457701;3253CRC
4514;22/08/23;W0L000073V4238945;
4515;16/05/23;W0L0TGF48X8116248;M7410XN
4516;26/11/23;JN1CPUD22U0806553;3322CXL
4517;06/06/23;WF0WXXGBBW3K87343;8828CFX
4518;17/01/24;VF1KA050528265565;0867CJW
4519;30/05/23;VF7MFWJZF65260369;GR1346AU
4520;05/06/23;VS7N2F50060F50571;MA2334CP
4521;05/07/23;WAUZZZ8DZSA040096;CE3164F
4522;29/05/23;VF7MFWJZFG5277292;MA9234CW
4523;14/07/23;WF0AXXWPDAYA78241;MA9243DB
4524;28/07/23;VSSZZZ1PZ8R069630;
4525;16/06/23;ZFA17600005308897;MA1348CP
4526;05/07/23;SHHCG8640AU201069;G2660A
4527;18/07/24;TMBDG41U258812172;
4528;14/12/23;WV2ZZZ70Z1X154858;-4910
4529;02/06/23;VF1EMRG0633198947;0723DGG
4530;07/10/23;NMTKC56E20R019130;1063GGT
4531;13/09/23;VF1BB05CF29136796;0351CKP
4532;30/01/24;WF0TXXTTPT3S26702;
4533;02/12/23;VF7CH9HXC25895123;1311FGL
4534;25/03/24;ZFA22000086057114;2474CTX
4535;21/05/25;W0L0XCE7544360914;3207CWK
4536;07/08/24;VF1CR1F0H37172752;3528HVJ
4537;28/03/24;WF0HXXWPJH4S22488;9754
4538;26/02/24;VSSZZZ6KZ1R093690;5217BDV
4539;01/01/1;YV1MW763262150758;6321DMW
4540;13/09/23;VF32CNFZE40980088;MA1069DD
4541;09/01/24;VF7S0HDZF56851427;MA5331CU
4542;25/03/24;VF36JUHZJ21408266;1492DTY
4543;19/09/23;VSSZZZ6KZ2R106845;2840BNW
4544;22/05/25;SAJAB02E4YFL50023;CS7080AU
4545;01/01/1;VSSZZZ1LZWR051952;MA1627CM
4546;01/05/24;WF0HXXGAJH5E08419;9336DVJ
4547;11/01/25;XMCLNDG4A4F033910;1479DHX
4548;19/06/23;VF1BB0FCF24785140;3341BKK
4549;14/10/24;KL1NF486J7K521027;5453FPK
4550;27/01/24;WVWZZZ1KZ5B103223;4550
4551;17/11/23;VF1JZ000646336761;7423HHG
4552;03/11/23;VF1B5640518186200;4552
4553;19/06/23;VF7N1DHYF36559412;MA5871CT
4554;10/12/23;VF7S1VJZF56877126;MA8710CT
4555;14/03/25;W0L0JBF1911022609;1113BFW
4556;28/12/23;VF7FC8HXB26818524;8405CMZ
4557;13/09/23;W0L0XCF0834053775;0759CBV
4558;11/10/23;VF32CWJZT40254976;M5320XN
4559;11/09/23;VSSZZZ6LZ3R098646;2689CBR
4560;09/06/23;VSSZZZ6HZXR020322;M5708XC
4561;28/11/23;VSSZZZ6KZYR129084;MA9357CZ
4562;08/03/24;W0L0TGF7522179075;4562
4563;17/10/24;503130;H0011BBC
4564;05/12/23;VF3WBSFS0AE037611;GY10UNE
4565;03/11/23;VF1BB0A0F20925504;MA1799CW
4566;03/11/23;VF32CKFWF44770899;2972DMZ
4567;03/11/23;VSSZZZ6LZ5R148133;0136DHN
4568;26/09/23;W0L0SBF68X4282711;SS3803BF
4569;08/03/24;VF31CKFXE52382600;MA4831CT
4570;01/01/1;VF1JM020533863801;0627DPF
4571;01/01/1;ZFA19200000168305;0651BWV
4572;11/09/24;NLHCM41VP7Z058160;1361FYK
4573;22/05/25;KNEDC241236125077;1369CBY
4574;01/01/1;WBAWD11070PW09545;2223GCS
4575;09/02/24;VSSZZZ6LZ6R050797;2227DXR
4576;16/03/24;KMHBT51GP3U109002;34R
4577;26/05/25;VF1BZ0B0643850980;4241HBY
4578;21/05/25;W0L0XEP68F4189134;4258JDZ
4579;19/10/23;WF0BXXWPRB7D46491;4490 FSD
4580;14/09/23;VF1BMSE0635840181;4651FFL
4581;25/10/24;JMZNC2WPJN5E74077;5505DYD
4582;10/01/24;VSSZZZ6KZ2R205822;5767BXJ
4583;13/11/23;VF7N1RHYB73633979;5972CCD
4584;14/10/24;JTDJW123X00153887;6175BXY
4585;16/06/23;VF1FC08AF28438967;6367CFW
4586;04/10/23;VF32AKFWF42300395;6864BTF
4587;13/10/24;WME4513801K431305;6877GZF
4588;01/01/1;WBAEU51050CJ08812;7007CSG
4589;04/10/23;VF1LA050527808418;7202CFV
4590;29/09/23;VF1BB0FBF24450765;8896BJY
4591;30/01/24;VF31AHDZE51762155;MA0083CC
4592;14/09/23;VF7VDPG0014PG0028;MA1253CT
4593;02/11/23;WF0FXXWPDFXD83893;MA2455CT
4594;24/10/24;VSSZZZ6KZVR214481;MA3740CF
4595;02/11/23;VF37ARHYE32933487;MA4566CY
4596;25/03/24;VF7CHRHYA38754134;MA7307DD
4597;29/09/23;KLATF48YEYB571665;MA7312DD
4598;03/11/23;VF1B5770513478458;MA7389BU
4599;20/12/23;JN1BCAN15U0600742;MA7926CS
4600;02/11/23;WF0AXXBBAAXC15463;MA9856CZ
4601;08/03/24;ZFA24400007602827;P4989BDD
4602;26/06/23;SALLPAMW4XA416155;0607FCH
4603;12/12/23;VSSZZZ6LZ6R034006;0083DSC
4604;13/11/23;VSSZZZ6KZYR098493;MA8460DF
4605;03/07/23;JMB0NV460RJ001530;MA3253CY
4606;28/06/23;1C8GYN3743Y524981;3685CDH
4607;06/02/24;WVWZZZAUZEW289555;0366HVZ
4608;23/06/23;VF33BRFNC83366338;1921CSW
4609;15/02/24;WDB2037461A928806;1303FDT
4610;15/06/23;JTDKV123703193009;MA2738DF
4611;15/06/23;VF1C06C0527517594;3386DRL
4612;25/09/23;VF7LCNFUC74423114;4352DWV
4613;24/06/23;WF0AXXWPAAWL00921;BA3295Z
4614;09/10/23;VF32C8HXF43329016;0239CKN
4615;01/08/23;WAUZZZ8P44A053848;0788FVR
4616;10/10/23;WF0AXXWPDA4B85207;3165CTC
4617;31/10/23;VF39U4HXG92202568;4223DHP
4618;15/05/25;WAUZZZ8L83A061866;4812CDT
4619;19/09/23;KLA4M11CD4C998337;4813CXC
4620;01/01/1;1C8GYN2753Y511738;4877CCG
4621;01/01/1;KPTG0B1FS4P158768;6811DFZ
4622;01/01/1;W0L0AHM7562165368;7096DZL
4623;10/12/23;WF0DXXGAJD6U60463;9019FDK
4624;12/12/23;VNVF108AFUU010019;4658
4625;29/06/24;WVWZZZ3CZ6E080933;4625
4626;19/09/23;VLGC34VB000009596;C3382BLT
4627;19/03/24;WV2ZZZ70ZXX100444;MA8197CU
4628;01/01/1;WAUZZZ4BZYN052048;TF0594BZ
4629;27/01/24;VSSZZZ6LZ8R161561;1146GCZ
4630;01/05/24;WF0HXXWPJH2R25923;1197CKN
4631;08/03/24;VNVF107AFUU009282;4631
4632;13/11/23;VSSZZZ6KZYR007300;9311BZX
4633;11/09/24;WAUZZZ8E56A124282;
4634;13/09/23;VSSZZZ6KZWR126622;MA7179CJ
4635;27/09/23;W0L0SBF68W4191295;MA8947CH
4636;01/01/1;ZCFC358200D221837;7079CMR
4637;03/07/23;WVWZZZ1GZNW063050;GR3295Z
4638;29/01/24;JDA00F30000052676;LZF111
4639;03/07/23;KNEBA24427T365482;9569FJM
4640;26/06/23;WF0BXXGCDBWG51008;MA4612CP
4641;26/06/23;WVWZZZ1JZYW432382;9127CZR
4642;09/08/23;VF33CRHYB82556261;5752BZM
4643;10/12/23;VF7MFKFXF65162028;MA7789CJ
4644;01/01/1;VSSZZZ6LZ7R043480;4989FDX
4645;08/03/24;VF7LC9HXC9Y547872;4652GNR
4646;11/08/23;WF0AXXWPDA1R46863;9595BLB
4647;28/06/23;W0L0SBF08X6107734;MA4125CX
4648;20/07/23;ZFA14600001700083;CO2936AC
4649;04/07/23;WF0UXXTTPU3J37671;1742CRC
4650;04/10/23;WVWZZZ9NZ2Y094334;3640BVW
4651;29/06/23;VF7CHRHYB39479718;OE03BYA
4652;12/07/23;VF1FLACA62V152298;9464CCK
4653;18/04/24;5YJSA3H15EFP40706;EL37495
4654;04/07/23;W0L000073T4103790;GR3298AK
4655;05/07/23;ZAR93200000148659;1168BMN
4656;03/07/23;VSSZZZ6LZ4R093027;9032CSP
4657;04/10/23;VF1KG0G0625103550;0093BRL
4658;30/06/23;ZFA18700000331096;MA6302CY
4659;19/07/23;WF0NXXWPDN3Y62806;2772CKZ
4660;05/07/23;VF32CKFWF43254673;6135CJK
4661;05/07/23;VF7X1RHYF72328572;B1167XB
4662;21/07/23;ZFA19800004094826;7346GDC
4663;03/07/23;VSSZZZ6KZYR034717;MA4238CY
4664;17/07/23;WF0JXXWPJJ9C58795;4051GRP
4665;04/07/23;;
4666;04/07/23;;
4667;26/09/23;VF7SA9HP0BW526707;NL11VYY
4668;04/08/23;W0L0ZCF6941091319;2263DBB
4669;28/07/23;;
4670;19/07/23;WDB1704351F064547;0639CLK
4671;10/08/23;WDD1690071J126085;3815DKM
4672;11/09/24;VF1JP0D0533041769;3193DHV
4673;04/10/23;VF32A8HXF43526025;3443CPH
4674;24/09/25;VSSZZZ6LZ5R042298;3450CZX
4675;01/01/1;WDB2030061A018870;3929JPK
4676;03/06/24;VSSZZZ7MZ3V526019;4136CJM
4677;31/01/24;VSSZZZ6KZ2R076211;5624BNB
4678;08/03/24;W0L0SDL0874069570;6008FHW
4679;18/12/23;VF7BZWJYB86203464;7568DMM
4680;06/04/24;WVWZZZ1JZ2W629087;7707BVS
4681;08/03/24;VF7LC9HXC74677292;8068FRX
4682;24/01/24;WF0MXXGCDM4R30097;4682
4683;16/01/25;VF1LMR2C531608014;8715CXK
4684;13/09/23;VF1LA0D0525750168;9686BPS
4685;11/01/25;VSSZZZ6LZ3R225941;9860CJD
4686;21/09/24;VF33BNFUC84520215;4686
4687;19/09/23;WVWZZZ1JZYW505562;MA0675CY
4688;19/06/24;VF7DCRHZB76028862;3101BKK
4689;01/01/1;WAUZZZ4B02N005800;3135BLF
4690;29/09/23;VSSZZZ6KZYR099129;5661BJD
4691;14/10/24;WF05XXGBB52U53004;8046BYN
4692;20/03/24;WVWZZZ6NZXY356112;4692
4693;18/06/25;WVWZZZ3CZ6E024175;3069DLB
4694;13/09/23;VF32HRHYF42281434;2634BSY
4695;16/10/24;VF8JE0P0520435700;8095KGV
4696;11/08/23;1J4GZ78YXTC169012;7321DWX
4697;06/07/23;;
4698;02/11/23;WVWZZZ1HZSW166960;MA3088BP
4699;28/07/23;VF8JE0A0517449121;GR0980AP
4700;14/07/23;W0L0XCF6824317714;6697BZW
4701;05/10/23;ZFA22300005605118;
4702;24/07/23;1J4GZB8Y5WY121329;CA9229BS
4703;20/10/23;WDB1241301A056499;CO5214AP
4704;11/07/23;VSA63135213147975;GR1400AF
4705;19/07/23;SJNFFAP12U0246142;4175DWV
4706;19/07/23;WVWZZZ1HZSP513362;3478GLG
4707;09/08/23;VF1B569LE22373681;BL991MT
4708;07/07/23;ZFA18800004065059;MA0020CZ
4709;17/07/23;VF1G40B0517906590;GR8615AP
4710;14/10/24;WVWZZZ9NZ3Y144943;8822CFX
4711;19/09/23;VF36DRHRH21028774;1815CVZ
4712;28/09/23;W0L0ZCF6861110783;2219DZR
4713;07/08/23;VF1BZ110650190153;2739HXG
4714;25/10/23;VF1JZ2B0D41917642;0765GRN
4715;26/09/23;VF7JMHFXB97196144;5898DCM
4716;01/08/23;KLA4M11CD3C833803;3654CGD
4717;13/05/24;JMB0NK9404J005648;3835CXR
4718;20/07/23;;
4719;22/08/23;VF1CB0FCF27859823;3576CCB
4720;02/02/24;;7238CPT
4721;03/06/24;VF1JA050526103607;BE119NH
4722;28/10/24;VF1CB0FCF27859823;1720BYP
4723;07/08/23;VF7S1VJXB57512180;9591BKV
4724;24/10/23;WV1ZZZ2DZXH021983;B8763UZ
4725;08/08/23;VSSZZZ6KZWR144282;GR6987AP
4726;01/01/1;W0L0XCE7564264597;9727FDZ
4727;27/07/23;WAUZZZ4DZWN01567;
4728;11/09/23;WF0TXXTTPT7C73822;1573FPN
4729;13/10/24;WAUZZZ4DZWN012567;
4730;08/08/23;WVWZZZ1HZVB084430;
4731;08/08/23;WF0NXXWPDNXL69036;VI1777X
4732;31/07/23;;
4733;13/11/23;WVWZZZ1KZ7W582318;4212FLL
4734;10/08/23;VF7FC8HXB27072184;5437CZF
4735;26/11/23;WDB2093161F158242;7336FYX
4736;03/04/24;WVWZZZ1KZ7B064682;6529HCC
4737;24/08/23;WDB16800813170968;0298DCT
4738;07/08/23;;
4739;25/10/23;WVWZZZ6NZXY118398;GR1012AT
4740;08/08/23;VF33CNFUL84521666;9098DVN
4741;10/10/23;KNEFE224255157328;7578DKV
4742;24/08/23;VF7ZCRMNB17576503;4814DJR
4743;13/09/23;VF1BB0PEG31768103;1926CYC
4744;08/03/24;VF7DCRHZB76485968;2156CSW
4745;23/12/24;WAUZZZ4E24N013538;2682CPF
4746;19/09/23;ZFA18800005192294;6872BYF
4747;15/01/25;YV1VW70824F064644;6049CPC
4748;21/06/24;ZFS22300005581013;2575
4749;21/08/23;VF1JK0HAB29666938;5739
4750;21/03/24;W0L0TGF7512044237;.
4751;01/01/1;WVGZZZ7LZ6D061418;1289DYS
4752;01/01/1;WAUZZZ4BZWN008089;5912HSV
4753;01/01/1;WAUZZZ4B42N049296;6989CRD
4754;01/01/1;VF7CHRHYB38930516;9665DBH
4755;01/01/1;JMZGG12R201214735;9697CXM
4756;07/03/24;VF1KC0JAF24758402;9913BRT
4757;13/09/23;W0L0TGF48X5090785;J1320AC
4758;31/01/24;VF7U6UR0012361278;4758
4759;11/12/23;VF1KC0UAF23494086;0257BDX
4760;12/04/24;VSSZZZ5PZ4R000632;2108CTP
4761;03/11/23;VF35FRHYF60526805;4188CBV
4762;03/11/23;VF32AKFWF44468653;5517DFY
4763;01/01/1;WDD1690081J233375;5841LBF
4764;01/01/1;ZFA19800004003381;6105FMW
4765;31/03/25;WBAAL91020FS66709;6225CMH
4766;13/11/23;WF0AXXWPDA3T02672;6881CLZ
4767;18/09/23;VF7MFWJYB65844091;7342BZF
4768;03/08/24;VSSZZZ6LZ3R050090;9142CCP
4769;02/02/24;VSSZZZ6KZTR280310;C3297BS
4770;18/06/24;VF32CNFZE40829406;DW009EL
4771;16/10/25;WDD1760111J646636;EP324CE
4772;25/11/24;VF1BMSE0635488198;AE250HQ
4773;12/02/25;WVWZZZ3BZ5E085321;AF05OXV
4774;13/11/23;ZFA18800002522394;CP686NY
4775;09/08/23;;
4776;19/08/23;VF7GJWJYB93368339;8510FDM
4777;26/09/23;VSSZZZ6HZXR027340;GE8547BM
4778;11/10/23;WF0AXXGBBAXL79770;4778
4779;09/12/23;KLATF08YEYB506750;M4089ZF
4780;18/06/25;WVWZZZ3BZ1P205884;1813CWX
4781;14/10/24;VF1JMSE0639689775;2242GCY
4782;26/05/25;W0L0AHL4858151217;4740DTY
4783;14/10/24;VF1CMRF0531017793;6692CTM
4784;24/11/23;KLA0M11CD5C031239;1268DBZ
4785;01/01/1;VF38ERHHAEL017662;1311JVL
4786;04/10/23;VSSZZZ6KZ1R088042;1652BDK
4787;23/05/25;VF1CN0E0538757706;3083FNZ
4788;11/09/24;W0L0XCE7574451755;6109FVP
4789;14/08/24;VF33H9HYB83709236;BE920RJK
4790;15/11/23;SJNFBAN16U0571133;5810DHG
4791;18/08/23;VSSZZZ6KZ1R275441;2217BJB
4792;09/11/23;TSMMMA53S00133744;7174BH
4793;12/10/23;WP0PXXWPDP9R67856;E059ANR
4794;29/09/23;WF0HXXWPJH2U32532;2323CCG
4795;21/03/24;WVGZZZ1TZ5W018577;RWXL415
4796;25/03/24;WVWZZZ1KZ5B121539;BB549DJ
4797;01/01/1;VNVM1FCRC55429070;EB029BF
4798;12/09/24;WVWZZZAUZKP022831;GF239YB
4799;28/09/23;1C8FYBB941T680980;5909CHB
4800;20/08/23;VF7CH9HXC25918748;0541FJG
4802;07/10/23;WBADD61070BR32950;BI5637CF
4803;11/08/23;WBADD61070BR32950;BI5637CF
4804;05/03/24;VF3CC8HR0ET046864;8278HXX
4805;16/08/23;VS7N2A70020A74036;M8605ML
4806;26/08/23;VF1JK0AB635969074;
4807;22/08/23;SHHEU87701U006910;6021BJJ
4808;16/01/25;KL1SF48DJ9W064058;2298GRV
4809;01/01/1;YS3DD55D622022616;3740BXD
4810;24/01/24;KLAUF75612K795822;6933HLY
4811;15/05/25;VF1KZ140649819760;78OD17
4812;07/01/25;VF7NC9HR8BY505897;BT728BB
4813;23/12/24;WF0MXXGBWMES32575;LS14SVK
4814;01/01/1;VF7X1RHYF72277575;M4632YD
4815;20/03/24;VF1FDB2E639311779;SR08MCM
4816;10/06/24;WF0WXXGBBW5D08818;3691
4817;27/02/24;VF32AKFWA47468285;7591DYR
4818;14/03/24;VF7VDWT0000WT8522;8514BSM
4819;01/01/1;WAUZZZ8K69A052910;7686GGP
4820;01/01/1;ZLA35000001028272;9488DMH
4821;24/12/24;WDB1400421A083159;MA4559CW
4822;14/10/24;W0L0TGF75Y2175788;MA7172CZ
4823;01/01/1;WDB2100371A284848;MA8272CX
4824;22/01/24;WF0HXXGBVHXK07042;MA8666CS
4825;01/01/1;WAUZZZ4BZXN134618;PH14HHN
4826;22/05/25;SARRJSLHX4D327125;0607CWL
4827;26/06/24;VF33HRHSB83072979;9428
4828;01/01/1;WAUZZZ8P04A006431;9353CRC
4829;13/10/23;VF32AWJZT40803225;CA7077BP
4830;20/11/23;WF0BXXGCDBXC09752;M9211XF
4831;01/01/1;3GNDA53P38S573314;3212GCR
4832;13/09/24;VF1BM0F0527810079;6420CCC
4833;03/11/23;W0L0TGF69X5116593;4833
4834;14/04/24;WAUZZZ4BZ1N062966;7321
4835;26/01/24;VF3GBWJYB96049124;
4836;20/10/25;VF1LZLF0651867909;2162JCF
4837;10/12/23;ZFA18800002083832;MA6820DB
4838;31/08/23;;
4839;07/09/23;WAUZZZ8LZXA069013;7385CND
4840;20/09/23;WF0GXXTTPG7C72393;3375FMH
4841;03/10/23;;3739CLP
4842;03/11/23;;LO6707
4843;23/09/23;VSSZZZ1MZ3R033368;3598BYZ
4844;27/09/23;;CJ690TW
4845;30/09/23;;GI3131BM
4846;27/09/23;;7209CXR
4847;07/10/23;;6888FFW
4848;05/10/23;;CE584XC
4849;05/10/23;;CC388BA
4850;29/09/23;VF33CRHSB82364786;1551BWG
4851;02/10/23;;3732FFG
4852;02/10/23;;3285FJT
4853;18/12/23;SED52SUD2PV567915;MA8334BJ
4854;02/10/23;;1434CMS
4855;02/05/24;VF3GJ9HWC95185810;2032DZY
4856;12/12/23;JMZBK14R681607613;7961FWS
4857;14/09/23;KMJWVH7HP3U507858;GR6543AY
4858;12/04/24;MMBJNK7401D035619;4558BFJ
4859;30/05/24;W0L000017P1049967;8077CDP
4860;04/06/24;KNABJ514AAT982880;9386GZY
4861;14/12/23;WAUZZZ8Z93N003486;P6182BDG
4862;07/12/23;SAJAA01PX3FM80905;80LHVS
4863;01/01/1;VF33HRHSB82866936;0325CHB
4864;08/07/25;WF0MXXGCDM5D34726;0775DXP
4865;25/03/24;KNEUP751256712132;1061DNL
4866;01/01/1;VF7FC8HZB27286616;1870DKJ
4867;14/11/23;VF36D9HZC9L021968;2465GTR
4868;30/09/25;WF0MXXGCDM5P38398;3246DSV
4869;15/01/25;VF1KG0G0629395909;3477CMH
4870;08/07/25;VSSZZZ6LZ4R188381;3815CTR
4871;01/01/1;VSSZZZ6JZHR150792;3831KFS
4872;01/01/1;WVGZZZ7LZ7D019616;4348GSZ
4873;10/09/24;W0L0SDL08A4067618;4754GSF
4874;30/01/24;VF7CHRHYB39460513;4868CGW
4875;30/01/24;VF1SB8M0544022220;4923GYV
4876;08/03/24;WF0WXXGCDW5J01623;5287DFX
4877;21/12/23;ZFA18800000242457;5843BDL
4878;15/01/25;WAUZZZ8P39A145492;6472JGM
4879;13/08/24;W0L0AHL0865142525;7971DYS
4880;01/01/1;W0LPD6EG5BG057993;8299HDG
4881;28/11/23;VF1BB07CF28499802;8759CGN
4882;12/11/24;WBACS11080FR93785;9048CPH
4883;28/02/24;VF33C9HYB84124875;9160DMG
4884;01/02/25;VF333E8HZB6328956;GB756QH
4885;28/03/24;VSSZZZ6HZVW000753;GC3075BW
4886;13/10/24;WAUZZZ8CZNA125917;GR4510AB
4887;28/03/24;WDB2020181F563927;4887
4888;04/10/23;VF7N1WJZF36550170;MA0651CU
4889;25/03/24;SAXXWWBNRAD711513;2344
4890;21/05/25;KNEUP751256685501;5580DFP
4891;31/01/24;VF1CB0FCF27267700;6354BZY
4892;01/01/1;SHHEP43905U300886;5153DDV
4893;22/05/25;WVGZZZ1TZ5W048360;0074LGY
4894;16/01/25;W0L0XCE7544039588;0298CSV
4895;16/01/25;W0L0AHL4888043062;0597GGG
4896;02/11/23;W0L0XCF0633037284;0956CGF
4897;02/04/24;WDB2100161B216256;4897
4898;16/01/25;W0L0XCF6824078054;1651BWH
4899;15/01/25;WF0DXXGAKDGG31381;3099JVH
4900;16/01/25;YV1VS70821F776833;3676BRL
4901;21/01/25;W0L0ZCF6861095063;
4902;16/09/24;W0L0AHM757G012032;4189FHD
4903;06/02/24;VF7CHRHYB39685392;4195CSW
4904;14/10/24;WAUZZZ8E84A285612;4303CWL
4905;17/01/25;UU14SDA4551820094;4604JCF
4906;01/01/1;SJNFEAP12U0075777;4863CFH
4907;01/01/1;VF3WCKFVC33597651;5070FJB
4908;16/10/24;VSSZZZ6LZ5R154279;5816DKG
4909;10/01/24;VSSZZZ6LZ4R004464;6641CJT
4910;25/07/24;VF33CNFUB82149590;7111BNP
4911;30/01/24;VF1CMRG0630172061;7927CSH
4912;12/02/24;VF32A8HZF44612045;8548DJT
4913;10/02/25;VF7BBRHXB86041371;MA3636CK
4914;14/12/23;YV1MS684142016684;1164CVB
4915;18/09/23;VF7BZWJZA12455387;CO4306AT
4916;16/10/23;;3264BSV
4917;17/11/23;VSSZZZ1MZYR010041;B1206WW
4918;24/12/24;ZAR93700003435077;8905GFY
4919;13/10/24;VF1FC1EAF39997937;9086GJD
4920;01/01/1;WF05XXGCD55G09435;9269JJH
4921;18/06/24;KL1UF75Z15K153563;4827
4922;26/03/24;WF0UXXGAJU5B50793;5471
4923;29/01/25;WF0NXXWPDNXY05315;B5187VU
4924;01/01/1;VMSCH220050006353;C1978BSC
4925;01/01/1;WDB2030611A003550;CE0575H
4926;03/11/23;VF1B5640520582536;4926
4927;01/01/1;WDC1631131X756234;GG232MN
4928;14/02/24;VS5F40205J0102517;GR9803N
4929;01/01/1;W0LGM8E39H1009241;HPEZ762
4930;03/11/23;VF37BRHYE33042156;M8294ZM
4931;02/11/23;VSSZZZ6KZYR128960;MA9356CZ
4932;01/01/1;WBABM110X0JG85216;O7542CD
4933;19/05/25;WBABL31040JP56325;V0028HC
4934;15/01/25;VF36E6F4C21477662;YGI524
4935;28/11/23;JTJBC1BA0D2066423;NAW954
4936;17/04/24;VF1BB07CF28285431;9051CFS
4937;13/12/23;SALLNAAA7YA549483;3905HFV
4938;12/08/24;VF7N1WJZF36456113;MA8752CP
4939;18/10/23;VF1BB080F29321772;6489CMB
4940;13/12/23;VSKKVNR20U0520815;3900CFR
4941;18/09/23;;GR5895AU
4942;01/01/1;WBAAL31040JJ14330;3370HFJ
4943;04/10/23;KMHAC51GPWU139160;GR0732AW
4944;02/10/24;VSSZZZ5PZ7R036851;CQ690TL
4945;18/10/23;WF0UXXTTPUAUS8658;
4946;18/09/23;VSKDEVC23U0900600;PO8756AX
4947;05/10/23;WF04XXGBB42S23231;1653BVB
4948;30/09/23;KNEFC524145338176;1472CRJ
4949;16/10/25;WP1ZZZ92ZBLA31731;8732IP6
4950;20/11/23;KLASF48T14B257163;6883CZC
4951;09/11/24;WV3ZZZ7JZ6X032124;4951
4952;30/09/23;VF32C8HZF44524902;3539DJZ
4953;02/10/23;;
4954;07/03/25;WAUZZZ4F65N110073;1879DJF
4955;18/10/23;KMHJG31RPXU135170;CO8794AU
4956;09/10/23;SJNEAAK11U3C79803;MA0581CN
4957;12/10/23;VF1CMK40639053649;1731FZF
4958;18/11/23;WDB2083441T057799;3909GHN
4959;27/11/23;1C4GYB5B1YU502887;M1389ZT
4960;01/12/23;VF7DCXFXX76030947;2189BGH
4962;20/11/23;WVNZZZ3CZ6P028868;5441DFN
4964;29/11/23;VF1DA040520051687;MA9462CT
4965;18/11/23;VF7JMKFVB97045855;8290CNZ
4966;09/12/23;ZFA27000064277807;
4967;13/12/23;WVWZZZ6NZYY593118;CO5616AX
4968;06/11/23;WF0NXXWPDNYT59075;5116BLD
4969;07/12/23;WVWZZZ1JZ3U201836;3095CFY
4970;14/05/24;VF33BRFNC83549999;EZ121AK
4971;24/07/24;WDB2100061A909659;4712LLZ
4972;12/11/23;W0L0AHL4858160458;6626DNM
4973;21/05/25;WDD2120232A739960;YP05CJF
4974;26/04/24;WF05XXGCC5EA39136;YEI5ZLZ
4975;29/11/23;TMBKS41U338683197;0495CDD
4976;13/11/23;WVWZZZ1JZYW208677;MA2182CV
4977;01/01/1;VF7ZCRMNC17449924;8659CZC
4978;13/11/23;W0L000056R5175136;MA3101BM
4979;01/04/24;W0L0TGF7552117200;5723
4980;03/11/23;VF1BBR8EF33371621;4008DPJ
4981;01/01/1;WAUZZZ4B73N094055;7285CHF
4982;04/04/24;KMHCG51FP5U263580;4618
4983;16/01/25;VF3233KL216211191;5843BRZ
4984;13/11/23;VJRJS20FD00008514;C5363BRP
4985;29/01/25;WF0AXXWPDA4R43584;1900CTX
4986;11/03/25;VF7FC8HXB26684387;2041CHJ
4987;30/01/24;VF32HKFUF43689254;6459CRJ
4988;01/01/1;KPTS0C1FS7P078603;5109GBX
4989;18/12/23;VF7N1KFWB73165678;1038BHN
4990;30/01/24;W0L000056T5227943;Z5025BC
4991;31/12/24;JTDJV123800258091;3457LFZ
4992;16/09/24;WDB2030451A008696;M8879ZK
4993;02/11/23;VSSZZZ1L2WR010122;SE5578CW
4994;24/10/23;VF1CB05CF25207397;753AXM69
4995;31/10/23;VF1DA0NM521620127;SE3235DP
4996;12/12/23;UU1LSDAFH34781258;9976DVG
4997;12/06/24;SJNFDAJ10U1246178;LV08JZX
4998;18/10/23;;
4999;16/01/25;JMZGH19B601246178;0923FXS
5000;07/12/23;WAUZZZ8E63A152684;B2842L
5002;10/02/25;WVWZZZAWZJY230021;8786GGC
5003;18/06/25;SB1EG76LX0E122058;KSG991
5004;24/09/24;WVWZZZ1K25W519518;1949HXD
5005;27/11/23;VF38BXFZE80800688;DP603BH
5006;21/11/23;VSKKE1111LA681566;CO9913Z
5007;14/02/24;WAUZZZ4B24N024142;4598CMH
5008;23/11/23;W0L0SBF68Y4338628;2522BRD
5009;20/11/23;KLA4M11CD4C030259;3613DBJ
5010;23/07/24;W0L0TGF7552117200;0453DYK
5011;16/01/25;WV1ZZZ2KZ6X077994;1247DXJ
5012;01/01/1;WF0PXXGBFPYS77743;2603BJR
5013;08/03/24;WVWZZZ1KZ4W044172;5013
5014;04/12/23;VF7S0VJZF57363237;3239BDS
5015;30/01/24;W0L0XCF0653024110;3688DFX
5016;06/11/24;WAUZZZ8F4AN026130;4099JWS
5017;01/01/1;VF7DC6FZB76333706;4475CCK
5018;13/10/24;WVWZZZ1JZ5W043088;5076KJL
5019;22/05/25;KPTL2B1BSVP019935;6304CSH
5020;30/01/24;VF3GBWJYB96117383;5020
5021;16/10/25;WBASN21020C188715;C232HT777
5022;25/03/24;VSSZZZ6KZXR442030;GR2098AW
5023;14/10/24;VS7ZAZK0090ZK0045;MA4473BB
5024;23/10/23;WBASN21020C188710;
5026;16/10/25;WDD2193221A078286;3684FBC
5027;23/01/24;VF1JMSE0637232086;EL878NL
5028;31/07/24;WF0AXXTTFA6S41662;2921DZL
5029;30/01/24;VF1BB0FCF28932252;1531CKB
5030;14/12/23;YS3DD75N8X7002477;3778FSB
5031;13/10/24;VF1JZ0B0643921531;4483GBT
5032;23/11/23;VF7JMHFXC97323078;7616DSH
5033;04/12/23;VF7DD9HP0FJ542010;5156JDF
5034;29/11/23;WBAAT71040KR01439;5936BWF
5035;05/12/23;WBAAL71020KE71431;AJ653XM
5036;12/12/23;1C3ELB5H7XT512021;0608HBR
5037;13/12/23;VSSZZZ1PZBR035096;5826HBK
5038;17/03/25;WBSEH91010B777575;CUR051
5039;12/12/23;1J4GZ78Y0RC228142;340KMH75
5040;28/11/23;VF1B56UR522856525;4928BBD
5041;03/04/24;WBAFA51040LM88203;M9850ZU
5042;06/11/23;VF1CMR20530143350;2377CRB
5043;15/11/23;VS6AXXWPAAGY84792;T7067P
5044;26/02/24;ZFA18800002047353;MA0023CZ
5045;01/01/1;W0L0XCE7534418817;7924CNK
5046;20/11/23;VF1LMRG0634248269;1079DPL
5047;06/02/25;SHSRD88905U320065;5040DLJ
5048;12/12/23;VF1JA0B0528794167;HK03HFG
5049;13/11/23;VF1BA1U0524983077;8213BLH
5050;13/11/23;VF1JA1B0522153707;MA1153DC
5051;27/07/24;VF7AFRHZA12841009;5184BZW
5052;17/03/25;;H748JLE
5053;22/05/25;KL1TF4839CB004293;9758HGK
5054;10/01/24;W0L0TGF0825173176;5914BVL
5055;01/01/1;SJNBDAN16U0263475;1656BWT
5056;02/01/24;WF0AXXWPDAYL66269;5056
5057;29/05/24;VF1JP0J0532696283;5057
5058;14/02/24;VSA63809413433286;5873BVG
5059;28/06/24;VSSZZZ5FZER043357;4205HTL
5060;01/01/1;WF0ZXXTTFZBT21677;5333CKX
5061;02/05/24;VF31CCDY151252646;0487DVT
5062;01/01/1;WDB2030161F531010;0683DSF
5063;01/01/1;WVWZZZ3BZ1E168634;1WCT163
5064;18/06/25;ZAR93700005077658;2177CFZ
5065;01/01/1;VF7RDRHF89L579504;3165GTJ
5066;07/08/24;WVWZZZ3BZ4E169466;5066
5067;08/03/24;VF7GJWJYB93407276;3423FMB
5068;15/01/25;VSSZZZ1PZ8R063388;3447FYJ
5069;20/06/24;VSSZZZ6JZER136178;3459HXF
5070;15/05/25;WBATX75060NC05271;WW950TP
5071;01/01/1;WF0AXXGBFA1P08977;3667BJW
5072;13/09/24;VSSZZZ6KZ1R039615;4472CDC
5073;01/01/1;VF7AA8HSC84206780;4944GCH
5074;23/05/25;ZFA22300005372252;5045DYX
5075;15/01/25;WF0MXXGCDM6U13483;5213FDG
5076;29/02/24;VF7MBWJZF65222282;5653DGC
5077;01/05/24;VF1BMSE0635324314;5866DXN
5078;01/01/1;VF7FC8HXB27185762;5900DFF
5079;01/01/1;WAUZZZ8DZXA310456;5941CFM
5080;21/05/25;VF1JMS40636944602;5966FKT
5081;20/03/24;VF32CKFWF41143134;6024BCT
5082;01/01/1;WAUZZZ8E62A039851;6064BLN
5083;01/01/1;VSKTDAV10U0075215;6250BRL
5084;17/07/24;VF1KC08EF28405422;7195CGG
5085;23/05/25;JN1TBNT31U0003545;7623JJM
5086;13/06/25;VSSZZZ1PZ7R011865;7704FDC
5087;21/05/25;WDD1690081J177994;7834LNG
5088;14/10/24;ZFA24400007728543;7980DTZ
5089;22/05/25;WDB2021251F149772;8663GBN
5090;25/03/24;WF05XXGCD55D15364;8878DTZ
5091;13/10/24;WBAAL91050FS00641;9144FKK
5092;01/01/1;WDD1680061K039382;9158JFX
5093;01/01/1;WDB9026621R798142;92DYA95
5094;07/04/25;WBAFB71040LX53571;9742DXF
5095;21/05/25;SJNTCAP11U0292072;BH8576IT
5096;21/05/25;WVWZZZ3BZYP109021;CR1099Y
5097;12/02/25;ZFA3340000P314910;FF682FT
5098;08/03/24;WVWZZZ6NZYY594154;V0606HC
5099;01/01/1;VF3WC8HR0DE003926;P7084BDG
5100;04/01/24;VF7N1RHYF36985004;7295
5101;25/07/24;VF8JE0E0516971432;MA6908CG
5102;01/04/24;W0L0TGF48X5214550;MA4788CU
5103;08/08/25;VF1CMK40636956108;1472FNY
5104;01/04/24;VSZZZ6LZ3R0146666;5585BYR
5105;04/01/24;VSSZZZ6KZYR052592;MA2095CY
5106;28/06/24;VSSZZZ6KZYR174014;MA4509DC
5107;29/02/24;WVWZZZ9NZ6Y132199;6558DYZ
5108;12/06/24;VF1BB0FCF28130690;7365CDL
5109;16/04/24;VF3GJRHYK95187091;6438
5111;08/02/24;VF35FWJZE60296207;GR6560AY
5112;01/01/1;WDB2030451F008472;2844CYY
5113;01/01/1;YS3DD35B4V2021522;6784CBK
5114;01/01/1;WBAAS71060FY19529;8330CHL
5115;01/01/1;WP1ZZZ92ZBLA03354;9366GZL
5116;21/05/25;WAUZZZ8LZYA087688;9628DTM
5117;15/05/25;WF05XXGBB51C20177;9771BPZ
5118;04/01/24;W0L0TGF48X2065682;MA1161CN
5119;15/01/25;VF3LB9HPAES271767;2926JBP
5120;23/03/24;VN1F9AED520226632;MA8541CX
5121;08/08/24;WVWZZZ6NZ1Y053205;5121
5122;09/04/24;VS6AXXWPFARS88909;GR9703AF
5123;14/07/25;WF0VXXBDFV5U25633;7901DLF
5124;13/05/24;W0L0S0L0874419028;5052FTZ
5125;09/02/24;W0L0SDL0876050996;1438GDG
5126;01/01/1;1C4GYNZM0XU140900;7641BDC
5127;09/04/25;WF0HXXWPJH3E55759;0670CLG
5128;31/08/24;WF0MXXGCDM7D13671;8070CTG
5130;21/12/23;WF0BXXWPRB1K67846; 2512BSL
5131;25/11/24;KMHPN81CP4U130414;4248CZX
5132;09/11/24;W0L000051T2652829;AL904EM
5134;04/04/24;ZFA18800002155511;9354CGL
5135;12/01/24;VSSZZZ6KZWR148543;MA4662CK
5136;10/04/24;ZFA19900005303707;2717JNN
5137;08/03/24;ZFA19900001345583;0286JCN
5138;01/01/1;WVWZZZ3BZYP432291;9069CJX
5139;10/01/24;W0L0TGF484G047204;0577CVS
5140;11/01/25;ZFA22000012724780;9098BBV
5141;28/03/24;VSSZZZ6LZ8R070251;5838FZP
5142;30/01/24;W0L0AHL4858107466;1032DKW
5143;06/02/24;VF1BG0E0526811620;1818BVP
5144;09/01/24;VF32ARHYF42470740;1824BYB
5145;01/01/1;VF1JA1F0522246245;MA4638DC
5146;21/05/25;VSSZZZ1MZ6R015510;7393FBN
5147;16/08/24;WDB9033611P841909;5378BJD
5148;14/12/23;ZFA22000086299829;6783FFF
5149;22/05/25;KL1TF69R9CB065150;9405DMX
5150;04/01/24;ZFA18800004851710;2208DDR
5151;08/03/24;VF33H9HZC84487340;5664FCG
5152;25/07/24;VSSZZZ9KZXR020454;MA2762CV
5153;01/08/24;WME01MC01YH034291;5153
5154;21/08/24;VF33CRHYB83116884;2871CLN
5155;14/11/24;VF1JM0F0529254103;2921CNK
5156;04/01/24;JN1BFAN15U0509117;5156
5157;13/06/24;WDB2110061A092461;2411
5158;01/01/1;VF3KMKFVB20045362;2075DRW
5159;16/12/23;WF0FXXWPDF2L44600;9308BYL
5160;18/12/23;ZCFC3550105906495;CO7207W
5161;28/03/24;VSSZZZ6KZXR268415;H1924Y
5162;22/05/25;WAUZZZ8LZVA036248;2161CYF
5163;10/09/24;VSSZZZ6LZ7R021941;1485FCM
5164;16/01/25;VF7231BJ216187514;2165BTH
5165;01/01/1;WBAAL710X0KE50262;2797CMD
5166;01/01/1;WDD1693061J213853;2856DTM
5167;01/01/1;KNEJE55226K286440;4024FGN
5168;27/02/24;VF7N1RHYB73635732;4565CBC
5169;11/01/25;NLJWVH7HP5Z034588;5584DLG
5170;13/06/24;WAUZZZ8L33A018259;5170
5171;08/07/24;NLHB251BAJZ384480;
5172;25/04/24;W0L0SDL6874338854;7294FRB
5173;27/11/24;VF7DDHMZ6GJ666358;7412JPC
5174;25/03/24;WBAVG91020VG53341;8235GFT
5175;06/04/24;VF32HRHYF42294998;8752BSZ
5176;12/01/24;VF1JA0WN521473892;MA1445CY
5177;13/10/24;VF35FWJZE60205265;MA7574CU
5178;23/09/24;SHHM83740WU012013;MA0865CG
5179;08/03/24;VF3WE9HXC34053450;1763FWR
5180;02/04/24;ZFA22000086100048;2964CWH
5181;22/12/23;VSSZZZ6LZ5R022276;6453CXT
5182;18/12/23;VF1JZ0B0643921530;MGM268
5183;25/10/24;SALLJGMF8WA783972;4306DPD
5184;01/01/1;WAUZZZ4BZYN021059;8447 HFF
5185;15/01/25;WVWZZZ3BZ2P133080;6302 CGD
5186;27/12/23;VS6AXXWPAASJ00161;T3518AP
5187;19/12/23;VF33CDJZ210371691;GR5429AV
5188;15/01/25;JSAFHY51S00108811;MA1688BX
5189;26/05/25;WDB1704471F116999;6086HCS
5190;25/10/24;JN1TENT30V0035233;5190
5191;13/10/24;VLGK44VBAA3089011;C5363 BRP
5192;28/03/24;VF7FCHFXC28590424;9566 CNL
5193;25/12/23;VF7S1VJZF57161130;GR8075AY
5194;15/01/24;VF1CR2V0H46126802;7916HMJ
5195;27/02/24;VF7CHRHYB39376108;3565CFW
5196;29/01/25;WAUZZZ8E95A536123;6327DKW
5197;31/08/24;WVWZZZ1HZRB039363;MA3088 BP
5198;03/01/24;ZFA19200000520859;1766DDZ
5199;03/01/24;VF32HRHYF42424035;3159BVN
5200;10/01/24;VF1BG0E0529244468;8830GHL
5201;10/01/24;VS6BXXWPFBKB11630;M9766JX
5202;28/12/23;VF7N0RHYB73088168;0179BLK
5203;03/09/24;SARRTXLNR3D617920;3137 DBX
5204;08/01/24;VF1BA0E0514982946;B2209SM
5205;02/07/24;VF1CMRG0633798711;2545 DSL
5206;03/01/24;;
5207;10/01/24;WF0AXXWPDA4L38625;8541DBZ
5208;08/01/24;VF7S1VJZF56380920;GR0994AN
5209;17/01/24;VF1BA0D0523750214;6258BFP
5210;24/01/24;WF0BXXGCDB4D36135;1464DBG
5211;10/06/24;ZAR93700005184325;4761
5212;08/01/24;UU1LSDAFH35994635;4472FCX
5213;21/02/24;WBADD31060BU07490;T6779AP
5214;07/02/24;VF1KC0EAF20193294;SE2862DK
5215;15/03/24;W0L0AHM757G042156;CZ780MC
5216;22/05/25;SALLJGMF7TA173809;SE4684CF
5217;12/01/24;KL1SF697J8B134288;7716FZW
5218;15/01/25;VF1B4070511163390;MA4295AV
5219;16/01/25;1C3ALB6R95N532875;383AKR
5220;24/01/24;ZFA18200004463713;MA9138CG
5221;14/02/24;VF7FCHFXB27135533;4939DCD
5222;01/01/1;VWASBFTL0Y1126332;5042CST
5223;11/01/25;WAUZZZ8P44A097784;1628CPD
5224;01/01/1;VF7UD9HZC45113646;2621FRR
5225;11/09/24;W0L0TGF072B004054;3432BRS
5226;11/07/24;VF3WB5FWC33702652;3931FRR
5227;22/05/25;WDB2037461A919633;6369FCV
5228;22/01/25;VF7CHNFVK39839075;8143DFM
5229;01/01/1;VF33ERHYB82673055;8333CLJ
5230;26/03/24;SB1KC56E60F009111;5230
5231;24/02/24;SJNEAAK11U3024745;5231
5232;12/03/24;WBADD51070BP10662;5232
5233;22/05/25;W0L000085P9008996;MA2032BJ
5234;25/04/24;W0L000056S5186305;MA5997BT
5235;01/01/1;WBADF71000BS08839;TO2242AF
5236;18/11/24;VF1CMRG0633504263;4286DTJ
5237;01/01/1;WDB2030161A417878;6522CDV
5238;29/04/24;WF0GXXTTPG5B15356;5265
5239;25/04/24;VF1B56J0522128648;9133BBV
5240;25/03/24;VF7MFWJZF65246406;MA6482CN
5241;01/01/1;SARRJSTHP2D228189;0876BNX
5242;25/01/25;VSSZZZ1MZ4R047238;2501CPP
5243;25/04/24;KLA4M11CD1C587713;4844BDR
5244;04/05/24;WF0LXXBDFL3K75046;5244
5245;24/05/24;VF7CHRHYB38996417;3389
5246;18/06/25;VSKTDAV10U0149110;5618CVD
5247;16/10/24;VF1JM020532412475;9517DBW
5248;25/04/24;VS6BXXWPFBCJ37064;M0784EW
5249;25/04/24;VF37BDJYE32394691;MA1560CK
5250;21/06/24;VF7X1RHZF72244767;MA3504CU
5251;16/01/25;WF0HXXWPJH3C64399;3905CFS
5252;03/04/24;VF1BBR8EF33076835;4094DJUJ
5253;11/11/24;WBAAT51050FW58138;4870CTS
5254;23/05/25;1C3ELB5H9WT292413;9444CVS
5255;01/01/1;WV2ZZZ7HZLX017516;
5256;12/06/24;VF6FN40A000060313;9980BFM
5257;01/01/1;WBADL71040GM91550;MA7747DB
5258;01/01/1;WDB4147001N230240;0506CKC
5259;14/02/24;W0L0JBF19W1315448;MA0247CS
5260;01/01/1;VF7LD9HZC74701826;1226GCW
5261;23/01/25;VF1KM1R0H36192017;1896FGM
5262;24/05/24;VF1BB05CF29041924;5262
5263;22/02/24;VSSZZZ6KZ1R215451;2393BGJ
5264;03/03/24;VF7CHRHYB39887954;2861DHL
5265;25/04/24;WF0AXXGAJA1D46219;2897BSC
5266;11/09/24;WBADL810806043432;5266
5267;06/02/25;KNEJC521555421444;4303DLC
5268;25/04/24;VSSZZZ6LZ6R083417;4339DSW
5269;03/07/25;VF1CR1J0H35465037;4705DWW
5270;04/07/24;W0L0TGF4835162732;5270
5271;01/01/1;SB1KW28E80F001255;5173DNP
5272;15/01/25;SJNEHAN16U2644722;MA7926CS
5273;28/03/24;WF0AXXWPDA3T08423;5382CML
5274;01/01/1;WDB1704471F062005;1638CKT
5275;04/07/24;WVWZZZ1JZ2P049047;6788BWC
5276;15/01/25;WAUZZZ8DZYA031116;6699CZB
5277;18/06/24;VSSZZZ6LZ3R122411;7061CDG
5278;28/03/24;VSSZZZ6LZ3R088214;7191CDF
5279;04/04/24;VF7VDVV0004VV0042;7711CBB
5280;01/01/1;VF7UA9HZH45321963;5280
5281;22/05/25;WVWZZZ9NZ7Y213929;8810FPC
5282;14/10/24;VF3BZWJZA12718298;9726BCM
5283;30/04/25;SARRTMWHNYD466460;C9388CF
5284;01/01/1;VSKEEVC23U0122930;CA0659BP
5285;22/05/25;WAUZZZ8DZXA060776;M2925WZ
5286;17/01/25;WDB1241301B198605;M8848KV
5287;06/02/25;WV2ZZZ9KZ1R503870;MA8200DF
5288;10/09/24;WF0AXXGBBAVG17137;V3456FV
5289;01/01/1;WF05XXGBB52L72096;3256BWN
5290;25/04/24;VSSZZZ6LZ5R175911;6269DLD
5291;20/08/24;W0L0SBF25X3042962;J7949AC
5292;13/01/25;W0L0TFF68W5097825;MA2973CH
5293;01/01/1;VF3MCYHZJJS197506;
5294;10/09/24;SARRTCLNR5D652285;5294
5295;02/08/24;WVWZZZ9NZ6Y024341;3834DWR
5296;23/01/25;VF36DRHRH21619417;4140FNT
5297;01/01/1;WF0EXXGCDE8B66332;4630FZL
5298;27/04/24;VF7FC8HXB26035017;5552BWR
5299;10/09/24;WF0HXXWPJH2P72996;5732CCX
5300;11/09/24;JMZBK143261279482;8454DMV
5301;13/10/24;VF37AWJZT32825610;J6647AD
5302;29/01/24;VF32CRHYE40838118;M4704ZH
5303;18/06/25;W0L0XCF0813011735;9914BFX
5304;28/03/24;WVWZZZ1JZYB099723;MA4571CZ
5305;11/09/24;WBAAL71060FM30564;MA9899CT
5306;09/04/24;VSSZZZ6LZ3R157958;0348CJC
5307;19/12/24;W0L0TGF7552014698;6739DFZ
5308;15/02/24;W0L000043MB543590;0701BXW
5309;13/10/24;VF1JMRG0634409480;7033BFV
5311;25/01/24;SALLSAA138A12;P3522
5312;28/06/24;UU14SDKJ560691721;2183KTB
5313;01/01/1;VF37JBHY6FJ823633;3088CSY
5314;14/02/24;W0L0AHL4845209305;5163CXT
5316;25/01/24;VF32HRHYF42294998;
5318;01/01/1;VSSZZZ5PZ6R048605;9193FHZ
5319;29/03/25;WVWZZZ1HZNW281494;4994CGT
5320;27/05/24;ZFA18800004684973;9107CNY
5321;26/02/24;VF7GJWJYB93412166;8960FNK
5322;17/12/24;VF1JK01B637213025;2064FNR
5323;19/04/24;VF37BRHYE32942497;AL7707AH
5324;06/06/24;VF1BB0E0E21382743;BI4300CS
5326;01/01/1;SALLSAA138A123824;P3522BCX
5327;02/05/24;SJNEBAK12U1142797;EX53NZK
5328;13/05/24;WAUZZZ4AZMN068320;GR9245Y
5329;18/06/25;VF7N1NFZF36882143;7989HJT
5330;21/02/24;WVWZZZ6NZSW066363;AC683HB
5331;19/02/24;W0L000056R5110281;MA5793BL
5332;02/05/24;SALLNAAA8XA662419;2653
5333;14/01/25;VF1UDCMG526295415;8587BXT
5334;29/07/24;VF7DDBHY6GJ770014;9635JSY
5335;15/05/25;W0L0XCF6834217258;6485CKD
5337;21/05/25;SARRTZWNR1D510389;V5300EL
5339;18/04/24;VF1FW0BB540957067;AA580DC
5340;12/06/24;SALLNAAA8XA663691;6380CDP
5341;01/01/1;WF0AXXGBVAMU76876;M0918MY
5346;27/06/24;VF1FC0NAF28372904;9524CFW
5347;23/10/24;JMBXNGA1WKU009032;4496KSX
5349;05/06/24;VSSZZZGKZXR136779;GR4013AT
5350;10/06/24;VF32HNFUF43250394;8381CHY
5351;29/08/24;.;5046HXD.
5353;27/02/24;VS5B40F05G0000143;J2784I
5354;20/02/24;VF7N1RHYB73597745;2362BWG
5357;01/01/1;VF7EB4HWG13276991;7778HBX
5358;27/08/24;WVWZZZ6NZWY127477;AL8353AB
5359;11/09/24;WF0HXXWPJH6B84871;4175DJN
5361;14/01/25;VF3GCRHYB96042758;6891DFC
5362;03/03/24;VF1BA0G0514758454;MA8953BZ
5363;22/03/24;SJNBDAN16U0269782;6241BVY
5364;06/02/25;VSSZZZ6LZ6R098347;MA0403CY
5365;16/04/24;VF7UA5FS0CJ700903;9067HMH
5366;01/05/24;W0L0XCF6824294300;5042BXJ
5368;12/08/25;KNEFE222245023835;0673CZF
5369;14/10/24;VSSZZZ6LZ4R057597;0769CNV
5370;03/02/25;1J8G2E8A33Y510330;0850DXV
5371;10/02/25;WF05XXGBB51M88103;0854BKF
5372;21/05/25;VF1KMRF0534757378;1390DSW
5373;01/01/1;WDB2100261B249778;2418BBX
5374;11/09/24;VF7FC8HXB27037770;2712CWF
5375;25/04/24;ZFA22000012774103;2751BKK
5376;25/03/24;WF0PXXWPDP9M72089;3182GNS
5377;02/08/24;WDD1690061J607276;3834KLC
5378;04/11/24;VF7S1VJXB57500174;5754BJD
5379;01/01/1;VF7CH9HYB39996883;5858DSP
5380;01/01/1;W0LSD9EG9B4207763;6197HDK
5381;01/01/1;SALZA2BN1LH083798;6224LGG
5382;07/08/24;VF1R9800462693887;6288KVZ
5383;16/04/24;VF7FC8HZB27266296;6332DKK
5384;01/01/1;VSSZZZ5PZ5R028627;6842DJJ
5385;13/03/25;VNVK1400061669038;7580KSH
5386;01/01/1;VF33HNFUB82879581;7960CGH
5387;16/09/24;JTDKC123805098050;9541DRS
5388;01/01/1;WVWZZZ1JZ2U560547;9659CCD
5389;07/04/24;VF1FDA2D641800997;AC209KG
5390;01/01/1;VF1BT0A0639270626;A3814MY
5391;14/07/25;VF1AHB00551506012;DK850ZD
5392;01/01/1;VS851A11014677462;MA7797U
5393;01/01/1;ZAR93000004055610;MA9733BV
5394;21/05/25;UU10SDCJG59792775;1210KJM
5395;10/09/24;VSSZZZ6KZ2R051107;3973BLJ
5396;21/05/25;W0L0AHL4858083544;7233DHS
5397;01/01/1;VF36DRHRH21083780;7911CZH
5398;01/01/1;VF1JA0B0225170655;7944BLS
5399;01/01/1;YS3FF41W861140652;8264FDH
5400;05/09/24;VF1JK03B636336580;BB317BX
5401;01/01/1;WVWZZ1HZVB130259;MA5078CC
5402;11/09/24;WF0AXXWPDAXC31802;MA7207CX
5403;10/09/24;W0L0XCF0813015938;6814BDZ
5404;02/04/24;VF1FLBCA67Y175231;6520FKC
5405;01/01/1;SALLNABE85A451283;2880CMD
5406;01/01/1;1C3ANC9L77X072534;5415FGV
5407;01/01/1;ZFA26300009236542;7864FZS
5408;04/08/25;VF7UA9HZH45321963;5408
5409;13/09/24;VF1FL000956440559;VTX09S
5410;01/01/1;VSSZZZ1MZYB026653;MA7799CV
5411;10/09/24;VSSZZZ6LZ3R114725;2630CCG
5412;18/06/24;VF7N1RHYB73286562;1800BTL
5413;01/01/1;KMHBT51HP5U285386;1104DFF
5414;02/05/24;VF33CNFUB82065501;7605BXX
5415;21/03/24;VSSZZZ6LZ3R114725;5144
5416;01/01/1;JHMGH1350YS200933;CO8312AW
5417;01/01/1;WMWRA31090TA58286;4676CZS
5418;15/05/25;VSSZZZ1MZ4R087232;8295CSL
5419;22/05/25;WVWZZZ9NZ5Y180672;5582DMN
5420;10/09/24;VSKEEVC23U0921401;MA6458BV
5421;01/01/1;VF32A8HXF43205465;4022CJB
5422;02/06/25;W0L0ZCF6941038546;6987CVW
5423;01/01/1;WAUZZZ8DZSA019570;5643GZL
5424;01/01/1;JMBLNV78W1J004498;CJ969TX
5425;16/01/25;ZFA19900000048132;6843DVK
5426;31/12/24;W0L0JBF19W5212337;MA5472CL
5427;23/03/24;VF1FLBCA67Y175231;6520FKC
5428;25/11/24;VF1BM1S0H39794469;1970CGT
5429;22/05/24;U6YJE55558L015594;1741GSL
5430;31/01/25;KPTG0B1FS4P119908;4387CVM
5431;14/06/24;VF1BGRG0631294044;9890CTP
5432;24/12/24;;9184BKC
5433;03/05/24;WF0MXXGCDM7C51699;8202FMY
5434;27/07/24;WBAVC31080KU50798;
5435;04/09/24;WDB2094652T009596;VAJ261
5436;18/03/24;;
5438;14/10/24;WAUZZZ4BZ1N093252;7732CMD
5439;09/04/24;WF0BXXGCDBYT08659;0436BGT
5440;14/10/24;WF0BXXWPRB4R38981;4490FSD
5441;25/03/24;WF0BXXGCDB4B12340;8821CVC
5442;27/07/24;VF1JA050527023513;3241BXV
5443;11/04/24;;
5446;15/01/25;WDF63960513268151;3309FHL
5447;17/06/24;VF1BB0J0E23832290;4633BGW
5448;25/04/24;VF32AKFWF41614447;5582BJP
5449;25/07/24;W0L0TGF4845135979;7641CTY
5450;17/05/24;VF1FC0JAF25419614;8219BPG
5451;25/04/24;VSSZZZ6KZZR168829;M4370SF
5452;01/04/24;VSSZZZ6KZ1R277132;1973BJH
5455;16/04/24;W0L0XCE7554145641;GY55WDZ
5456;06/04/24;W0L0TGF08Y5212628;MA4041DD
5457;04/04/24;XMCLNDA5A3F019814;M7973UV
5458;16/01/25;SB1EA56L90E016500;1063GGP
5459;09/04/24;VF1SBTJ0535265445;1555DXZ
5460;13/04/24;WF0GXXTTPG7576937;1830GJX
5461;10/09/24;1C8GYN5722U545153;6654FWZ
5462;01/01/1;VF7CHRHYB39226934;5462
5463;01/01/1;WDB2110261A607557;1917DBP
5464;25/04/24;W0L0SBF25W3046126;MA3717CL
5465;25/04/24;VF7CHRHYB39906304;4226DJR
5466;10/06/25;VF1KGRG0632537599;4022DBY
5467;10/09/24;VSSZZZ6LZ6R534224;2544DXW
5468;10/09/24;VF32A8HZF44714020;0724DMF
5469;10/09/24;WF0AXXWPDAWG73219;CA4292BK
5470;12/06/24;WVGZZZ1TZ7W035426;
5471;13/09/24;WF0HXXTTPH4A20899;8535DMH
5472;11/04/24;VF1FC0DAF18798654;M9077WV
5473;23/04/24;VF7GJ9HXC93455563;6825FVM
5476;12/02/25;WDF63819413512482;FJC5721
5478;16/04/24;WBACC51030ES15064;0562FI
5479;01/05/24;KMHUF21LPTU240917;
5480;18/03/25;VF7N2DJYF36278949;M8410VZ
5481;01/01/1;W0L0SDL0894228082;DQE7157
5482;26/06/24;WAUZZZ8P44A169440;3618
5483;02/05/24;VF9DVB50232370131;C3282BPN
5484;15/01/25;VSSZZZ6LZ5R003410;4564CWR
5485;05/06/24;;
5486;13/01/25;W0L0TGF75Y2078622;MA6497CX
5487;22/05/25;WF0MXXGCDM6L88010;2011DXP
5488;01/01/1;VF36DRHRH21738370;3866GGZ
5489;26/07/24;VSSZZZ6LZ5R037436;2264DHP
5490;23/01/25;VSSZZZ6KZ2R108460;1798BRN
5491;15/01/25;WVWZZZ9NZ5Y030416;1875CZR
5492;26/08/24;WVWZZZ1JZ2B091809;2967BSC
5493;01/01/1;ZFA19900000086117;3645FBL
5494;21/10/24;UU10SDA4548934716;4383HRG
5495;01/01/1;W0L0XCE75A4109251;5921GSX
5496;07/02/25;KNEFG52427K053955;7441GRJ
5497;15/11/24;VF1LA0NM520771162;MA2172CV
5498;07/06/24;VF1G40BM516901901;MA3048CG
5499;30/10/24;WDB2110221A827956;5499
5500;10/09/24;VF7CHNFVK39453556;7772CDP
5501;23/10/24;VF1FDCCL521130000;MA0121CX
5502;10/09/24;WF0FXXWPDFYD08764;MA5659DF
5503;16/01/25;WF05XXGBB51R52309;7620MK04
5505;06/02/25;WBAAL710X0XG52616;2566BBL
5507;13/01/25;WAUZZZ8H78K007892;9930DTB
5508;31/03/25;WF0UXXGAJU9K46274;9991DPV
5509;21/05/25;VF1JM0GD633454867;0452DNN
5510;01/01/1;VSSZZZ1MZYB093552;2564CYF
5511;01/01/1;VF7CH9HXC25966694;2747FPY
5512;26/06/24;WF0GXXPSSGYS17902;2789BFN
5513;01/01/1;WF0DXXGAKDHM87520;4291JZT
5514;04/07/24;ZFA18800004258114;5583BFG
5515;01/01/1;VF33CRHYB83895120;6918DGZ
5516;01/01/1;JMZGH14D681152399;7088GDV
5517;21/07/25;WBAAL71080CF55344;7966CYH
5518;01/01/1;VF7FC8HXB26928823;8466CSK
5519;25/04/24;VSSZZZ6KZ1R165869;8670BDD
5520;14/10/24;WDB9066331S802875;9391HRS
5521;16/01/25;WVWZZZ1JZ1W201291;9451CHN
5522;12/08/25;TSMMAA35S00552019;CA3293BT
5523;25/04/24;W0L000078T4282630;GR4498AK
5524;21/05/25;VF8JE0E0521857992;MA1359DD
5525;27/11/24;WV1ZZZ2KZ6X120470;AN786PE
5526;25/04/24;VSSZZZ6KZWR139787;MA7320CJ
5527;11/09/24;WF0BXXWPRBTY22127;MA7597BZ
5528;23/10/24;VSSZZZ6KZWR024925;TF7685BN
5529;10/09/24;VF7N1WJZF36482128;MA6891CP
5530;16/03/25;VR3F35GBTLY036896;FW9496GN
5531;01/01/1;JHMCL76805C208987;LB80235
5532;14/10/24;VN1F9C5D631B23611;UU0982
5533;12/06/24;VF1C5740508188883;M8382MZ
5534;13/10/24;W0L0TGF7512301038;0457DGW
5535;29/04/24;ZFA19900000201369;7611HMP
5536;24/05/24;1FDCT22BXP5189566;
5537;04/05/24;MALAC51HP6M825644;8607DPD
5538;29/04/24;WVWZZZ1JZXD088765;MA2106CM
5539;16/08/24;WF05XXGBB53D39458;8743FXL
5540;06/05/24;WF03XXBAJ3W689069;
5541;12/06/24;WBADC91020GW53493;2678CXW
5542;24/04/24;VF1LA0N0517545021;B1268TY
5546;30/07/24;SAJJPALF4BJ755094;5546
5547;02/05/24;WF0CXXGAJC8B56558;2527GLD
5549;24/07/24;WAUZZZ8P56A096629;
5550;08/05/24;VF33H9HZC84608057;4089DXX
5551;12/06/24;VF33E9HXC84628540;3421GZY
5553;01/01/1;VF33ERHSB82378723;6328BWY
5554;10/09/24;WDB1241261J091537;6590BLN
5555;13/10/24;ZFA18800004478537;1834BTX
5556;11/09/24;WF05XXWPD56U20936;4811FFG
5557;18/06/24;WBACB11000FC46975;6591
5558;13/01/25;XMCLNDG4A2F032588;1479DXC
5559;02/05/24;WVWZZZ1HZPB068685;J7607T
5560;29/04/24;WVWZZZ1JZXW244051;1697BNS
5561;01/01/1;ZCFC298000D278468;2369DXC
5562;02/07/24;1C8GYB2505Y501229;8499FGS
5564;07/05/24;;
5565;23/05/25;VF32DRFNF42566966;1824BYB
5566;18/06/25;VF7N1WJZF36385090;MU7193CK
5572;03/04/25;WAUZZZ8LX3A020445;6266FFF
5573;27/01/25;WDB12403018714635;
5574;10/06/24;;MA9200CJ
5575;13/01/25;WVWZZZ9NZGY202308;MA9798DD
5576;10/09/24;VSSZZZ1MZXB011981;6199CLY
5577;11/09/24;VSSZZZ6KZ1R263406;7445BLF
5578;04/07/24;KMHVA31NPTU106894;A7223CW
5579;01/01/1;VSSZZZ6LZ2R030645;0505BVJ
5580;10/02/25;VF1JA1U0527303643;6162CDB
5581;23/10/24;W0L0XCF0824258514;9390BWH
5582;01/01/1;JMZBK143261305884;4937DWV
5583;06/08/24;VS7VDPG0010PG9251;MA9749BY
5584;11/07/24;VSSZZZ6KZXR016563;MA3472CL
5585;01/01/1;ZAR94000007361204;5368CVC
5586;06/02/25;VF7S1KFWB57440612;5427BKZ
5587;18/06/25;WF0WXXGBBW4T14267;1362DWG
5588;11/06/24;ZFA18800004104340;M9798YZ
5589;28/06/24;SWJNFBAK2U1345758;0596DCT
5590;29/11/24;WVGZZZ5NZHW938628;7153KCK
5591;01/01/1;WAUZZZ8P8AA019102;2886BJB
5592;15/01/25;NLHB351BAGZ167213;7094KHB
5593;02/09/24;SJNTCAE12U1090148;2113CWR
5594;14/08/24;VF33BRFKC83404389;4962CKS
5595;02/07/24;W0L0TGF48W2217787;CU3923J
5596;21/05/25;SHHMB77300U000959;MA2860CD
5597;01/01/1;VF7S1VJZF57170178;MA6823DC
5598;26/07/24;W0L0XCF6854231687;8038DJD
5599;02/12/24;VF32A8HXF44100384RX;4214CZH
5600;13/10/24;WVWZZZ1KZ8P046360;6180DGL
5602;01/01/1;JN1TENT30U0323036;4639CMJ
5603;06/02/25;VF1KC0VEF25612062;7790DDW
5604;21/05/25;VSKTVUR20U0400574;CO4320AS
5605;01/01/1;VF1DZ0B0643976677;0069GYY
5606;10/09/24;ZFA18800000126557;B3522WW
5607;01/01/1;VF32AKFXE40104255;CT417QS
5608;01/01/1;WDD1693321J428201;DG692JS
5609;01/01/1;VSSZZZ1MZ5R033017;0178DCM
5610;01/01/1;VWASBFTL053816943;0612DLP
5611;01/01/1;VF1LMR2C531577894;1103CXB
5612;01/01/1;ZFA22300005156721;1991CJJ
5613;01/01/1;WVWZZZ3DZ38005119;2498DNP
5614;10/09/24;VF1KA050525284170;2598BNY
5615;01/01/1;WF0MXXGCDM4C41431;E-5
5616;15/05/25;VF1BA1U0525426109;3629BNS
5617;01/01/1;VF36D9HZC21225665;
5618;10/09/24;VF1DA0D0524975547;4474BKJ
5619;01/01/1;ZCFC359100D216719;4752CKC
5620;01/01/1;WF05XXGBB55J27698;4897DFX
5621;12/08/25;VF1BM0B0H31464092;5183CVF
5622;01/01/1;YS3FF46W871131606;5517FRJ
5623;31/08/25;JTDKZ28E200085031;5705DCF
5624;01/01/1;ZFA23000005842579;SE7855DP
5625;22/01/25;VSSZZZ1PZ6R095928;5852FBR
5626;14/10/24;W0L0XCF25A4297926;6896GXX
5627;31/01/25;UU10SDCJ554779047;6986JLV
5628;15/05/25;VSSZZZ6LZ7R119672;756AXB34
5629;01/01/1;WBA5J32020D341052;PP1529N
5630;01/01/1;VF7UE5FS0BJ713513;7640HFM
5631;01/01/1;VSSZZZ6JZBR041854;8440GYM
5632;01/01/1;VF32ANFZE41180134;9521BBJ
5633;10/09/24;WF0BXXGCDB2P54212;9984CBC
5634;10/09/24;VF1JA04N521054482;CQ562QW
5635;13/06/25;VF37AWJZT32892461;5635
5636;17/01/25;VF7BBDHXA12606349;H1731Z
5637;01/01/1;VSSZZZ1MZYB065265;MA1044CY
5638;03/03/25;VSSZZZ6NZWY220173;MA1088CP
5639;14/10/24;VSKDEVC23U0925564;MA4266BV
5640;10/09/24;VS6AXXWPFAKK44762;MA4415AU
5641;10/09/24;W0L0SBF08W4401792;MA6427CN
5642;01/01/1;VF3BDDHXA12563784;MA8584CV
5643;12/02/25;W0L0TGF69X5291916;MA9725CV
5644;22/05/25;WF05XXWPD56J47925;1389FBR
5645;01/01/1;WBADM71070GU58653;2107CFR
5646;01/04/25;NMTEA16R00R163631;2237GJW
5647;27/10/24;ZAR93700003307696;2655FMY
5648;10/09/24;ZFA18800004700232;2911CPN
5649;09/04/25;KNEFE246265334584;4159FGK
5650;01/01/1;VF32HRHYF43701440;5971CTG
5651;10/09/24;VF35FWJYF60516369;6289BYJ
5652;01/01/1;WVWZZZ3CZ6P193361;8219DZX
5653;22/05/25;VF7N1RHYB73835842;8812CSL
5654;18/08/24;WF0HXXGAJH6P00669;CB44786
5655;19/02/25;WDB2011261F475406;MA0027AL
5656;04/11/24;VF7S1VJZF57177581;MA4356DD
5657;01/01/1;WMWRC31060TB84115;ZONA E12
5658;31/10/24;VF1JMRG0634047385;1416DLS
5659;01/01/1;VF3280G5200639653;4118HRB
5660;15/01/25;ZFA17900013010689;4721CBG
5661;15/01/25;WF05XXGBB52S28058;6507BWV
5662;01/01/1;WF05XXGBB54K03218;7812CZG
5663;10/09/24;VSSZZZ6KZVR121833;MA9072CC
5664;10/09/24;VS6AXXWPAASK84390;VA2202AB
5665;10/09/24;W0L0XCF6844088197;7282CTV
5666;14/10/24;VSSZZZ6KZ1R186811;9425BGZ
5667;01/01/1;ZFA19400002076917;7856FXK
5668;01/01/1;WF05XXWPD55M37711;1374DHK
5669;22/01/25;VF1EMRG0632983594;8472DDV
5670;04/03/25;KL1NF486J7K705285;9476GBY
5671;31/10/24;VSSZZZ1MZ4R127284;9577CWR
5672;01/01/1;MAT4030968NL01078;7869GVX
5673;10/09/24;VS6AXWPFATB889673;MA3264BW
5674;03/07/24;VF7XURHKH64010443;0600FND
5675;16/03/25;WBAGM21060DR59437;
5676;01/01/1;WDB2110611A435751;MA7431DC
5677;14/08/24;WVWZZZ1KZAW117882;2901CRY
5678;01/01/1;WDD2452331J039388;EP324CE
5679;03/02/25;WDB2084652T092016;P0631BCW
5681;23/10/24;VF1FLABA53Y001573;2790DLK
5682;11/02/25;TRUZZZ8NZY1078091;CS08TBJ
5683;01/01/1;WME01MC01YH095629;5969JVM
5684;01/01/1;VF1KG0G0626060768;B14
5685;01/01/1;WF0WXXGBBW1P45720;
5686;28/08/25;W0L0AHL4845226305;
5687;09/01/25;JHMGH1350XS203581;MA6261BX
5688;16/01/25;UU14SDGG551185786;ID3381
5689;10/09/24;VF1JA050527082228;1608BZK
5690;01/01/1;WAUZZZ8X8BB004532;2824GYP
5691;01/01/1;W0L0TGF7522047393;2965BNT
5692;16/01/25;SAJAF51T346D65028;7219CMZ
5693;01/01/1;SJNFAAE11U2108811;7543HCN
5694;10/09/24;WF0FXXWPDFXY86220;MA4138CZ
5695;01/01/1;VSKDEVC23U0020960;MA7340CH
5696;14/05/25;ZFA22000012305316;SO3854F
5697;16/10/24;VSSZZZ6LZ5R018156;7123CXW
5698;10/09/24;VSSZZZ6KZ1R196320;7320BKP
5699;01/01/1;VF1JM0C0H33025552;4708DFX
5700;14/10/24;VSSZZZ9KZYR008891;MA2134CZ
5701;23/05/25;KNEDE244286364602;6738GNV
5702;15/01/25;ZAR93700003340566;5878BYP
5703;15/01/25;TMBBA25JX93081376;0485GHX
5704;01/01/1;WVWZZZ1JZ1P328798;1634BCV
5705;01/01/1;WDB1680321J523233;3259BCT
5706;10/09/24;WVWZZZ3BZXP204306;7787GKB
5707;01/01/1;W0L0AHL4868011394;5291DTP
5708;01/01/1;VF1EMS40A37007137;7807FJS
5709;12/02/25;W0V7D9ED2M4215371;8115LRP
5710;01/01/1;ZFA19900000669548;9737HBD
5711;10/09/24;W0L0AHL4858085537;8404DKN
5712;09/12/24;VSSZZZ6JZFR157869;9834JFS
5713;01/01/1;SJNFBAK12U2192256;AW532JN
5714;01/01/1;VF7LAKFUC74477088;0333FLS
5715;10/09/24;VF1C0630510763606;MA5839BM
5716;10/09/24;JN1FFAN15U0103323;MA0607CJ
5717;10/09/24;VF38BRHYF81379348;8745BTM
5718;10/09/24;VSX000098L4058426;MA0665AV
5719;22/05/25;VF3BAWJZA12453844;CA4316BJ
5720;13/10/24;VS7MFD9BE65196089;MA6360CK
5721;01/01/1;VSKDEVC23U0983725;MA5629CC
5722;13/10/24;WVWZZZ1JZ1B097069;3330BDH
5723;15/01/25;VF32DNFUF43753861;7069HWX
5724;10/09/24;VF1CB2T0532040956;4158CYT
5725;25/11/24;WVWZZZ1JZ2B012665;8194BLS
5726;12/06/25;WVWZZZAUZKP085783;3899KYG
5727;01/01/1;VF33CNFUK83462934;3081DCF
5728;16/09/24;W0L0AHL4898010686;8174FKX
5729;01/01/1;WDB1704471F004162;14 B
5730;11/01/25;TMBGS21Z082107888;4903DLX
5731;02/08/24;JT164ATL000048194;MA4890BK
5732;12/02/25;VF7FCKFVE26906771;3702CRS
5733;04/09/25;VF7YCBNFB12S40637;2278LSC
5734;01/01/1;WF0XXXBDFX6B48588;4372FGX
5735;01/01/1;KMHBT51HP5U307435;0549DDS
5736;10/09/24;WF0CXXGAEC1P74430;4263BMX
5737;01/01/1;WV1ZZZ2KZ4X005049;9863DCR
5738;10/09/24;VF3GJWJYB95038876;0170CSH
5739;16/10/24;W0L0JBF68W7151685;Z2058BJ
5740;01/01/1;WDB2084441T054110;7758BPB
5741;01/01/1;WAUZZZ4BZYN057284;6006BYD
5742;11/09/24;VSSZZZ6KZ1R014686;CO3539AX
5743;14/09/24;VF3GJWJYB95163101;2718DMT
5744;14/10/24;WVGZZZ1TZ5W014699;0717JHM
5745;27/08/24;VSSZZZ6KZYR137000;B0811WP
5746;26/06/25;TMBHS46Y764516665;3329CSH
5747;01/01/1;JMZDEA45510446841;1599BTC
5748;01/01/1;WBAAV11080CF31438;6880HMZ
5749;05/04/25;KMJWWH7HPYU232487;3967CNY
5750;11/11/24;WBABN11010JV52015;MA0360BZ
5751;14/10/24;VSSZZZ5FZDR049777;4070FSM
5752;01/01/1;WDB2110721B093043;LOPS387
5753;01/01/1;WDB2084652T027725;5810DMS
5754;10/07/25;VF1BMRF0533647611;6420CCC
5755;01/01/1;WDB2030401F617623;0610CZX
5756;22/05/25;VF7CHRHYB39661618;0309CTS
5757;13/01/25;VSSZZZ6KZ2R189976;0579BVN
5758;01/01/1;JTDJV123X00346379;
5759;13/01/25;VF1BB07CF28618070;2785CGZ
5760;13/10/24;1C8GYN4723Y514979;3462JCR
5761;13/01/25;VF33CRHYBB2563861;JJJ819HP
5762;01/02/25;VF37ERHYE33128101;GR6694A
5763;10/02/25;SJNFBAJ10U1185334;MA0250CL
5764;26/05/25;VF1BR1G0H36592368;3175FHJ
5765;13/01/25;WBAAT710X0KR01669;3740DNY
5766;01/01/1;VSA63809413227353;4203DHR
5767;27/11/24;WF0NXXWPDN4G18475;4553CYV
5768;22/05/25;WVWZZZ3BZ4E089979;4607CRB
5769;01/01/1;1C4GYN2C8XU107795;5700HLT
5770;16/01/25;VSSZZZ1MZ2B009167;6150BPP
5771;13/01/25;VF35CWJYF60383820;5878BPD
5772;01/01/1;WF04XXGBB41R28137;6439BMX
5773;01/01/1;WVWZZZ3CZ7P019052;7012FPB
5774;10/02/25;VSSZZZ6KZ1R158407;7149BDC
5775;06/11/24;WF0XXGCDB2T43446;7316BYW
5776;03/10/24;VSSZZZ6KZ2R030837;7942BKP
5777;24/07/25;WF0GXXTTPG5C00945;8091DWP
5778;01/01/1;VF3EB4HWG13290026;8157DZN
5779;15/01/25;VF7LARHRH74206922;8311DRD
5780;01/01/1;VF1BG4AB637095660;8435FKJ
5781;13/01/25;W0L0XCF0663070925;8811FHL
5782;01/01/1;WDD2452081J118138;9152LDW
5783;01/01/1;SJNFDAK12U2034934;9316DPP
5784;02/12/24;WF0AXXGAJA2L89617;9605BSL
5785;22/05/25;ZFA18800000980405;9666FNR
5786;01/01/1;VF39DBH5B92051001;9907HCS
5787;21/05/25;VSSZZZ1LZZR047492;CS1623AH
5788;04/06/25;VF33A9HYB84009548;EC742KF
5789;21/05/25;WVWZZZ1JZ1P033963;M5479ZX
5790;15/10/24;VF37CD9B231266230;MA1257BZ
5791;03/10/24;VF1B5770514350142;MA1281BW
5792;23/10/24;VSSZZZ6KZZR594516;MA5167BL
5793;22/05/25;ZCFC3050105978080;MA5617BK
5794;23/10/24;VS6AXXWPFATB81632;MA8115BW
5795;16/10/24;VF1B56J0518147856;MA8524CK
5796;13/11/24;;V8901EZ
5797;01/01/1;WAUZZZ8DZYA063303;MA5911CZ
5798;01/01/1;TSMEYB21S00226397;0098FYZ
5799;01/01/1;WVWZZZ1KZ4P029906;2208DCY
5800;04/12/24;VF7MFWJZF65564654;5874BDL
5801;27/01/25;WDB1240301B714635;M8147MZ
5802;26/02/25;ZFA26300009210641;1477GKH
5803;04/11/24;W0L0SBF25X3013124;GR5220AT
5804;21/03/25;WF0AXXGBBAXL79770;M0895XT
5805;21/01/25;WF0GXXTTPG6T57414;0071BHB
5806;16/01/25;VF1F8AMB519027981;2302CLT
5808;01/01/1;WDB2200261A129402;0419CHV
5809;01/01/1;VF1R9800262693905;6282KVZ
5810;01/01/1;WVWZZZ6NZYY560962;CO8409AX
5811;17/06/25;WDF63981313397096;1444FYS
5812;01/01/1;VF3M4DGZUMS217831;GC794RS
5813;22/05/25;W0L0AHL4858147680;3375
5814;01/01/1;VSSZZZ5PZ9R025440;8797GLC
5815;10/02/25;KLASF48A13B029245;5938CFC
5816;01/01/1;WBAUG31030PU62182;8093FCC
5817;01/01/1;VF7FCHFXB26925239;9600CRZ
5818;01/01/1;WVWZZZ1JZ1B186481;2414BHD
5819;01/01/1;VF3GJRHYK95197742;5640DWP
5820;15/05/25;W0L0TGF7522211945;8135BVX
5821;01/01/1;VSSZZZ6KZ1R196458;3549BFW
5822;16/01/25;SB1DW56L70E086378;1852DBY
5823;01/01/1;W0L0XCE7554194041;AH188BM
5824;15/10/24;ZFA18800004645236;6209CGK
5825;22/05/25;W0L0TGF69Y5215222;9971BDW
5826;01/01/1;W0L0AHL6765170711;2799FCL
5827;22/05/25;VF32EKFWF43497577;7549CWV
5828;01/01/1;VF1BB0V0F23976579;7195BGJ
5829;23/05/25;VF1R9800762693866;8376KYV
5830;01/01/1;VF1BB0FCF284347612;8924CFX
5831;23/05/25;W0L0XCE7584092585;GM780DG
5832;01/01/1;W0L0XCF0653059689;7887DSM
5833;01/01/1;WF0EXXGBBE9U43905;9965HGC
5834;01/01/1;W0L0TGF3542010631;BS36847
5835;15/10/24;SJNEAAN16U0315069;4681CBW
5836;01/01/1;VNVK1400761669053;7567KSH
5837;11/01/25;VF33H9HZC84542291;9160DMG
5838;22/01/25;WDD2120911B035024;41761
5839;21/03/25;W0L0ZCF6931011213;J1754AD
5840;17/06/25;VF1KGCGB634449224;CR8873X
5841;03/02/25;VSSZZZ1PZ6R016906;6000CHN
5842;10/02/25;WBAPE11020WJ54143;3085BNB
5843;01/01/1;WVWZZZ3BZYE325888;0717JHM
5844;27/12/24;ZFA31200000073317;2717JNN
5845;04/10/24;;
5846;06/06/25;;
5847;22/05/25;VF1KG4VB636609339;M7049WL
5848;21/05/25;MBHHFD31500199236;MA9892CG
5849;30/09/25;SALLMAMC35A189507;2477DFM
5850;08/11/24;VF1JA0B0527587922;5085CCT
5851;28/03/25;VF1BR1J0H43518715;9183GZT
5853;02/01/25;W0L0AHM7562067486;HNL1998
5854;03/04/25;TSMMHX91S00145555;CN649QA
5855;01/01/1;WDB2030081A947491;5547BTR
5859;01/01/1;VF3WCKFVC34105805;1890FZC
5863;06/11/24;TYBFEA01CLDX03749;5046HXD
5864;01/01/1;JTMBA31V005063894;GV04HDA
5865;28/11/24;WF0MXXGCDM3P55573;EL604PG
5866;01/01/1;ZFCC359000D119083;MA1122BD
5867;16/01/25;WVWZZZ3CZ8P037237;4910BNL
5868;10/01/25;SAJAA53L31WC01429;5592HMY
5869;01/02/25;W0L0XCE7544190618;
5870;01/01/1;VF32ANFUR42925184;1544
5871;28/03/25;WBALL502030E75096;37NLGZ
5872;01/01/1;VF7UD9HR8CJ612638;9943BVK
5873;01/01/1;WAUZZZ8LZVA072180;4239BCG
5874;01/01/1;W0L0AHM75A2066796;0828GVH
5875;01/01/1;WVWZZZ6NZXY103652;0901MM
5876;07/07/25;VF7UA9HR8BJ570685;7503HCM
5877;01/01/1;WBADD61060BR39436;MA4929CH
5878;01/01/1;WF0EXXGCDE8K13227;3542GGT
5879;10/02/25;VSSZZZ6KZ2R039843;5650BLN
5880;01/01/1;WF05XXGBB52L69745;3118BTK
5881;01/01/1;VSSZZZ6JZ9R140667;9076GMG
5882;01/01/1;TMBPJ46Y374151479;3659FLZ
5883;15/05/25;WF0AXXGCDA4G18359;
5884;13/01/25;VF1LA0B0524235045;2050BHD
5885;01/01/1;WVWZZZ1JZ1W218885;MA7118DF
5886;01/01/1;WF05XXGBB54K02942;3880DFX
5887;23/05/25;WVWZZZ1KZ9W450067;9418GLT
5888;01/01/1;VF1EM0C0H33812709;3599DJZ
5889;01/01/1;VSSZZZ6LZ7R007268;4204FDB
5890;01/01/1;ZFA1990000P068979;6526HWP
5891;01/01/1;WAUZZZ8LZXA096864;A0673DY
5892;01/01/1;WF0DXXGAKDGG31561;8744JPX
5893;22/05/25;VF7LA9HXC74704489;BF506WM
5894;01/01/1;YV1MW664262209956;9599CGH
5895;19/11/24;SHHEP13503U104425;ZK6895J
5896;22/05/25;SHHEP13503U104425;GR5446AM
5897;13/01/25;WF0UXXGAJU7D07658;2102GHF
5898;22/05/25;U5YHC516AAL231548;2243CYP
5899;27/03/25;WDB2100251A562179;ML2813E
5900;01/01/1;WBA3D32020K557865;CALCINADO
5901;13/01/25;W0L0SBF2513030532;9472BHT
5902;01/01/1;SAJDKALH4AA572663;MA2016AP
5903;21/05/25;VSSZZZ6LZ7R086902;5902FHD
5904;01/01/1;;
5906;01/01/1;VF70PHMZAEE501606;2471HYB
5907;01/01/1;;
5908;01/01/1;TMBEA25J9D3150564;9765HSF
5909;16/03/25;WDB4147001N203349;GD334XY
5910;01/01/1;WDC2511221A109437;P9032BDJ
5911;31/12/24;SJNEAAK11U4168934;9819BGZ
5912;01/01/1;W0L0AHM756G084838;3342DXD
5913;01/01/1;WDB2083651F039598;M2271YC
5914;28/01/25;VF1BB0A0F22194678;MA1091DB
5915;01/01/1;VSA63889413289740;MA4760DC
5916;04/08/25;VF32ANFUR42925184;5870
5917;01/01/1;SALLSAA248A142986;GF598F
5918;01/01/1;VF1KW28G553074101;2924JGC
5919;22/05/25;VNVF108AFUU010019;2156DCM
5920;10/02/25;W0L0TGF6925095194;3733BTR
5921;10/02/25;VF1BA0A0E16717135;5524BGM
5922;30/09/25;VF7FCHFXC28568476;2464DXN
5923;01/01/1;VF1EMSE0636876261;3761FHG
5924;05/02/25;1B4CP441XYB594227;9548GPW
5925;13/01/25;VSSZZZ6KZ1R216626;2095BGP
5926;01/01/1;TMBPW46Y644090948;2294JHS
5927;23/05/25;W0L0AHL35A2062113;2753KSH
5928;15/05/25;W0L0TGF6925041910;2946BPK
5929;27/04/25;WBAEV91010PF73474;3024DHK
5930;01/01/1;TMBCL63U869101877;3566DPJ
5931;10/07/25;VF7ZAAMFA17211095;3739CGC
5932;15/01/25;WF0FXXWPDF1C41344;3889BNW
5933;15/05/25;VF1BM0G0627982972;4538CGN
5934;01/01/1;W0L0TGF7522032499;5883BPD
5935;01/01/1;W0L6ZZU1AH9601066;6164JSJ
5936;15/05/25;VF1JM0C0H29577553;6863CMZ
5937;22/05/25;WF0LXXTTFL6T51508;7297FMS
5938;21/08/25;VSSZZZ6JZER123139;7170HYJ
5939;01/01/1;VF3WC9HZC33403652;7301FFH
5940;22/05/25;VF3YCTMFB12947066;7465JMX
5941;22/05/25;VF32AKFWF42573692;7536BZK
5942;01/01/1;VF7LC9HXC9Y581880;7627GTR
5943;01/01/1;ZFA19900001110216;8237FLW
5944;01/01/1;W0L0AHM7562133080;9377DXZ
5945;01/01/1;SALLNAAB8XA691093;9405DCS
5946;01/01/1;VSSZZZ1MZ4R002081;9665CKK
5947;04/03/25;VF3CCHMRPJT083000;FB598XA
5948;10/02/25;VF1LAF0FG18659745;MA0247CM
5949;15/05/25;VF7MFWJZF65417366;MA6631DC
5950;21/05/25;WDB2010241F487919;ML2791C
5951;01/01/1;VS5139700F0001072;SE8186AD
5952;13/01/25;WF0AXXWPDAYK71261;MA9745DD
5953;01/01/1;WAUZZZ8LZYA075856;V5551HB
5954;13/01/25;W0L0TGF08Y5070833;MA1259CX
5955;01/01/1;VR3F35GBTLY036897;
5956;01/01/1;VF1BG0G0624314511;1724BGP
5957;01/01/1;WDD2383142F066463;
5958;01/01/1;YV1RS694172627214;8507FLM
5959;01/01/1;WDB6013671P290485;7056FBM
5960;15/05/25;VF7N0RHYB73881134;6033CXV
5961;27/03/25;VF7CH9HXC25983557;6810FWM
5962;01/01/1;VF7CH9HXC25926519;5311FLB
5963;01/01/1;WF0UXXTTPU8G86221;2520GFW
5964;01/01/1;WVWZZZ6NZ1Y341324;8146BLH
5965;01/01/1;MAJUXXMTKUHA44565;8990KCS
5966;01/01/1;VSSZZZ1MZYB092392;9061BBR
5967;15/05/25;W0L0XEP05F4138929;9103JDB
5968;01/01/1;VSSZZZ5PZ6R063613;9219FCG
5969;01/01/1;W0L0XCF0623024744;9574BXP
5970;01/01/1;WAUZZZ8LZWA089777;9693BBR
5971;15/05/25;KMHVA31LPTU117164;B7636UX
5972;01/01/1;VSSZZR1MZYB089941;GI0390BT
5973;08/07/25;SARRTMWHNXD435838;MA3428CW
5974;21/05/25;WF0VXXGBVVJD08386;BA6219L
5975;15/05/25;VF1B53W0512722973;CR3622T
5976;21/05/25;VS6AXXWPFATG60918;GR9968AK
5977;01/01/1;VF1KCCEEF42027673;8258GTC
5978;15/05/25;VF36DRHRH21656697;5351FVY
5979;22/05/25;W0L0AHM757G032954;6919FSB
5980;21/05/25;LUCGG2750A3204476;7471GXL
5983;01/01/1;VF7GJ9HWC9N026943;9211GPY
5984;15/05/25;VSSZZZ6KZVR149994;BI4610CF
5985;22/05/25;VF3233B5215186055;MA7390BU
5986;01/01/1;WAUZZZ8H75K005491;P7362BDJ
5988;01/01/1;W0L0TGF671B006049;
5989;01/01/1;VF7CHRHYA38774862;0345BBD
5990;23/05/25;W0L0AHM75A2058366;0842GVH
5991;01/01/1;WF05XXGCD56U07708;0849FKB
5992;01/01/1;WF0FXXWPDF2Y60497;1371BTZ
5993;01/01/1;WVWZZZ3BZ3P386835;1776CGG
5994;15/05/25;VF7CHNFVK39530126;1817CKR
5995;01/01/1;VF1BMR20529751081;2002CNP
5998;01/01/1;WDD1690311J093669;3415DHK
5999;01/01/1;VF34C9HZC55024491;4580FWM
6000;01/01/1;WAUZZZ8EX5A089334;468BGG
6001;26/05/25;VF1JK0HAB34329597;4934DPF
6002;01/01/1;KNEUP751256696874;5413DKW
6003;01/01/1;WAUZZZ8E92A262210;6453BWJ
6004;01/01/1;VF7LCNFUC74240680;7180DJW
6005;01/01/1;VSKJVWR51U0035191;7358FGF
6006;21/05/25;VSSZZZ6KZ2R106875;7746BTH
6007;01/01/1;XMDLNDA2AWF135131;7763FSG
6008;02/04/25;ZFA3120000J559762;7901JMP
6009;01/01/1;W0L0AHL0865000075;7970DSB
6010;01/01/1;VF1KW2HB647788277;8819LLR
6011;01/01/1;VSSZZZ6LZ5R129183;8674DHH
6012;01/01/1;VF37J9HTC68002491;0497GKT
6013;22/05/25;SFAVXXBDVVML63486;CO2246AB
6014;01/01/1;VF7DCRHZB76455402;9717CWM
6015;01/01/1;VF1BZ1R0749124484;5676HRN
6016;01/01/1;YV1TS720211162565;CA5688BT
6018;01/01/1;VSKTDAV10U0156533;3157DBK
6019;01/01/1;SALLSAA146A940281;4052DVX
6020;01/01/1;WDB2084351T051431;4113CDZ
6021;15/05/25;ZFA18800000427548;5579BTG
6022;01/01/1;WP1ZZZ92ZBLA45720;6252GXZ
6024;01/01/1;WDC1631571A466711;MVG623
6025;01/01/1;ZFA22300005514729;0176FPW
6026;01/01/1;TMBAF73T499021038;0584GJY
6027;01/01/1;AHTLD56E703022726;0688GZS
6028;01/01/1;VF7DCRHZB76535056;1345DFC
6029;15/05/25;WF0HXXWPJH3S74115;1536CLY
6030;15/05/25;WF0NXXWPDN2S04886;4185BTS
6031;01/01/1;VF1KC0NAF24760210;4416BJW
6032;01/01/1;VF33ARHSB82912295;4862CHZ
6033;01/01/1;KL1CG26RJ7B077735;5813FVM
6034;01/01/1;VF1JM0C0H29969261;6268CRF
6035;01/01/1;VF1BGRF0630005250;6391CPH
6036;01/01/1;SJNBDAN16U0410299;8005CJF
6037;01/01/1;ZFA18800000752212;8603DFX
6038;01/01/1;VF34C9HXC55228250;8460GGD
6039;15/05/25;VF32ANFUR42155380;8869BSD
6040;01/01/1;VF1LM0C0H34634937;9448DSG
6041;01/01/1;SAJBB4BN6GCY23397;P4641BDB
6042;01/01/1;WDB1680331J762023;PS668T
6043;01/01/1;VSSZZZ6LZ4R098918;2198CVW
6044;15/05/25;W0L0TGF0825054017;4491BPS
6045;01/01/1;JMZCR19R600337640;4493LBX
6046;01/01/1;VF3AAFHZ0D8405520;6192HVJ
6047;01/01/1;JN1CAUA32U0059785;7306CBB
6048;01/01/1;ZFA35600006L08240;6245KND
6049;01/01/1;WF05XXGCC5JT20697;8127KLT
6050;01/01/1;VSSZZZ6LZ3R120611;8147CGJ
6051;01/01/1;UU1DJF00266670137;9553LMG
6052;15/05/25;VF1FC1EAF39998358;0644GKB
6053;01/01/1;VF1LA0F0G17688488;MA5464CN
6055;01/01/1;KPTG0B1FS5P178181;0553DLR
6057;01/01/1;WAUZZZ8P26A185767;9740LGX
6058;01/01/1;VF33EKFUC84076173;0163CYW
6059;28/03/25;SAJDB1BX1KCK61362;
6070;15/05/25;VF1C0630511929920;MA6092BN
6071;06/06/25;VS6A63130813058455;MA5253AV
6073;01/01/1;WF0PXXGBFPYT44201;2900BHD
6074;01/01/1;VSSZZZ6LZ4R189727;3880CTT
6075;01/01/1;VF7UA9HZC9J181037;6AP4717
6076;01/01/1;VNVK1400361669079;7575KSH
6077;01/01/1;SJNFAAE11U1007626;8011DZX
6078;01/01/1;VF7MFWJZF65561299;8104BDT
6079;01/01/1;ZFA25000002086868;8256HHB
6080;01/01/1;VF1R9800562693865;8374KYV
6081;03/06/25;VF3GBWJYB96098532;8838CXV
6082;01/01/1;ZFA28000000748883;GAN324
6083;06/06/25;WDB1241301B082233;MA4631CF
6084;22/05/25;VF7FC8HXB26804279;0352CMG
6085;12/08/25;VF1BB1L0A29548302;1118CNV
6086;01/01/1;WAUZZZ8P14A042127;2379CLN
6087;01/01/1;WDD2040081A003156;1934FNL
6088;28/05/25;WF0EXXGCDE7P48415;3282FZD
6089;12/08/25;VF1BB05CF27015206;5394BXJ
6090;01/01/1;WDD2452071J152227;4519FFH
6091;01/01/1;3C4PFBCY3CT299353;5AL5326
6092;01/01/1;W0L0XCE7544350268;7225CWX
6093;01/01/1;VSSZZZ7MZ5V510873;7626DFN
6094;01/01/1;KMHPN81UP7U312040;8468FYV
6095;01/01/1;SJNBDAN16U0498513;9253CVX
6096;01/01/1;WBACA91050KA36266;CA9855BF
6097;01/01/1;WDF63960313252059;9279FGY
6098;01/01/1;VF7GBRHYB94256233;9752DZZ
6099;15/05/25;SJNFBAK11U0545054;MA3402BZ
6100;01/01/1;VF1EA030521700473;W934NTX
6101;01/01/1;VF34HRHRJ9S243064;WW243DN
6102;12/05/25;WF0BXXGAJBXD03888;A0667DX
6103;29/07/25;VF32AKFWA44984568;6206DWK
6104;01/01/1;VF12R061659778387;1457KGY
6105;01/01/1;WBAVA72050KX19660;05D73239
6106;01/01/1;SB1JZ28E10E016463;JOP042
6107;20/05/25;;
6108;01/01/1;VF7U6UB0012085217;CARECE 12 C
6109;24/07/25;VSSZZZ5FZDR049777;6005HRD
6110;26/05/25;WF0AXXBAJAYC73796;
6111;01/01/1;W0L0AHL4868118320;1463DZV
6112;01/01/1;VSKDEVC23U0925376;MA1701BW
6113;01/01/1;VF3ZBPMNC17025824;8664BXY
6114;08/07/25;VF1BB0L0F22042823;MA7293DD
6115;26/07/25;VSSZZZ1PZ6R074713;2460DXK
6116;01/01/1;SARRSCLLYXM260622;MA8085CT
6117;18/06/25;JMZCR19R600337640;4493LBX
6118;01/01/1;VF7DDHMZ6GJ666358;7412JPC
6119;01/01/1;ZFA22500006883989;6574JCS
6120;01/01/1;VF7CH9HXCAJ847394;0902HFK
6121;01/01/1;VF7DCRHZB76454702;4754CPR
6122;01/01/1;VF1LM1R0H37642141;1067FNT
6123;01/01/1;WBAAT51050FW58138;4870CTS
6124;01/01/1;KNABX511AGT216657;8904JNC
6125;01/01/1;VS6AXXWPAARG17998;MA1049BS
6126;01/01/1;VF7UD9HZC45195600;7361GFB
6127;01/01/1;NMTDM26R30R039538;8453JMP
6128;01/01/1;ZFA23000005766644;B6475VX
6129;01/01/1;ZFA22500006865462;4011HYX
6130;01/01/1;VF1CB0P0G26522180;9422BVD
6131;08/07/25;1C3EMN6C0YN111305;MA6684CZ
6132;01/01/1;VSKTBAV10U0017114;9916BGW
6133;01/01/1;WDB2083441T001380;A4716EM
6134;01/01/1;WF0LXXGBVLVC49149;CO0925AP
6135;16/07/25;VF1JM020533994146;8680DLC
6136;08/07/25;VF31AHFXF52654193;5056BHS
6137;08/07/25;VF7DCRHZB76261326;5206BXG
6138;01/01/1;KNEDC241236172423;5765CLS
6139;01/01/1;WV2ZZZ70ZMH027134;3769GBR
6140;01/01/1;SAJAA01F8XGL15460;4286DFP
6141;01/01/1;KPTE0B1DS1P272917;6730CKB
6142;01/01/1;ZFA19900000141276;1768FDP
6143;01/01/1;SALLSAA247A104406;8102GRP
6144;01/01/1;KNEUP751236470052;4241CKG
6145;01/01/1;VF3BBRHZB12923303;7258BVV
6146;28/07/25;VF1BBR80F29838197;2568CPN
6147;01/01/1;ZFA22000012966464;8344CCN
6148;01/01/1;WME01MC01XH049650;8606FFC
6150;01/01/1;WF05XXGBB55J27627;2761DJZ
6151;01/01/1;VF7LANFUC74273284;2498DSG
6152;01/01/1;VF3WCNFUC33489069;4889FGC
6153;01/01/1;WF04XXGBB41R11554;2598BMP
6154;01/01/1;VF3ZCPMNC17271531;2159CLY
6155;01/01/1;W0L0TGF7532220116;2186CHS
6156;01/01/1;WAUZZZ8LZ1A107915;4142BLT
6157;01/01/1;KMHJG31RP1U254673;0169BMG
6158;01/01/1;WVWZZZ5ZZ60014055;0302FBY
6159;01/01/1;VF3KM8HZC20068366;1495DXY
6160;01/01/1;VF7CHRHYB39487943;1513CGL
6161;01/01/1;VF1KMK40636809500;1574FMB
6162;01/01/1;VSSZZZ6LZ5R067864;6805DCL
6163;01/01/1;TYBFB634E4DS22052;6961CSS
6164;01/01/1;VSKTBAV10U0025604;5137BJD
6165;01/01/1;VF7GBWJYB94143835;5762DCL
6166;01/01/1;VF33A9HXC84613919;8285DYR
6167;01/01/1;WDB2200651A050740;5318HTL
6168;01/01/1;VF35CWJYF60404957;5559BLB
6169;01/01/1;ZFA24400007284546;5881CMP
6170;30/09/25;ZFA19200000588457;6511DRM
6171;01/01/1;VF7GJRHYK93012644;8518CCN
6172;01/01/1;VSSZZZ1MZ1B026390;6521DBC
6173;01/01/1;WF0AXXWPDA1P86941;4910BJX
6174;08/07/25;VF1C0635512512769;M8905SB
6175;08/07/25;VF38BRHYE80807484;MA0707CU
6176;01/01/1;VF1FC0DAF22825235;SE2015DV
6177;08/07/25;VF1BA040521128108;MA9730CW
6178;01/01/1;WF0DXXGAJD4R19024;DN03492
6179;08/07/25;VF37ADJY231311723;M3235UP
6180;01/01/1;WBSVC31030VA16029;WW991AC
6181;01/01/1;WVWZZZ1KZ7P035717;8699FNM
6182;01/01/1;W0L0ZCF6931073334;9613CFY
6183;01/01/1;VSSZZZ1MZ3R080676;9821CFX
6184;01/01/1;VF32HKFUF44193635;9968DCF
6185;14/07/25;WDD2040541A012689;BLET5555
6186;01/01/1;VF38E9HL0CL047965;DC447LA
6187;08/07/25;VF1CBTJ0535701444;9123FGW
6188;01/01/1;WAUZZZ8P34A131150;CARECE
6189;14/07/25;ZFA19900000077771;7181DXV
6190;01/01/1;W0L0AHL4898069321;2730GNX
6191;01/01/1;VF7LCKFUC74895532;9162GHL
6192;01/01/1;WDB2100061A890131;2491BZG
6193;01/01/1;WVWZZZ1KZAW261215;3891GSZ
6194;01/01/1;WF0NXXGBBNXC76001;MA6438CP
6195;01/01/1;ZFA18800002402723;0887BZP
6196;01/01/1;VF1JK0EDC36864200;5952FKM
6197;01/01/1;W0L0XCE7564074055;6421DSS
6198;01/01/1;WDB2020181A615610;
6199;01/01/1;VF32AWJZT40219563;MA8692CT
6200;01/01/1;W0L0SDL0894252382;0841GMN
6201;01/01/1;VF33HRHYB82893955;2399CGN
6202;01/01/1;VF33H9HZC84837311;8211FJX
6203;01/01/1;VF7DCRHZB76409352;5380CFX
6204;01/01/1;W0L0TGF7512254703;1863KZD
6205;01/01/1;WF0MXXGCDM4L72174;2226DNN
6206;01/01/1;KMHBT31GP4U054942;1813CRR
6207;01/01/1;1C8GYN2735Y517959;2280DCP
6208;01/01/1;VSSZZZ5PZAR027993;2397GTZ
6209;01/01/1;VF7CHNFVK39688903;1812CSN
6210;01/01/1;WV1ZZZ2KZ5X106612;0873DMP
6211;01/01/1;ZFA19200000573264;0222DNS
6212;01/01/1;WF0MXXGCDM7D29920;0748FRN
6213;01/01/1;VF3GJ9HWC8N014189;0762GCT
6214;01/01/1;VF7JMKFVC97524710;1203FZY
6215;01/01/1;VF7GJWJYB93172478;1750CYY
6216;01/01/1;VF33ENFUB82735400;0952CDS
6217;01/01/1;W0L0TGF4836106444;1759CHZ
6218;01/01/1;NMTEA16R80R103533;1468311
6219;01/01/1;WDD2452071J283542;2645FWW
6220;01/01/1;VF1EM1R0H37568421;0626FNV
6221;01/01/1;1J4GWB845XY510172;7861CBW
6222;01/01/1;W0L0TGF7532067834;9361CCC
6223;01/01/1;WAUZZZ8X2GB111115;0425JPL
6224;01/01/1;VSSZZZ6KZ1R266637;0107BKW
6225;01/01/1;VF7LCRHRH74886441;2651GGR
6226;01/01/1;WF0AXXGBBAXU49645;MA0935CY
6227;01/01/1;WF0WXXGCDW7S78816;5857FTN
6228;01/01/1;ZCFC35A200D287350;3767DRZ
6229;01/01/1;VSSZZZ5PZ6R060642;2729FBN
6230;01/10/25;KMHPN81CP4U144560;2741CTW
6231;01/01/1;XMCXNZ39A7F001148;3025DXS
6232;01/01/1;VF7GBWJYB94052396;4062CLH
6233;01/01/1;WVGZZZ1TZ8W095237;3197KWC
6234;01/01/1;YV1LW55B2X2597543;3413GXY
6235;01/01/1;VF1SB8A0537007176;3888FKY
6236;01/01/1;WDD1680091K049149;7633CWF
6237;01/01/1;VF1BR1A0H36977187;8478FJG
6238;01/01/1;VF1FC0JAF29199843;5728CMM
6239;01/01/1;VF7CHRHYB39372591;4967CFB
6240;27/09/25;W0LPD6EGXA8093526;5729HDL
6241;01/01/1;WF0MXXGCDM6T30243;5813FBL
6242;01/01/1;VF32AKFWF44224635;6509DBF
6243;02/09/25;WDF63819413449292;6593FDV
6244;01/01/1;WME01MC011H090103;6818KJM
6245;23/09/25;KPT60A1USLP027455;6629LNC
6246;01/01/1;WF0LXXTTFL3M59135;4673CTP
6247;01/01/1;KMHSC81VP5U033678;5097DYC
6248;01/01/1;KMHPN81VP4U163905;7183DBF
6249;01/01/1;W0L0AHL0895058648;7021GPM
6250;01/01/1;ZFA19200000495820;7294DBH
6251;01/01/1;VF33C9HZC84556188;8642DWM
6252;01/01/1;VF33HRHSB83630454;6293DFR
6253;01/01/1;TMBCG11UX38669740;6569BYF
6254;01/01/1;VF1LMSEC637274312;8915FPC
6255;01/01/1;W0L0TGF4835223823;9147CKH
6256;01/01/1;W0L0TGF4826062973;9255CDR
6257;01/01/1;WAUZZZ8E67A179213;9528JHL
6258;01/01/1;VSKEDVC23U0151973;CA6392AT
6259;01/01/1;W0L0ZCF3581079799;CP58KKM
6260;01/01/1;VF1BZ0V0640784865;G4201C
6261;01/01/1;VF1BR1J0H39476107;W099KN
6262;30/09/25;VSSZZZ6LZ3R247782;5807CJD
6263;01/01/1;VF7JMNFUC97099455;1895CWV
6264;01/01/1;WF0BXXWPRB4B85739;9073CSG
6265;01/01/1;WDB2030061A035098;6820BHN
6266;01/01/1;WVWZZZ1KZ5B122801;P5421BDH
6267;01/01/1;WF0BXXGCDB2P63582;0763CBG
6268;01/01/1;VF3WE9HXC34391408;0880GDW
6269;01/01/1;ZFA16900000331697;4064DHS
6270;01/01/1;WV1ZZZ2EZ76030749;P6022BDH
6271;01/01/1;VF1JA0NL520377372;MA3517CV
6272;01/01/1;WDB1680311J046826;MA9228CK
6273;18/09/25;TMAJE81AHPJ286613;2939MGV
6274;01/01/1;VSSZZZ9KZVR010636;MA1351CD
6275;01/01/1;VF1BR1G0H37320511;6203FML
6276;01/01/1;WVWZZZ6NZWY230014;MA3500CJ
6277;01/01/1;WV1ZZZ2EZ76038026;P3035BHD
6278;01/01/1;VF34C9HP0AY192015;0920JXK
6279;01/01/1;WDF63809413492830;1916CJR
6280;01/01/1;VF1BGEVB637966909;2327FTD
6281;01/01/1;VSSZZZ6LZ6R109132;2463DVT
6282;01/01/1;W0L0TGF7542230999;3291DBR
6283;01/01/1;VF33CNFUE82187802;4723DMM
6284;01/01/1;VF7UD9HR8DJ666261;4993HRY
6285;01/01/1;KMHLC81UACU032455;5430HMM
6286;12/10/25;5YJ3E7EB8MF847535;5257LMC
6287;01/01/1;VF1KZ0N0643216450;5481GWG
6288;01/01/1;VF1BZ0G0T42861456;7049GVW
6289;01/01/1;WAUZZZ4F97N082871;8023FJM
6290;01/01/1;WF0TXXTTPT7C74954;8577FMJ
6291;01/01/1;WVWZZZ3BZ3P435735;7795CHB
6292;01/01/1;VF7DCRHZB76423381;8604CKS
6293;01/01/1;ZAR93700003194991;8716CMR
6294;01/01/1;WDB2083651F023612;V4987GU
6295;01/01/1;VF7CHRHYB39208209;3625BTT
6296;17/10/25;WDB2100251AG04525;V2852GG
6297;01/01/1;VF32AWJZT40437271;MA5014CV
6298;01/01/1;WBAAL710X0KG44791;MA4457CZ
6299;01/01/1;VF1JM020533864022;3201DMB
6300;12/08/25;VF1CM0B0H29174498;2272CKF
6301;01/01/1;VSSZZZ1PZ7R032033;9302FKJ
6302;01/01/1;VF3YBBMFB11523459;9801GPB
6303;01/01/1;ZFA19200000488655;9810CYR
6304;01/01/1;VF7RC9HYB76693835;8920DNW
6305;01/01/1;ZAR94000007048533;9785MDK
6306;01/01/1;W0L0XCF6834116850;9860CCY
6307;01/01/1;KLAJF696EYK489566;MA3272DD
6308;01/01/1;WF0UXXTTPU7U07196;9433FXJ
6309;01/01/1;WF0HXXTTPH4D11695;3167CZZ
6310;01/01/1;WDB2110161A167759;3739DXD
6311;01/01/1;VF33ERHSB82986179;4989CPX
6312;01/01/1;W0L0AHL4855014508;8156DBD
6313;01/01/1;W0L0SDL08B6086996;6160HFD
6314;25/09/25;VSSZZZ6LZ4R022836;7719CKL
6315;01/01/1;VS7N2F50060F52767;PO5504AX
6316;01/01/1;VSKDEVC23U0106727;MA2562CW
6317;01/01/1;WV1ZZZ2KZ8X042339;WW372XF
6318;15/09/25;;
6319;09/10/25;VF3MCYHZMN5094814;WW203GH
6320;30/09/25;UU1HSDAW544294034;1735GZW
6321;01/01/1;WAUZZZ8E65A534412;8876JSH
6322;01/01/1;VF34C9HXCAY021609;7499GVJ
6323;01/01/1;VF33ERHYB82446663;8971CBX
6324;01/01/1;W0L0XCF6824022606;9847BTR
6325;01/01/1;VF36DRHRH21398033;0632DTS
6326;01/01/1;VF7VDVV0007VV0849;2932CTN
6327;01/01/1;VF1LA1U0527087881;3929BXD
6328;01/01/1;WAUZZZ4BZWN143611;4002CMZ
6329;01/01/1;WBANC71040B154779;250DNX
6330;01/01/1;WF0MXXGCDM3U87908;2822CPP
6331;01/01/1;WVWZZZ1KZ6W520967;1266GCF
6332;01/01/1;WVWZZZ1JZ2B020022;7450BNF
6333;01/01/1;VF7LA9HYC74613788;4433FLD
6334;01/01/1;ZFA22300005312718;3745DKM
6335;01/01/1;KPTN0B1FS6P032261;6496DYB
6336;01/01/1;VF32A8HXF43000702;0867CFF
6337;01/01/1;KMHEN41EP1A396522;2051BSF
6338;01/01/1;VSSZZZ6JZAR011073;2277GNJ
6339;01/01/1;WVWZZZ3BZ1P295328;9758BKV
6340;01/01/1;ZFA19900000610549;DZ852SR
6341;01/01/1;ZAR93700005184871;7711DNY
6342;01/01/1;ZAR93900007120470;EZ657BB
6343;01/01/1;W0L0JBF68W7182893;GI04512
6344;01/01/1;WF0WXXGCDW6T17576;9304DZN
6345;13/10/25;JMBSNEA5AWZ00257;SE5207CZ
6346;01/01/1;VF7FC8HZC28888844;3336FRF
6347;01/01/1;SALLNAAE71A357006;6377FLN
6348;01/01/1;WAUZZZ4BZYN102343;7644DBX
6349;01/01/1;WVWZZZ1KZ4B041879;5074DYS
6350;01/01/1;WAUZZZ8E12A179029;6527BWT
6351;01/01/1;VSSZZZ1PZ8R005653;3178FRX
6352;01/01/1;VF7EBRHTB13137694;6962CWC
6353;01/01/1;VF1BZ0A0543414539;7332GWG
6354;01/01/1;SHHCC75600U134640;M8797SK
6355;01/01/1;WDB2083651F069201;GR6862AU
6356;01/01/1;VF3GJWJYB95127092;7048DFC
6357;01/01/1;WF0BXXGCDB4G89607;8897CWB
6358;01/01/1;VF32C8HXF43301062;7716CKL
6359;25/09/25;;
+ XM,.-7+;26/09/25;;
00001C;25/09/25;KLAJF69WEYK538736;GR8822AY
00001CS;01/01/1;WDB2084651T004749;5438JXJ
00001S;01/01/1;W0L0SDL08D6006339;0770HNK
00002S;01/01/1;KMHLC41UAHU101025;6466KCV
00003C;01/01/1;WVWZZZ5ZZ84002816;30-ZD-HG
00003S;01/01/1;WDB2030041A092981;2874DYP
00004C;01/01/1;KNEBA24528T548484;4182FZY
00004S;01/01/1;WF0WXXGBBW3C64326;9126CGG
00005C;01/01/1;1B3HBC8A97D360884;1294FTC
00005S;01/01/1;VF1BM0G0628326896;7488CHX
00006C;18/06/25;VS6AXXWPFASY30485;MA1697BW
00006S;01/01/1;WF0HXXWPJH6J64048;8273FCC
00007C;01/01/1;VF3BBRHZB12930797;8505BWD
00007S;01/08/25;W0L0TGF7512103728;
00008C;01/01/1;W0L0TGF75Y2012048;MA8895CW
00008S;01/01/1;VF1JMGED640230217;
00009C;18/09/25;W0L0ZCF6851026238;7712DKN
00009S;14/09/25;WDB2030041A092981;2874DYP
00010C;01/01/1;1C4GHN5M2SU116473;MA4526BV
00010S;01/01/1;WDB2201751A023177;MA6284DD
00011C;01/01/1;VF7UDRHB8BJ721461;1330JWM
00011S;01/01/1;VF3WC8HZC33590758;5035FHV
00012C;01/01/1;WF0AXXGBNAYA64274;MA2628DD
00012S;01/01/1;SJNFCAJ10U1015108;9778FMY
00013C;01/01/1;TCC01MC01X4014763;
00013S;01/01/1;SB1BW56L60E032383;0064CNM
00014C;01/01/1;YF7AZKA0094KA1456;P2062BBC
00014S;01/01/1;VF3WC8HZC34056741;9645FYL
00015C;01/01/1;VF33H9HZC84826902;7330FJZ
00015S;01/01/1;WF0AXXWPDAYL59028;7683BCP
00016C;01/01/1;WF0NXXWP0NXU89156;MA6663DC
00016S;07/08/25;WF04XXGBB42U40732;5154BZK
00017C;01/01/1;TMBBM6NH3E4029409;PE64KVD
00017S;01/08/25;WF0AXXWPDA4L13964;3401DCH
00018C;01/01/1;WVWZZZ6EZ1W003077;2180BCL
00018S;01/01/1;KMHBU51VP6U453726;0944DSX
00019C;01/01/1;VS7ZALJ0011LJ5107;GR3985AL
00019S;01/01/1;VF7231B5215726758;8224BNK
00020C;01/01/1;ZFA27800007661882;6087KGG
00021C;01/01/1;WF0KXXERJKGE47571;6632JSV
00022C;01/01/1;VSKEDVC23U0151591;CA4269AS
00023C;17/09/25;W0L0SBF08W4315115;MA3009CK
00024C;01/01/1;SAJAB02E7YFL68497;
00025C;01/01/1;WF0AXXBAJAYC73796;
00026C;01/01/1;KMHSH81WP6U043132;7872FHG
00027C;01/01/1;VF33EKFUC84076173;5074JWJ
00028C;01/01/1;WDC2510201A068932;9381JTT
00029C;01/01/1;W0L0TGF7512015267;0889BND
00030C;01/01/1;VSSZZZ6LZ8R184859;0635GNC
00031C;01/01/1;WF0AXXGBFA1M86906;7455LJM
00032C;01/01/1;WDB2100161B083904;M0029ZB
00033C;01/01/1;E57704010;X44POF
00034C;01/01/1;ZFA18800002242354;1483BJX
00035C;01/01/1;VF1BB1KEF37347914;7115FMY
00036C;01/01/1;;
00037C;06/08/25;WVWZZZ6NZ1Y005200;MA6991DC
00038C;01/01/1;WDC1631131X759598;9822GBR
00039C;01/01/1;W0L0AHM757G146118;9095FSG
00040C;01/01/1;WVWZZZ1HZVW376184;MA7530CB
00041C;01/01/1;VF1KMSF0534027222;CARECE
00042C;01/01/1;WDB9062352N623965;Y52D16907
00043C;01/01/1;VF1T3X30511759991;BA4236V
00044C;01/01/1;VF73D9HP8DJ738657;0731KTG
00045C;01/01/1;WAUZZZ8E44A095628;1513CNC
00046C;01/01/1;WF05XXWPD57U79791;4605FWC
00047C;01/01/1;VSKPFL112RA732414;MA2895BN
00051C;01/01/1;VF7FCKFVB26674167;4484CHG
00052C;01/01/1;VF7RERHRJ76782574;5953LHG
00053C;01/01/1;TRUZZZ8NZY1030607;8922DFK
00054C;01/01/1;WVWZZZ1JZXW107400;6044BPP
00055C;01/01/1;VSSZZZ6KZ1R204592;2094BGP
00056C;01/01/1;WAUZZZ8ZX2N004838;ED398BF
00057C;01/01/1;WDD2074022F197386;YTI30VP
00058C;01/01/1;WBA7C62090B232975;AT60AMT
00059C;01/01/1;JMZGHA4B601408538;FG634PJ
00060C;01/01/1;WF0EXXGBBE8R54695;ND08AXA
00061C;01/01/1;WVWZZZ3BZ5E104275;1550DFN
00062C;01/01/1;VF1KC0JEF27776390;6584CCJ
00063C;01/01/1;SAJAC0540FN054916;RK64NKW
00064C;01/01/1;WF0KXXCPVKYR72756;B9862WN
00065C;01/01/1;SALLPAMJ41A459259;CARECE
00066C;01/01/1;VF7MFWJZF65490416;GR8886AY
00067C;01/01/1;KMXKPE1CP1U415689;2410BKP
00068C;01/01/1;VF7LC9HYB74306770;8811DPN
00069C;01/01/1;W0L0SDL6874058037;8043FGR
00070C;01/01/1;VF1BZ0A0543768340;1908GZJ
00071C;01/01/1;JMBL049GWKJ452480;GR1080AT
00072C;01/01/1;WVWZZZ1HZRB033784;GR7050AF
00073C;01/01/1;VF33CRHYB83453043;1658CTD
00074C;01/01/1;TMBHS46Y833721252;6123CFH
00075C;01/01/1;VF7N1RHYB73884802;1785CZR
00076C;01/01/1;VF1EA0B0525024903;1356BNL
00077C;01/01/1;ZFA22300005173234;8320CHC
00078C;01/01/1;VF3GJ9HXC95293137;G3572F
00079C;01/01/1;1GNEK13T02J158497;0351BTN
00080C;01/01/1;VF15R0G0H52651344;4622JDF
00081C;01/01/1;ZFA18500000451122;3779CDC
00082C;01/01/1;VF35FWJYF60431916;7583BPG
00083C;01/01/1;VF7XBHL0000HL4501;M3306LG
00084C;01/01/1;1C8GYN5BX2U524751;2378BRT
00085C;01/01/1;U5YPU81BASL322902;7932MXM
00086C;01/01/1;ZFA22000012803850;6876BMH
00087C;01/01/1;VWAPF05831A795274;7051BHG
00088C;01/01/1;VF36ERHRG21259747;4739DPT
00090C;15/07/25;ZFA15900007090146;M6881ML
00091C;01/01/1;WF0AXXGBFAYG06332;MA0000DF
00092C;01/01/1;WDD1680331K025813;0503HCD
00093C;01/01/1;WF04XXGBB42S38578;3576BWL
00094C;30/04/25;WF0AXXBAJAYC73796;MA3081DF
00095C;26/05/25;WBADM71020GU42330;MA3081DF
00096C;25/07/25;VSSZZZ6LZ8R183084;8296GDF
00097C;01/01/1;VSSZZZ6LZ3R158382;7090CFC
00098C;15/07/25;VF36ERHRH21639896;BP490YQ
00099C;01/01/1;VSSZZZ6KZYR134687;CC4246U
00100C;01/01/1;KMHAH51GPYU035114;MA8966DD
00101C;01/01/1;1C8GHB1585Y560823;CARECE
00102C;01/01/1;VF1VY0B0NUC282967;0779GKK
00103C;01/01/1;VSSZZZ7MZ6V511521;4779DYJ
00104C;22/09/25;VF32AKFXE41064118;0806BDX
00105C;01/01/1;SALLSAA545A905533;3858DVV
00106C;01/01/1;KPTC0B1KS6P025104;5456FKT
00107C;01/01/1;WVWZZZ1KZ5P029047;0256FFS
00108C;01/01/1;VSSZZZ6KZZR550583;CO2353AH
00109C;17/09/25;W0L0TGF0815225455;2068BJB
00110C;01/01/1;KNEDE244266055051;6528FCC
00111C;01/01/1;VF1FC07AF35080145;FP265DM
00112C;01/01/1;VF1BMSE0636713504;1441FHK
00113C;01/01/1;VSSZZZ6LZ7R046965;9300FHZ
00114C;01/01/1;W0L0XCF6824263543;4072CFK
00115C;01/01/1;VF1C06C0524453817;5737BGL
00116C;01/01/1;VSSZZZ1MZ1B038768;7300BCR
00117C;01/01/1;VF7GJ9HXC93448504;3678FRB
00118C;01/01/1;SAJJFALG4BJ776574;WE11000
00119C;01/01/1;WF0BXXGCDB2Y29656;0557BTP
00120C;01/01/1;W0L0AHM758G111914;CARECE
00121C;01/01/1;W0L000073T4250312;MA8642BW
00122C;07/08/25;WF04XXWPD45M65603;2719DKR
00123C;01/01/1;W0L0TGF7552185159;1095DNV
00124C;01/01/1;WAUZZZ8E36A262760;6268DZY
00125C;17/09/25;WVWZZZ3AZTE223166;9836BLK
00126C;01/01/1;W0L0AHL4868129786;0340DZR
00127C;01/01/1;1C3H8E3D17Y563663;6923FPM
00128C;01/01/1;WBAUG51050PV08381;7928DKJ
00129C;01/01/1;WBAUG31090PU36640;1986DSM
00130C;01/01/1;KNEMB754266113938;2334FMD
00131C;01/01/1;VF7N1RHYB73271448;6074BTK
00132C;01/01/1;VSSZZZ6KZYR070193;S1173AP
00133C;01/01/1;WDB2030081A731124;GCJ043
00134C;01/01/1;VF1JK0HC629363702;HD103Y
00135C;01/01/1;VF7N0DHYF36830690;CO7647AW
00136C;01/01/1;VF1FC0JBFMA834419;5290840
00137C;01/01/1;ZFA19900000223727;9472FKM
00138C;01/01/1;W0L0ZCF6881039116;1999FZT
00139C;01/01/1;WVWZZZ1KZ6W177613;8329FBM
00140C;01/01/1;ZFA22300005481805;1980FPJ
00141C;01/01/1;WF0VXXGBFV3J67440;8312CMK
00142C;10/07/25;TMBJC75L8D6046315;6639HYR
00143C;15/07/25;VF7RCRHRG76615919;8286DGN
00144C;01/01/1;WDB1680091J948385;3096CJP
00145C;01/01/1;WVWZZZ1JZ3B017297;9441BYG
00146C;01/01/1;VSSZZZ6LZ8R028469;4274FTM
00147C;19/09/25;ZFA22000012735594;2235BCV
00148C;01/01/1;WF0MXXGCDM3P49370;8056DFZ
00149C;01/01/1;W0L0TGF4825064610;0882BRM
00150C;01/01/1;WF0AXXGAJAXU40435;MA1496CZ
00151C;01/01/1;WF0FXXWPDF1K51376;5984BRM
00152C;01/01/1;WAUZZZ8P16B008136;5021FDG
00153C;10/06/25;WVWZZZ1KZ6W177613;8329FBM
00154C;01/01/1;WAUZZZ4M3HD016449;6710KRT
00155C;01/01/1;WBAAM31040FM80966;0384GSS
00156C;01/01/1;XMCXNZ32A7F086407;3842FVT
00157C;01/01/1;VF1JM020532993058;5891DGN
00158C;01/01/1;ZFA18800000614315;2602JND
00159C;01/01/1;VF1BG0B0524955625;6667BLY
00160C;01/01/1;ZFA18700000341250;GR6539AX
00161C;01/01/1;VF7DCRHZB76435804;2831CNK
00162C;01/01/1;VF1LA0NM521511779;6730DDX
00163C;01/01/1;YV1TS793221282560;2426BZJ
00164C;01/01/1;W0L0TGF7532210607;CARECE
00165C;01/01/1;W0L0AHM75A2138274;5344GYK
00166C;01/01/1;JMZBK14Y281616021;6137FXB
00167C;01/01/1;KMHMH81VP1U093251;0351BPC
00168C;01/01/1;ZFA22300005430265;9748FCW
00169C;01/01/1;VF1G40BM521165806;GR4757AW
00170C;01/01/1;1GNDV33W48D143520;TDZ346
00171C;01/01/1;VSSZZZ6LZ4R051249;5881CNB
00172C;01/01/1;VSKDEVC23U0134816;MA6599DF
00173C;01/01/1;WDB2200751A019185;XNM683
00174C;01/01/1;VF7MFWJZF65692946;0712BPJ
00175C;01/01/1;WDB1680081J519328;2347CFY
00176C;01/01/1;WDB2030061A373173;9176BXJ
00177C;01/01/1;W0LFXB32S8M108230;6438GDT
00178C;01/01/1;VF1JA050526589216;CARECE
00179C;01/01/1;WMWME31090TU13811;3965GKZ
00180C;01/01/1;WBAEN12000PB30748;5650LPG
00181C;25/07/25;WV1ZZZ2KZBX223969;CARECE
00182C;01/01/1;VSSZZZ6KZ1R008881;MA6781DC
00183C;01/01/1;WAUZZZ8P97A100196;BD56FEH
00184C;24/07/25;W0L0XCF6844205644;CARECE
00185C;01/01/1;ZFA19900000077771;7181DXV
00186C;01/01/1;VF3GJRHYK95022006;6192CLB
00187C;21/07/25;WVWZZZ1JZ3B017297;9441BYG
00188C;01/01/1;KNEJC521535078816;9494CDR
00189C;01/01/1;VSSZZZ1MZ3R139731;4291CLC
00190C;01/01/1;WDB2084651T005132;4710DFN
00191C;01/01/1;KMHJN81VP5U121374;2304DHH
00192C;01/01/1;W0L0SDL0886020799;0437FZP
00193C;01/01/1;VF1DTEK0644078507;ONZ8100
00194C;01/01/1;VF1BR1F0H38086063;8075FRL
00195C;01/01/1;WBAMX11080C884153;RSG541
00196C;01/01/1;JSAERC71S00303221;7669FDP
00197C;01/01/1;VF32AKFXE40834790;MA1851DB
00198C;01/01/1;1C8GYB5505Y544545;3843DLK
00199C;01/01/1;VSSZZZ5FZER059559;8393JCC
00200C;01/01/1;VSSZZZ1PZ7R097855;6694FNZ
00201C;01/01/1;SB164ABK00E129475;M3538SW
00202C;01/01/1;KLASF48A13B021127;9446CDW
00203C;01/01/1;VF7DCRHZB76409421;7903CGX
00204C;01/01/1;TMBGF25J383194303;6594GDV
00205C;01/01/1;KL1CG26RJ8B217426;0812GCF
00206C;01/01/1;VF31CVJZE52045072;BI5659CG
00207C;01/01/1;;GR0547AZ
00208C;01/01/1;WDB2030401F714356;0247FTF
00209C;01/01/1;WAUZZZ8LZ1A029971;3287BNT
00210C;01/01/1;KLANF48614K991926;6009CVW
00211C;01/01/1;ZFA16900000012384;8627CMW
00212C;01/01/1;VSSZZZ5PZ5R079825;5498DJB
00213C;01/01/1;SJNFBAP12U0202937;7275DYW
00214C;01/01/1;VF7FC8HZC28754115;8179FFW
00215C;01/01/1;; BJ 077 TZ
00216C;01/01/1;KMHDC81TP8U018894;3956GND
00217C;01/01/1;WBAAT71050KU03007;7583DKW
00218C;01/01/1;WAUZZZ8P09A120159;4120GTJ
00219C;01/01/1;VF37AKFXE32011332;MA4342CD
00220C;01/01/1;WBAEV11060KK78575;4806FHH
00221C;01/01/1;WBALM31030E200808;8918KFF
00222C;01/01/1;W0L0SDL6874195457;7042FVJ
00223C;01/01/1;WF0BXXGCDB2R50753;9122CCZ
00224C;01/01/1;VF1JM0J0A30183837;1606CSP
00225C;01/01/1;WVWZZZ3CZ7E170505;3958LJJ
00226C;01/01/1;W0L0AHL3552113927;P2790BDK
00227C;01/01/1;SJNFBAK12U1297727;1311CYL
00228C;01/01/1;VSSZZZ1MZ4R122769;5786CVM
00229C;01/01/1;VF33CNFUB82257830;7527BRV
00230C;01/01/1;VF7N2DHYF36490718;M1614XM
00231C;01/01/1;WVWZZZ1JZ3B137765;0100CFT
00232C;01/01/1;XMCMNZ32A7F050478;8530GTK
00233C;01/01/1;WVWZZZ7MZ2V002657;4839JZJ
00234C;01/01/1;WDF63960313524987;0185JNZ
00235C;01/01/1;JSAFHY51S00154621;9835CNF
00236C;01/01/1;WMWSR32080T032414;YG6IYZS
00237C;01/01/1;W0L0SDL68A4207036;5356GVM
00238C;01/01/1;WF0AXXGBBATG37001;MA3907BX
00239C;01/01/1;WBAFB71090LC34650;3478DMF
00240C;01/01/1;SJNFDAN16U2645076;5880DTC
00241C;01/01/1;VF7XS9HUC64200595;9988GKL
00242C;01/01/1;SALME11454A153962;NH54YHY
00243C;01/01/1;KNEFC525155415019;7575DPD
00244C;10/10/25;UU1HSDJ9F57989802;7933KBW
00245C;01/01/1;W0L0XCE7534292281;9654CMF
00246C;01/01/1;MALAC51HP7M950347;5825FHT
00247C;01/01/1;UU1HSDCVE57419303;3763JXK
00248C;01/01/1;UU1HSDAC645498539;6155HFV
00249C;01/01/1;WF0HXXGAJH2J48599;0447BWN
00250C;01/01/1;WVWZZZ1HZPW209278;GR6490AC
00251C;01/01/1;KL1CG26RJ7B019466;9883FHD
00252C;01/01/1;WVWZZZ1JZWD112189;9820FXR
00253C;01/01/1;VF33A9HYB83759668;6777DCD
00254C;01/01/1;WAUZZZ4BZXN099251;GR3365AV
00255C;01/01/1;VF7LCRFJF74352131;8232DSV
00256C;01/01/1;KLATF696EYB590100;7885BJD
00257C;01/01/1;1C8FYN8U64T300118;4644HRL
00258C;01/01/1;WBAAL310X0JJ29110;8894BCL
00259C;01/01/1;KNEUP751246517372;1686CNZ
00260C;01/01/1;WF0BXXWPRBTY02048;MA4856BZ
00261CC;01/01/1;TMBDS41U188873127;7119GCZ
00262C;01/01/1;VF7LC9HXC74603650;3983FNK
00263C;01/01/1;W0L0AHL0885159135;DT289BM
00265C;01/01/1;VF0FXXWPDFYK62663;GR4814AY
00266C;01/01/1;VF1JMSE0638346288;4686FWB
03122R;29/07/25;WBAPB11010WB71110;6542DBK
03124R;12/03/25;VF7N2050002059548;GR5781AH
03125R;29/07/25;VF1KMR20533075547;72470DGM
03129R;29/07/25;WVWZZZ6NZXY309632;MA4354CT
03134R;12/03/25;1GMDU06G7RT325102;B2905P
03135R;29/07/25;SHHMB27300U001784;MA1805CH
03136R;12/03/25;VF7RCRHRH76772197;8018FGD
03149R;29/07/25;SJNFFAP12V2270013;0038DVH
03152R;12/03/25;ZLA84000001183653;PO9542BG
03153R;29/07/25;W0L0TGF75Y2196010;CA7440BP
03154R;29/07/25;W0L0XCE7534230894;2995CJB
03155R;29/07/25;TMBNS46Y123421750;6123BTG
03157R;12/03/25;VSSZZZ6KZYR150419;M2360ZK
03161R;23/12/24;VF3GWJYB96046716;9961CRT
03162R;28/03/25;WF0TXXTTPTAY66278;CXF401
03166R;12/03/25;VF1BB2DEF31498894;4127CVV
03170R;29/07/25;WME4513321K200014;DS948LZ
03171R;23/12/24;VF7GBWJYB94308024;1232FMK
03175R;28/03/25;ZFA17600000406795;5215FND
03176R;29/07/25;VF1B56W0523507561;
03177R;19/02/25;SJNEBAK11U0387669;M3016TG
03181R;29/07/25;WF0BXXGAJB2L00625;8478BSM
03186R;24/02/25;VSSZZZ6L27R027897;3528FDP
03189R;29/07/25;ZFA17600001242519;
03190R;29/07/25;ZFA14600008607859;
03192R;29/07/25;VSSZZZ1LZZD039115;MA5543BD
03193R;13/06/25;VF1BGRG0631830298;5676CXK
03194R;29/07/25;ZFA22300005409142;8592FBH
03198R;12/03/25;ZAR93700005133896;2350CWF
03199R;12/03/25;KLAVF69ZEWB091828;
03205R;12/03/25;VF7GCRHYB94249167;1364FCD
03206R;12/03/25;W0L0XCF6864100419;5181DTF
03209R;11/09/24;;BI116CM
03210R;29/07/25;WDB1260361A351248;5264SV64
03211R;29/07/25;WF05XXWPD55J76047;3977DFZ
03212R;29/07/25;WF0NXXWPDN4A77400;4612CZH
03213R;29/07/25;VF39U4HXG92214378;XH307H
03214R;29/07/25;SAJAA01NX2JM60227;SM
03215R;29/07/25;WF0AXXWPDAXU81328;M1059YK
03217R;29/07/25;YS3ED45E733026486;
03218R;29/07/25;ZFA19200000614092;
03219R;24/02/25;VF32AKFXE40982296;GR7630AY
03221R;29/07/25;WAUZZZ8L12A013432;6618BMX
03229R;13/06/25;ZFA22000012472030;TO7415AC
03230R;29/07/25;117162098;VLZ454
03231R;12/03/25;W0L0TGF4835175347;3886CHD
03233R;29/07/25;VF7N2F50004F59085;GR4008AS
03234R;13/06/25;JT172SC1100021834;0007FKZ
03235R;29/07/25;WBAUA72000VE68057;AK57XAN
03236R;29/07/25;WDB2093562F225207;CK07VHT
03239R;29/07/25;WF0KXXGBVKWB58825;O3492CH
03240R;29/07/25;VF37BNFZP33002173;M5068ZB
03241R;29/07/25;WWWZZZ38ZXP470426;M0217XM
03242R;29/07/25;W0L0XCF2584348844;SM
03243R;29/07/25;;GR0994AS
03245R;29/07/25;VF7DCRHZB76260587;5304BYR
03246R;29/07/25;VF7CHRHYB39529943;8281CHC
03247R;29/07/25;WBADF71040BS55078;9092CSF
03248R;12/03/25;VSSZZZ6KZ1R000967;5703BHN
03249R;29/07/25;VSE0SJJ5C00033971;GR4633AC
03250R;29/07/25;W0L0TGF4835127878;0972GKX
03251R;29/07/25;VF7ZCRMNB17300976;
03252R;29/07/25;WAUZZZ8P64A072210;2891CNL
03253R;29/07/25;VF1BB0A0F17946565;GR2920AS
03255R;29/07/25;VSSZZZ1MZYB069208;GR4917AX
03256R;29/07/25;VSSZZZ6KZ2R092488;9785BNN
03257R;29/07/25;VSSZZZ6KZXR000982;B4889UF
03258R;13/03/25;ZFA22000012887344;1308BPZ
03268R;29/07/25;VF7FC8HZC28716463;4774FDB
03269R;29/07/25;VSSZZZ1MZ1B055695;5360VYV
03325R;29/07/25;VF1JK0FAB32246108;SIN MATRICULA
03329R;29/07/25;VF7RERHRH76731721;4947DVT
03341R;29/07/25;1C4GHNSMOPU108976;BP3835BB
03342R;29/07/25;WF0LXXGBVLRJ25038;MA3675BN
03352R;29/07/25;WDB2030061A017390;9667HHH
03356R;29/07/25;WF0HXXWPJH8C18072;7580GFN
03357R;29/07/25;VF1BB0E0F20845063;341CA577
03369R;29/07/25;WE0AXXGBBAWJ64830;UJ52782
03397R;29/07/25;WVWZZZ9NZ4Y236391;2672CXD
03398R;29/07/25;W0LSD9EJ2C4264058;0812KPG
03408R;29/07/25;VF3GJWJYB95116451;6716DJL
03409R;29/07/25;VF7N0NFXF36969265;2551BBN
03414R;29/07/25;VSSZZZ5FZER029204;3347JNJ
03415R;29/07/25;WVWZZZ9NZ5Y178928;2017DTK
03420R;29/07/25;VF1BB0FCF28765121;7922CHM
03421R;29/07/25;VF32AWJYF41829449;0338BMS
03425R;29/07/25;WAUZZZ8E15A003151;5495CYH
03427R;29/07/25;03 0 72 17;GR8568C
03428R;29/07/25;KLA0M11CD3C859897;2109CFK
03429R;29/07/25;VSS028A0000475660;MA5244BJ
03430R;29/07/25;WCGZZZ1TZ5W062872;WZ192A
03431R;29/07/25;VF7DCRHZB76356909;6680CDM
03442R;29/07/25;VSSZZZ5PZ7R015103;4336FGZ
03443R;29/07/25;KMXXNE1CPYU372841;GR1277AY
03444R;13/06/25;KLA0M11CD4C950380;0509CSH
03456R;29/07/25;SAXXWYWTPAD566316;T8314AJ
03457R;29/07/25;W0L0TGF7552087619;7930DND
03460R;29/07/25;WF04XXGBB41C25326;7935BRB
03464R;29/07/25;WF0NXXWPDN3M21608;3065CSV
03465R;29/07/25;ZAR93700005098123;7313CHV
03466R;29/07/25;ZFA18700000542631;8066BBM
03467R;29/07/25;WF0SXXGBWS7Y32556;RMN777
03474R;29/07/25;VF37A9HTCBN508833;1154HBY
03491R;29/07/25;KLA4M00CD4C026271;9999CYP
3105R;12/03/25;VF32ARHYE41111357;0553BBF
3106R;23/12/24;VF3BZRHXB86001108;8650CGF
3107R;12/03/25;WF0AXXGAJAXK74561;GR5137AU
3108R;29/07/25;VF33H9HYB83865689;7112DCP
3109R;29/07/25;VSSZZZ1PZ7R096760;2820FST
3110R;29/07/25;WDD1690061J500818;DR763VS
3111R;29/07/25;VF1KT0J0639454646;DT198XV
3112R;13/06/25;ZFA17900013333901;B2490TH
3113R;29/07/25;WF0NXXWPDN3S66375;6002CMN
3114R;29/07/25;VF1JZ0B0643504523;6852GXR
3115R;24/02/25;W0L0TGF7512233030;6797BMX
3116R;12/03/25;VF7LC5FWC74903975;5703GKC
3117R;29/07/25;VWASBFTL053811805;5674DJC
3118R;29/07/25;WWWZZZ1JZYB042405;B7748VY
3119R;28/03/25;WF03XXGCD34Y19861;2132DFR
3120R;29/07/25;WVWZZZ9NZ8Y060300;3523FXV
3121R;29/07/25;WF04XXGBB4YY59518;8996BCL
3123R;13/06/25;JTHFN48Y100023962;SM
3126R;28/03/25;W0L0XCF2584246602;9867LKY
3127R;29/07/25;W0L0XCF0844374958;6012CXN
3128R;29/07/25;W0LSD9EG2C4062969;4293HJZ
3130R;27/05/24;VSK0KP260U0494066;MA2092AX
3131R;29/07/25;VF1JMRG0634186253;8225DNV
3132R;13/06/25;ZFA18800004600408;5271CDY
3138R;12/03/25;JACUBS69GN7100653;T4300AH
3139R;13/06/25;WF0HXXTTPH3Y12865;0119CLV
3140R;12/03/25;VF7MBWJZF65480105;46VPXF
3143R;29/07/25;VF1FLAHA61V377704;AR273ZV
3144R;29/07/25;W0L0XCF6834065355;9370CGL
3145R;29/07/25;VF34C9HXC55177447;6283GFP
3147R;29/07/25;VSSZZZ6KZ1R238520;2361BKB
3148R;12/03/25;VF7CH9HXC25874304;2151FFV
3156R;12/03/25;SJNFAAP12U0232465;8752DJX
3159R;29/07/25;WF0KXXGCBKDC66891;FE63GMZ
3160R;12/03/25;VF1BBRBEF30237402;BE221MS
3165R;29/07/25;3D4PG5FY2AT221823;4366HCG
3167R;13/06/25;VSSZZZ6KZVR200939;B7607TH
3168R;29/07/25;VSSZZZ1MZXB001914;GR8585AT
3172R;29/07/25;JN1TCNT31U0037930;1445GHJ
3173R;13/03/25;WF05XXGCD56A79178;2798FTM
3180R;12/03/25;VF38BRHZF81483411;AK869GT
3182R;12/03/25;KNEFE242255097571;0416DHS
3183R;29/07/25;UU1BSDEKK42843970;1854GVY
3187R;29/07/25;MAT414005YNL00672;GR7771AW
3191R;29/07/25;WF0MXXGCDM3P47621;9343CSC
3216R;29/07/25;1G6KY5294VU840991;0016CMB
3222R;29/07/25;KPTG0B1FS5P187830;1506DSG
3226R;29/07/25;MPATFS85H7H537296;3339FPN
3227R;29/07/25;VS7VDPG0059PG1109;GR7884AC
3228R;12/03/25;VS5B37200J0014585;B1938JG
3305R;29/07/25;MAT4140532NL01563;5028CDY
3310R;29/07/25;VF37CD9B231050984;T1219AS
3311R;29/07/25;VF1JA0B0527587922;5085CCT
3312R;12/03/25;WF0AXXWPDAXC20970;MA8474CP
3313R;29/07/25;WVWZZZ1JZ3W047947;2081BZK
3324R;29/07/25;VF1KG0G0625589006;346CQM77
3328R;29/07/25;VSSZZZ6LZ2R022005;1591BWB
3345R;12/03/25;VF1CB0FCF26155785;2768BSK
3346R;29/07/25;ZAR93700003279279;4643DJY
3347R;29/07/25;WVWZZZ1KZ5P095327;9154KFH
3348R;29/07/25;VF1BG4AB635013918;8419DTV
3349R;29/07/25;VF7N1WJZF36823875;GR2587AX
3350R;29/07/25;JMZBJ14P201310062;0539BKB
3353R;29/07/25;WV2ZZZ70ZMH083696;MA9240BC
3360R;29/07/25;VF1EMRG0634617035;2339DRC
3361R;29/07/25;WAUZZZ8DZYA183569;7629CNP
3367R;29/07/25;WDB1241261C114258;5498BMZ
3368R;29/07/25;VF7GJRHYK93136265;8501CSX
M0001C;01/01/1;;
M0002C;01/01/1;;
M0003C;01/01/1;XMH3SH081000012502;0569KCK
M0004C;01/01/1;;
M03433;31/10/22;ZAPCO600000174662;531
M03448;07/11/22;DGM524310M6P001303;502
M03484;15/11/22;JKABN125AADA22337;457
M03486;07/11/22;RFGHV12WY8S001595;236
M03505;05/11/22;ZD3BS4020V0500805;581
M03508;07/11/22;VGAG1AA0000004143;583
M03513;07/11/22;VTHAL1A1A3G207716;586
M03514;05/11/22;VGAV1AAAA0J034678;587
M03515;05/11/22;ZD4VBB0037S008432;588
M03517;07/11/22;TSYTEJ4A1GC722634;590
M03518;31/10/22;LBBK231077B211868;595
M03523;07/11/22;RFGAV12WY8X056714;600
M03526;22/11/22;;
M03528;07/11/22;VGAG1AA0000012040;
M03534;31/10/22;VGAA1AAAA00039220;
M03550;07/11/22;VGAS1C00A00005517;
M03552;07/11/22;VGAS1A00A00046725;
M03553;07/11/22;VGAG1AAE000300988;
M03567;31/10/22;VTLSA226000008892;
M03576;07/11/22;TSYTAB2016C710423;
M03585;26/10/22;LBBT1302XGB704387;
M03626;07/11/22;VGAS1A01000002057;
M03642;07/11/22;RFBSC10AS61012588;
M03643;07/11/22;NSKD7E087MF001P00;
M03645;07/11/22;TSYTEJ5826C653915;
M03650;07/11/22;LAEAGZ4807B992520;
M03652;07/11/22;VGAS1B00A00023000;
M03654;07/11/22;ZJM44000044077330;
M03657;07/11/22;VGAK1AAAA0J005746;
M03658;07/11/22;VGAS1AAGA00366186;
M03659;07/11/22;VGAS1A00A00029580;
M03669;07/11/22;RFGHF12WX55000985;
M03684;07/11/22;LBBB13008CB249849;
M03685;07/11/22;VA4B24001FB584547;
M03686;07/11/22;;
M03732;07/11/22;VTL5AD00000556645;
M03733;07/11/22;VTL5AD00000542182;
M03739;07/11/22;JS1AY111100F04309;
M03751;03/11/22;RFBSC10AW62801486;
M04709;07/11/23;ZAPC3810300007165;C2392BTS
M04710;23/10/24;VGAV1AAAA0J025687;C1156BVF
M04711;23/10/24;ZDCJF10A04F099414;5807FPL
M04712;31/07/23;LPRSE031003302568;6519CLY
M04718;23/10/24;ZAPC0600000178589;C4192BKC
M04719;07/11/23;VTLSA226000009231;C5064BNL
M04720;23/10/24;V659E681000020359;
M04721;25/07/25;RKRSE591000016412;7773JHD
M04722;23/10/24;LBPRE071000003913;5316GPY
M04723;23/10/24;ZD4RBH001AJ000704;
M04724;10/10/24;Z0CJF90A0LF020986;8530LPJ
M04725;23/10/24;JYAVP161000001885;3784DTP
M04726;03/06/24;RVBV2100061510058;4465HFN
M04963;23/10/24;MH3SEC71000018353;9186KJJ
M05563;07/05/24;;
M05981;12/08/25;MLHJF28A3A5017355;8066HBG
M05982;12/08/25;ZAPM3620000011086;8744DDT
M05987;12/08/25;ZDCJF10A04F089861;0242DYK
M05996;12/08/25;VTMMC26D01E054389;2452CHJ
M05997;12/08/25;ZDCJF14A07F174453;2609FTT
M06002;12/08/25;ZDCJF17A08F057385;5201GHN
M06012;12/08/25;ZD4VB00266S002953;1823FRB
M06013;20/09/25;ZAPM4530000028742;924/9
M06014;12/08/25;JYASJ061000006944;924/8
M06015;12/08/25;VTLSE068000010911;7308GMY
M06016;12/08/25;ZDCJF68B0KF117389;9523LDV
M06017;12/08/25;ZAPM3630000017208;2464DFH
M06018;12/08/25;VTMHF05900E006117;MA7590BF
M06019;20/09/25;ZDCJF83A0KF025145;5278LBB
M06020;12/08/25;RLCSEH21000002362;9903LRD
M06021;12/08/25;ZAPM6210000001088;9326GLD
M06022;12/08/25;VTLSE021003200592;MA3939CM
M06023;12/08/25;RFBV41000E1501823;2828JCN
M06024;12/08/25;ZAPM3410001009333;8459DPV
M06025;12/08/25;RFBS4001481100578;9245GFH
M06026;12/08/25;VGAJ2ABAA70040495;8134FLW
M06027;12/08/25;ZD4VB00004S002455;4635DMB
M06056;12/08/25;LBMC25E00A4016753;C6686BVG
M06060;12/08/25;VTTAP171100103563;4179FGB
M06072;12/08/25;ZDCJF10A04F102518;2588FTD
M06073;12/08/25;ZD4SP00203S003403;8589CRD
M06074;12/08/25;;3039GKV
M903421;23/10/24;ZAPM4510100007445;524
M903422;10/07/23;JS1CJ122100102910;63
M903423;26/06/23;SC125E3077215;509
M903424;16/06/23;RP8M89100FV100600;510
M903425;11/07/23;ZAPM4910000001901;526
M903426;14/07/23;LBB17400XEB492266;481
M903427;14/07/23;RP8M79100DV003341;522
M903428;10/07/23;JYARJ071000028120;529
M903429;19/06/23;ZAPTA130000002049;533
M903430;14/07/23;LBMC4450000010744;527
M903431;23/10/24;RFGHA12AX7V602832;528
M903432;27/03/23;LBBT82006CB285727;532
M903434;14/07/23;LC2C2000082600279;534
M903435;23/10/24;JH2PC35A8XM009094;535
M903436;19/06/23;JYAVE011000001391;445
M903437;23/10/24;ZDCJC22A0WF204628;476
M903439;23/10/24;ZECPC3BE08F088331;536
M903442;23/10/24;ZAPM2300005006430;540
M903443;23/10/24;ZDMM502AA9B021073;438
M903444;23/10/24;UTMJC26A0VET00061;541
M903445;23/10/24;ZDCJF57A0FF037080;542
M903446;23/10/24;WB1013302EZZ73861;443
M903447;08/06/23;WB10175A84ZL33682;537
M903449;12/07/23;ZAPM2840D01006153;482
M903450;14/07/23;JH2MC29U8SM000485;440
M903451;15/03/24;NMHJC27A0WJ300378;306
M903452;23/10/24;ZDCAF49B0WF010089;435
M903453;05/06/23;VTMMC26D0YE040775;437
M903454;23/06/23;JH2PF01AX6K100213;544
M903455;29/06/23;9C2MC35A04RG04098;381
M903456;07/07/23;478TE25U834201289;303
M903457;26/04/23;DGM535540M0001975;32
M903458;23/10/24;ZD4PBA1001S017517;548
M903459;23/10/24;ZD4TD00236S001227;546
M903460;23/10/24;ZDCPC39C04F013185;430
M903461;23/06/23;MW8DL32AZJJ103520;538
M903462;23/10/24;ZAPC2700000013132;547
M903463;11/07/23;RFBU3000081618813;539
M903464;23/10/24;WB101610XT0485912;551
M903465;03/12/22;VGAS1B00BC0099527;549
M903466;20/03/23;VTMAF37E01E065672;523
M903467;07/07/23;ZDCKF12A05F038259;543
M903468;07/07/23;AZDVKF02A0YF05260;130
M903469;25/01/23;ZDCJF09A03F050781;488
M903470;10/07/23;RF3AB12W0H0004665;155
M903471;23/10/24;JH2PD06980M000319;473
M903472;23/10/24;ZAPC0400000075605;561
M903473;23/12/22;RFBT8100061003027;511
M903474;05/06/23;KM4MJ54A9A1500536;512
M903475;10/07/23;JS1GN77A000507459;513
M903476;03/07/23;JYA4PWS08SA014198;119
M903477;14/07/23;RFBR2000151101167;449
M903478;26/06/23;VTMAC14A0VE001607;150
M903479;22/06/23;ZJM46000046012427;106
M903480;10/07/23;ATTSS12A000521278;501
M903481;29/06/23;JH2RC36910M200360;342
M903482;10/07/23;VTL4BAS00NA000730;508
M903483;23/06/23;VTLSE321000047265;8996GHF
M903485;19/12/22;LXMAY122YGX040851;564
M903487;05/05/23;ZD4MM0200VS102499;563
M903488;23/10/24;ZD4SE00002S100794;521
M903489;07/02/23;;421
M903490;01/06/23;JYARJ021000005046;GR1598AS
M903491;07/06/23;DGM537430M0012576;566
M903492;23/10/24;JS1A5121200101183;335
M903493;09/07/24;JYADJ021000005525;444
M903494;14/07/23;JH2PC40C89K200866;448
M903495;04/10/23;KMYSAJBBAL1000589;387
M903496;10/03/23;VTLSA22X000012372;565
M903497;24/01/23;VG55BR00003592296;453
M903498;23/10/24;VTLRA031000016641;297
M903499;23/10/24;ZD4PKA0002S007386;575
M903500;01/06/23;ZAPC4210000011423;571
M903501;19/06/23;VGAS1C00A00001425;573
M903502;11/07/23;ZAPC2500007016141;574
M903503;23/10/24;ZAPC4210600002094;576
M903504;18/07/23;ZD4TLA0016S001511;577
M903506;14/07/23;VGALW2CAAFS023223;578
M903507;21/04/23;ZD4TLA0085S002783;580
M903509;08/04/23;VGAS1A00A00048722;579
M903510;31/10/23;VTL3THS00NA069665;582
M903511;21/01/23;ZAPC2500009015486;584
M903512;14/07/23;LC2U6200171200320;586
M903516;14/07/23;MLHJF28A6A5016183;589
M903519;11/07/23;LBMC25C0900015811;596
M903520;23/10/24;VGAG1AAP000503020;597
M903521;10/07/23;VTTAA811D00110169;598
M903522;23/10/24;JS1AX111100105027;599
M903524;14/07/23;RFBSC10AW52800504;591
M903525;23/10/24;ZAPM2300004510888;593
M903527;11/03/23;VTHAL1A1A3G201667;601
M903529;05/04/23;VGAA1AAAA00038696;
M903530;19/06/23;JYARJ025000026328;
M903531;23/10/24;ZAPC3710000004767;
M903532;14/07/23;VGAS1A00A000E2290;
M903533;23/10/24;;
M903535;19/06/23;VGAS1CADA00310509;
M903536;23/10/24;ZAPM4210000007248;
M903537;13/05/23;ZD4MDE100XS007650;
M903538;23/10/24;ZD4MKA100VS000912;
M903539;23/10/24;LBMC25C0300069833;
M903540;23/10/24;ZDCJF64A0HF035244;
M903541;14/07/23;ZAPC1400003069268;
M903542;18/07/23;ZD4MD0000TS057380;
M903543;11/07/23;ZAPC2500004007308;
M903544;23/10/24;ZAPC2500009015366;
M903545;31/05/23;ZAPC2500009014268;
M903546;08/02/23;ZAPC2500009024257;
M903547;11/07/23;RFBU3000051811492;
M903548;18/07/23;ZD4MZG100WS011982;
M903549;23/10/24;VGAS1B00B00065362;
M903551;11/03/23;VTHATL0AA1G182489;
M903554;21/06/23;CPRSE081000010010;
M903555;23/10/24;ZDCPC38E04F005786;
M903556;09/02/23;TSYTABMN17B022221;
M903557;23/10/24;ZAPC1100000039637;
M903558;03/06/23;KMYGZ50GFKX019617;
M903559;03/06/23;KMYGZ50GFK1040832;
M903560;23/06/23;VTHSR2A2B5H296167;
M903561;08/02/23;JKBKX085BBA008045;
M903562;11/07/23;ZAPC3810300007495;
M903563;11/07/23;ZAPM6810000028568;0615HLV
M903564;29/06/23;VTMDD02900E101803;
M903565;19/06/23;VGAS1C00A00055914;
M903566;31/05/23;VGAS1CAGA00365607;
M903568;23/10/24;ZAPC3200002015371;
M903569;29/06/23;JH2MF06A01K000349;
M903570;14/07/23;ZJKYY00106C009008;
M903571;19/12/22;RFGHU05WX5S002100;
M903572;01/06/23;ZDCAF49C0WF503068;
M903573;20/12/22;ZAPC1300003010427;
M903574;29/06/23;VTMAF3780KE041988;
M903575;10/07/23;ABTSEJL97MB042929;
M903577;10/07/23;VTTER111100121600;
M903578;23/10/24;VTTBP111100130557;
M903579;10/07/23;JD1�G111100107460;
M903580;07/07/23;VTLSA22V000013714;
M903581;01/06/23;VTHSEHD0BYH131230;
M903582;25/02/23;0CA1GA1123085J170;
M903583;23/10/24;VTTCA1TA000513355;
M903584;23/10/24;ZAPC1400000012496;
M903586;11/07/23;ZAPC0400000042053;
M903587;10/07/23;MH8DE1111G0109096;370
M903588;20/05/23;VTLSG121000008752;
M903589;23/10/24;ZD4TFA0055S000223;
M903590;15/05/23;RFBV21000E1520013;
M903591;26/04/23;DGM537430M0043534;
M903592;05/04/23;LC2C41000H1006099;
M903593;02/01/24;KMYSABBLSBC004308;
M903594;12/06/23;JY4�M01Y94C052503;
M903595;18/07/23;KMYBA4BLS7C300393;
M903596;24/02/23;ZAPM4430200003945;
M903597;11/07/23;ZAPC3810200003788;
M903598;25/05/23;KMYSA5BLSC1009306;
M903599;10/07/23;RFGHA12AX7V604063;
M903625;18/07/23;LLCLSN2A661000444;
M903627;01/06/23;VGALW4CKAMS007094;
M903628;14/07/23;ZAPM0400000105265;
M903629;08/06/23;ZAPC3810100029278;
M903630;12/07/23;ZAPM6910000005773;
M903631;29/06/23;ZDCJF12A05F032564;
M903632;29/06/23;ZDCNF02A07F020302;
M903633;14/07/23;LWBJF31A1B1002516;
M903634;23/10/24;VGAG1AAP000500565;
M903635;23/10/24;APRILIALE081P0081;
M903636;14/07/23;ZAPM0400000113637;
M903637;14/07/23;ZAPC1600000016302;
M903638;23/10/24;DGM535630M0012214;
M903639;19/12/22;VTTAA811D00105549;
M903640;11/07/23;ZAPCZ500007009504;
M903641;13/06/23;LBMC5010000017039;
M903644;21/04/23;VGAVIAAAA0J015361;
M903646;23/10/24;ZAPM3630000016160;
M903647;14/07/23;LBMC4470000003930;
M903648;11/03/23;VTHATI0AAXG124506;
M903649;20/06/23;VG5SEE61000026063;
M903651;08/04/23;RFBU3000041601822;
M903653;06/03/23;VGAFE052000064902;
M903655;19/06/23;ZD4PKA000YS003592;
M903656;23/10/24;ZAPC0100000015921;
M903660;23/10/24;ZAPC2500007014744;
M903661;23/06/23;VTLSE321000048887;
M903662;11/07/23;ZAPM5210100004211;
M903663;10/07/23;JS1BW111100135536;
M903664;14/07/23;ZAPC1600000103157;
M903665;03/02/23;RFBS3001141601354;
M903666;11/07/23;ZAPC1900000056444;
M903667;16/06/23;LWBJF19A5A1102030;
M903668;15/06/23;VG5SA051003013452;
M903670;11/07/23;LBMC25E00A4027013;
M903671;24/01/23;VG55BR00003591164;
M903672;14/07/23;RFVS3001151602790;
M903673;23/10/24;LBMC25E00F4083315;
M903674;14/07/23;ZAPM0400000007494;
M903675;18/07/23;ZD4RLB100YS103502;
M903676;11/07/23;LBMC25C0400046268;
M903677;18/07/23;ZD4MZ0200VS000157;
M903678;13/06/23;ZAPC2900002029459;
M903679;11/03/23;VTHAL1A1A3B206308;
M903680;24/06/24;007�GTUKNH5INJHGG;
M903681;14/07/23;VTL5AD10000501022;
M903682;14/07/23;LC2C20000B2600855;
M903683;01/06/23;MH3SEC71000035924;5207KWX
M903687;18/07/23;ZD4MD0000VS061667;
M903688;06/02/23;VG5SA092003007122;
M903689;14/07/23;JH2PC35F36M704660;
M903690;06/02/23;JYARM042000030514;
M903691;14/07/23;LAEAGZ4808B234399;
M903692;23/10/24;LAEAG24808B282171;
M903693;14/07/23;VGAS1A00A00038580;
M903694;03/12/22;F121390000278357B;
M903695;23/10/24;ZD4SB000284001551;
M903696;08/06/23;VTHATL0AAYG157055;
M903697;19/12/22;VTTAA811D00111678;
M903698;18/07/23;ZD4MZC300VS006898;
M903699;23/10/24;ZD4MZG100X9014325;
M903701;23/10/24;ZD4SCA0102S100460;
M903702;23/10/24;VTTCA1JA000563949;
M903703;10/07/23;VTTBP111100109193;
M903704;14/07/23;VGALW2AAAAS001225;
M903705;07/06/23;VGAS1A10000007673;
M903706;01/06/23;VGAH2AB0050305757;
M903707;01/06/23;VGAS1B00A00021843;
M903708;14/07/23;VGAAGAAAA0C004576;
M903709;07/06/23;VGAS1A00000022274;
M903710;07/06/23;VGAS1A01000007017;
M903711;03/12/22;LAEAGZ4808B982516;
M903712;23/10/24;VGAS1B00B00070578;
M903713;19/12/22;VGAA2ABJB30001002;
M903714;17/10/23;VGAA1AABA00052429;
M903715;14/07/23;VGAS1A01000007125;
M903716;23/10/24;VGAS1A01000003552;
M903717;08/05/23;IEIEIEIEKENKDKDNN;
M903718;07/02/23;VGAL1ACCA000B3990;
M903719;07/02/23;VGAL1ACCA00080270;
M903720;01/06/23;VGAJ2AAAA60005641;
M903721;01/06/23;ZAPM4430200003878;
M903722;11/07/23;ZAPC3810200003788;
M903723;14/07/23;ZAPC1600000145825;
M903724;23/10/24;ZAPC3810100014283;
M903725;23/10/24;ZAPM4430200003945;
M903726;01/06/23;ZAPC3820000015046;
M903727;01/06/23;ZAPC3810000020917;
M903728;23/10/24;ZAPC3830000021162;
M903729;01/06/23;ZAPC3810100097724;
M903730;01/06/23;ZAPC3810100012172;
M903731;14/07/23;ZAPC1600000099244;
M903734;10/07/23;VTL5AD00000507154;
M903735;10/07/23;VTL5AD00000561149;
M903736;10/07/23;VTL5AD00000517819;
M903737;10/07/23;VTL25152000015554;
M903738;08/02/23;VG5SA051003007051;
M903740;23/10/24;ZAPC0600000100671;
M903741;11/07/23;LBMC25C0500061667;
M903742;14/07/23;ZAPM4210000007579;
M903743;08/02/23;VGAS1A00000019116;
M903744;01/06/23;KMYSA4BLS5C002724;
M903745;18/07/23;KMYBA4BLS4C000545;
M903746;10/07/23;VYL5AD10000502896;
M903747;24/04/23;VG55BR00003523527;
M903748;25/05/23;RFGAPA301FS002622;
M903749;18/07/23;KMYBA4BLS6C007022;
M903750;01/06/23;RFBD81000DI502056;
M903752;14/07/23;RFBR3000071001247;
M903753;18/07/23;KMYVL125FKY008014;
M903754;18/07/23;ZD4LY0200VS002124;
M903755;07/07/23;KMYGZ50GFKX021243;
M903756;23/10/24;ZD4MZG100XS023727;
M903757;18/07/23;ZD4RLB10016125551;
M903758;18/07/23;ZD4VFD0004S000735;
M903759;21/04/23;ZD4MKA100VS000938;
M903760;08/02/23;VTHAL1A1A3G205501;
M903761;17/07/23;ZAPC4250100004282;
M903762;14/07/23;ZAPC3810000024142;
M903763;11/07/23;ZAPC3830000001987;
M903764;23/10/24;ZAPM1900001031364;
M903765;23/06/23;VTLSG162000038953;
M903766;23/10/24;ZDCJF47A00F012956;
M903767;09/02/23;KMYBA4BL55C003606;
M903768;18/07/23;VTYPREDABYG140240;
M903769;21/04/23;VTHBR1A1AA4003614;
M903770;14/07/23;VTTAA611F00103128;
M903771;25/11/22;ZJM64000064005287;
M903772;14/07/23;DGM534590M0050610;
M903773;08/04/23;RFBS300PI5T602299;
M903774;22/05/23;KMYSABBLDEC009866;
M903775;09/02/23;LBBT100137B235553;
M903776;25/11/22;KMYSA4B1S5C002160;
M903777;28/06/23;ZDCMF05A02F045558;
M903778;23/10/24;JH2MF08B65K003834;
M903779;23/10/24;ZD49P002X5S003364;
M903780;20/06/23;ZD4SPD0086S002074;
M903781;14/07/23;LC2V60050B2400199;
M903782;11/07/23;ZAPC2900000015210;
M903783;11/07/23;ZAPC1800003009602;
M903784;14/07/23;ZAPC3810000013599;
M903785;23/10/24;ZAPC2200000049484;
M903786;19/06/23;ZD4SP00215S003382;
M903787;07/07/23;JH2RC62A6CK001080;
M903788;10/07/23;JS1BV111100102188;0982DMY
M903794;13/06/23;VTL5AD10000500745;
M903798;20/01/23;V655BR00003530627;
M903939;23/10/24;ZDCJF07A04F080807;
M903940;05/06/23;VTHATL0ABYG154281;
M903941;14/07/23;VGALW2CAAGS041513;
M903942;23/10/24;JH2JF03�XTK005651;
M903943;23/10/24;ZAPC2900002012147;
M903944;23/10/24;ZDCAF40D0YF185525;
M903945;12/06/23;JYARJO31000005262;
M903946;23/10/24;ZDCJF64A0HF002008;
M903947;14/07/23;ZAPC4250000016253;
M903948;11/07/23;ZAPC4210000005404;
M903949;23/10/24;ZAPC3810100028810;
M903950;23/10/24;ZAPC3810000007030;
M903951;07/07/23;JH2MF02A4TK001870;7696FHR
M903952;23/10/24;ZAPC1300003068099;6352BKX
M903953;10/03/23;ZAPC4610000027257;1182BTJ
M903954;01/06/23;ZDCAF49D0WF010852;3949BHZ
M903955;02/02/23;ZAPC2500009012659;3707BRR
M903956;17/06/23;ZAPC2500007015951;
M903957;10/03/23;VTLSA22X000003963;0533BSP
M904179;23/10/24;LNMC25C0X00031189;C7661BTD
M904180;14/07/23;ZAPC1600000091616;C1419BLX
M904181;23/02/23;ZAPCQ600000101706;
M904182;01/06/23;VTTNA11C000507889;C4742BMR
M904183;29/06/23;ZDCJF14A06F072795;7258FDV
M904184;23/10/24;RLHJK03A9MZ005153;5243LSP
M904185;11/07/23;ZAPM3860000013720;
M904186;14/07/23;ZX6000D0206400065;
M904187;23/10/24;VTLSE321000030878;
M904188;23/10/24;ZDCJF07A05F092751;3248DLY
M904189;23/10/24;VGALW2AAABS004004;0652HDD
M904190;01/06/23;ZAPM3630100014203;
M904191;24/02/24;DGHS0128DM0100245;GRI5049
M904192;08/03/23;LC2WT0010G2004904;
M904193;14/07/23;LWBJF19A581001919;2606GDH
M904194;14/07/23;VGA42500000007415;1670BRH
M904195;23/10/24;ZAP503000000062B7;7800BJD
M904196;11/07/23;RFBU30000C1622411;
M904197;23/10/24;PC149000445890032;M-JG9755
M904198;23/10/24;JYA4BRS06PA079073;
M904199;03/07/24;LBPRE054000002399;4944JDF
M904200;23/10/24;VTHPREDABWG092439;C3944BGD
M904201;23/10/24;VTPRS204D00623411;2255BTZ
M904202;23/10/24;ZD4TLA0026S002389;C3839BST
M904203;11/07/23;ZAPM3810200002328;4960FGT
M904204;23/10/24;RFBT90000A1902268;9882GVY
M904205;11/07/23;ZAPC3710000004469;C6893BPY
M904206;23/10/24;JH2MF08B67K101412;6633GKV
M904207;23/10/24;ZDCPC38E06F080264;1098DTP
M904208;18/07/23;;
M904209;10/07/23;LBPRE331000010992;6914KXH
M904210;10/07/23;MH3SE931000020009;5745JRS
M904211;02/01/24;KMYBA1BLS7C301785;5710FWJ
M904212;23/10/24;ZAPM2300003515089;4819DFG
M904213;18/07/23;;
M904240;28/11/23;KMYBA4BLS6C009225;0567FFN
M904241;29/07/25;Z04SP002235S00173;1885DNV
M904242;13/06/23;TE61T0177416;15616
M904243;21/04/23;TSYPEJ2G16B001382;6116DZB
M904260;23/10/24;VGALW1AJA0S056475;C2138BWK
M904262;23/10/24;KM4MF52B781500641;3758FXV
M904266;08/04/23;ZAPC0600000203555;C9879BPK
M904267;08/06/23;RFBS8001061901558;C7471BSS
M904284;16/06/23;ZAPM3120000011910;1829CNN
M904293;23/10/24;ZAPM4410000004696;6580DLG
M904307;14/07/23;ZDCJF47A0DF017630;2555HXG
M904308;23/10/24;;C9031BVZ
M904324;23/10/24;RFBS4001491104406;3091GZT
M904326;23/10/24;3VD023963;1882DPY
M904330;23/10/24;RFBS4001491102662;9019GTD
M904332;23/10/24;ZAPM3810200002881;5695FHF
M904333;01/06/23;VTLSE021003203508;6891CWZ
M904344;23/10/24;LPR4NB00000600467;MA2179BZ
M904346;23/10/24;ZAPC3810100042783;C3030BTK
M904380;23/10/24;ZDCJF57A0FF022452;5851JFN
M904381;23/10/24;JS1B2111100112370;1453DPB
M904393;23/10/24;LBBJ83007FB579607;4173JHX
M904394;14/07/23;LBBT13021EB475613;9956JGW
M904397;10/07/23;VTTBP111100130556;3978DXP
M904398;19/06/23;VGAS1CADA00355777;C0079BSN
M904399;21/06/23;KM4MJ51A011200307;1007BFL
M904400;23/10/24;ZDPSBA00XG4004897;C9363BVZ
M904402;23/10/24;ZAPM3660100001284;5400FSG
M904403;23/10/24;ZAPM2300005010814;1001FCS
M904404;23/10/24;LBMC4470000005602;C4772BVN
M904408;23/10/24;LBMM5310000003316;0292FWF
M904409;23/10/24;LC2C30000G1600102;MZK451
M904410;21/06/23;VTMMC2600YE040775;MA7111CX
M904414;21/06/23;RFBA1001061100896;C3233BTR
M904415;11/07/23;97C11959;SE8449BB
M904416;21/06/23;VTLSA22X000001467;C2995BRM
M904417;23/10/24;RFBS40014E1107886;1347HZD
M904418;18/07/23;VTHLR1A1AA0001072;C2317BVF
M904420;23/10/24;ZAPC3810000013123;C0998BPM
M904421;03/07/23;ZAPM3810000021919;5399DSC
M904422;11/07/23;ZD4SE00115S000608;C6218BRM
M904423;14/07/23;VGAS1AADA00201809;C6250BPT
M904424;21/06/23;RFLMH05206A002278;C6040BTC
M904425;10/07/23;JS1AN111100115710;
M904426;12/11/23;JS1BW111100135982;8743DWJ
M904427;14/07/23;RP8M79100DV006045;7361HYB
M904428;23/10/24;ZAPC2700003001722;C0193BSL
M904429;30/08/24;2C22338;
M904430;10/07/23;ZAPC0600000204821;C3145BPV
M904431;18/07/23;ZD4PBA1002S028332;C6159BNT
M904483;01/06/23;KMYSA2BLS4C002218;7164DBW
M904494;01/06/23;VGAK1AAAA0L019251;C3738BVM
M904495;18/07/23;ZD4PC0000YS101135;0820BBF
M904496;23/10/24;ZD4SG0007A4002346;4474GYK
M904497;21/06/23;VTP1SF2522;C3021BKL
M904498;23/10/24;JYAVM041000007902;6361DZF
M904516;10/07/23;VTLSA227000001925;C2477BNW
M904517;21/06/23;GM51A112376;M5291LX
M904521;21/06/23;VTL5AD00000521353;C3157BPL
M904522;23/10/24;LPRSE031001105031;9384BWD
M904530;01/06/23;;7166GPC
M904531;21/06/23;4TD207052;C0090BBN
M904532;26/06/23;GN72A109977;
M904533;21/06/23;RLCSED51000006711;0736KLT
M905564;23/10/24;;
M905565;23/10/24;;
M905566;23/10/24;JH2RC55A78K015123;
M905567;23/10/24;;3302FGT
M905570;23/10/24;;8898MBP
M905573;23/10/24;;
M905578;04/06/24;;9859JJS
M905581;23/10/24;ZDCJF90A0NF056033;8668LYP
M905582;04/06/24;ZAPC1500000166214;C5819BNC
M905583;23/10/24;RFBU3000061609856;C6409BSK
M905584;23/10/24;MLESEC24000015477;8158LBS
M905585;23/10/24;VTTAA111100112317;C6043BNG
M905586;23/10/24;ZD4TLA0004S009162;C7876BRH
M905587;23/10/24;ZDCJF12A09F084414;3491GRT
M905588;23/10/24;JKALX125CCDA02712;
M905589;23/10/24;;7125HLX
M905590;23/10/24;VG5SA461000016937;WI5575
M905591;23/10/24;;
M905592;23/10/24;J6031405NAK013001;GB-626-XQ
M905593;23/10/24;JYASG048000015986;2386CRX
M905594;23/10/24;MLHJC34AX55125045;
M905595;23/10/24;VTTAR151100103900;7388DGT
M905596;23/10/24;JH2J016A2WK602996;
M905597;23/10/24;VTLSE066000023546;0584DLG
M905647;23/10/24;ZAPM2700004007196;9558CZN
M905674;23/10/24;ZHPM3660100007213;
M905675;23/10/24;RFBSC10AS61000544;C5434BJG
M905676;23/10/24;VTLSE066000031290;6813DVN
M905677;23/10/24;ZD4PGA0001S028662;C8210BMF
M905678;23/10/24;ZDCJF83A0KF029142;2397KZP
M905679;23/10/24;VTTBP111100121642;3263DZF
M905680;23/10/24;ZAPC3200000018272;
M905681;23/10/24;JYASJ051000003710;6142GGK
M905682;23/10/24;JS1B5112100106020;1175DKJ
M905683;23/10/24;VG5SH121000004350;PE68WRL
M905684;23/10/24;ZD4VB00217S009231;3064GNW
M905685;23/10/24;ZD4SPD0006S000576;
M905686;23/10/24;JS1BU111200100383;
M905687;23/10/24;;2439DDL
M905688;23/10/24;ZDCAF49C0WF503086;C1964BHY
M905689;23/10/24;;
M905690;23/10/24;ZAPM4520000024046;7785GRF
M905851;23/10/24;WB10234087ZR03229;
�;23/09/25;;
